{"type":"FeatureCollection","features":[{"type":"Feature","properties":{"name":"Ethiopia","orig":"Ethiopia","pop_m":130.0,"basin_share":33},"geometry":{"type":"Polygon","coordinates":[[[34.070698,9.454592],[34.066892,9.531176],[34.098208,9.67972],[34.221921,10.02603],[34.280832,10.080109],[34.303466,10.113544],[34.305017,10.124603],[34.301606,10.148994],[34.301813,10.160285],[34.304603,10.165634],[34.314215,10.175452],[34.317419,10.181266],[34.325894,10.223563],[34.32486,10.268651],[34.276181,10.488715],[34.271737,10.530082],[34.279489,10.565506],[34.365582,10.685783],[34.404235,10.759835],[34.420048,10.780816],[34.437308,10.795673],[34.557818,10.877787],[34.574768,10.884143],[34.587067,10.879285],[34.708093,10.774072],[34.737445,10.755391],[34.750674,10.743945],[34.756979,10.728804],[34.752948,10.698728],[34.754395,10.684129],[34.764834,10.680254],[34.772895,10.688263],[34.786228,10.718985],[34.798527,10.729656],[34.815373,10.73131],[34.827569,10.72777],[34.838524,10.72914],[34.85134,10.745753],[34.857334,10.763556],[34.857438,10.775674],[34.861572,10.787586],[34.879762,10.804613],[34.933816,10.845308],[34.950662,10.869183],[34.95831,10.903418],[34.952832,10.91843],[34.92317,10.939928],[34.913558,10.952976],[34.914282,10.963957],[34.980324,11.155263],[34.984148,11.186398],[34.971436,11.206888],[34.953969,11.226112],[34.944254,11.253242],[34.947148,11.274868],[35.073135,11.54896],[35.076856,11.568649],[35.074375,11.587356],[35.053498,11.628077],[35.046263,11.648644],[35.048124,11.68952],[35.040579,11.727399],[35.041199,11.747604],[35.048227,11.771376],[35.059079,11.79587],[35.072722,11.818866],[35.088018,11.838193],[35.126672,11.862946],[35.148556,11.871229],[35.215555,11.896588],[35.245734,11.929867],[35.247802,11.939634],[35.248379,11.957858],[35.248525,11.962475],[35.251419,11.971725],[35.260411,11.980407],[35.297824,12.001594],[35.317358,12.023712],[35.32604,12.047483],[35.335962,12.102312],[35.353738,12.14603],[35.361283,12.157347],[35.371102,12.165512],[35.392909,12.176726],[35.403348,12.185097],[35.412546,12.198636],[35.41544,12.211142],[35.418127,12.238996],[35.428772,12.266953],[35.616875,12.575151],[35.625866,12.585124],[35.634445,12.588587],[35.653772,12.590034],[35.662453,12.593651],[35.672375,12.604296],[35.675992,12.614528],[35.677439,12.625225],[35.684261,12.650753],[35.684054,12.656076],[35.687671,12.659228],[35.70137,12.665421],[35.702761,12.66605],[35.728392,12.67437],[36.029976,12.717158],[36.038451,12.717468],[36.050647,12.715452],[36.057261,12.712145],[36.063049,12.707908],[36.072144,12.70305],[36.099429,12.69566],[36.115035,12.70181],[36.123614,12.721447],[36.143251,12.832551],[36.143044,12.856942],[36.138703,12.871851],[36.115346,12.911719],[36.114415,12.933889],[36.125991,12.950968],[36.140874,12.96554],[36.149865,12.980242],[36.149555,12.988821],[36.146351,12.997373],[36.138393,13.013315],[36.136946,13.032436],[36.233581,13.36164],[36.382099,13.571033],[36.391298,13.599352],[36.394812,13.655938],[36.398429,13.67604],[36.439942,13.776176],[36.458167,13.820139],[36.455376,13.870007],[36.438013,13.919952],[36.432535,13.944499],[36.432122,13.969924],[36.436566,13.991214],[36.52638,14.263523],[36.545707,14.263162],[36.553045,14.282773],[36.565654,14.292927],[36.5825,14.296751],[36.603791,14.29732],[36.61764,14.300446],[36.648543,14.31458],[36.668593,14.317784],[36.713655,14.317784],[36.72213,14.320057],[36.738357,14.329798],[36.748072,14.332072],[36.816388,14.332072],[36.848531,14.327783],[36.913746,14.309024],[36.946923,14.304735],[36.952814,14.300963],[36.970901,14.27683],[36.978859,14.27112],[36.986714,14.266831],[36.995395,14.264092],[37.005627,14.263162],[37.011518,14.265074],[37.026091,14.27683],[37.034256,14.277502],[37.052446,14.275331],[37.060197,14.27683],[37.072703,14.285305],[37.083452,14.297733],[37.090997,14.314218],[37.093787,14.335173],[37.094407,14.35915],[37.097818,14.379511],[37.105879,14.399226],[37.121072,14.420826],[37.149701,14.441936],[37.184221,14.449558],[37.258221,14.448111],[37.280029,14.45545],[37.293775,14.457439],[37.318166,14.43713],[37.33708,14.426356],[37.374907,14.373026],[37.390203,14.358169],[37.394027,14.350081],[37.395474,14.335173],[37.394957,14.312383],[37.397748,14.301738],[37.412217,14.293599],[37.452628,14.260578],[37.456969,14.254609],[37.464307,14.235825],[37.469371,14.210813],[37.475366,14.199574],[37.488182,14.194897],[37.498517,14.193088],[37.508749,14.188127],[37.5165,14.180557],[37.519498,14.170997],[37.520634,14.145443],[37.525285,14.128829],[37.535724,14.11684],[37.553707,14.105497],[37.564973,14.116685],[37.601043,14.200917],[37.658507,14.335173],[37.721242,14.481753],[37.785631,14.632183],[37.85064,14.783879],[37.891464,14.879532],[37.908828,14.864727],[37.92092,14.847519],[37.94004,14.81088],[37.944381,14.80734],[37.954096,14.806255],[37.95761,14.802844],[37.958127,14.798762],[37.957817,14.788194],[37.958437,14.785093],[37.962261,14.777859],[37.964432,14.771193],[37.968772,14.766387],[37.980038,14.764552],[37.989856,14.757317],[37.992027,14.749514],[37.99275,14.740755],[37.998435,14.730911],[38.006703,14.7244],[38.115223,14.681017],[38.13331,14.677762],[38.190258,14.687322],[38.213925,14.685875],[38.229325,14.679725],[38.239557,14.667555],[38.245841,14.652474],[38.247825,14.647712],[38.252683,14.62022],[38.257644,14.610427],[38.267152,14.601771],[38.278831,14.595467],[38.28927,14.587741],[38.295678,14.574874],[38.305186,14.536917],[38.313351,14.519347],[38.32503,14.504594],[38.340636,14.492682],[38.394276,14.464312],[38.402338,14.456871],[38.409056,14.43527],[38.41443,14.426304],[38.426832,14.417183],[38.435204,14.416305],[38.443679,14.418656],[38.492978,14.418294],[38.569356,14.426821],[38.606563,14.436484],[38.668471,14.467723],[38.688005,14.467103],[38.706195,14.46116],[38.724385,14.459403],[38.742885,14.461056],[38.761902,14.465449],[38.821537,14.489478],[38.866082,14.493664],[38.884582,14.506247],[38.917552,14.535703],[38.959203,14.554642],[38.979667,14.567122],[38.993826,14.585157],[38.996823,14.60358],[38.995273,14.622261],[38.996823,14.638901],[39.009742,14.651226],[39.011189,14.647763],[39.04695,14.643758],[39.075475,14.637402],[39.0855,14.633475],[39.107308,14.620116],[39.127461,14.602211],[39.144721,14.581566],[39.158467,14.560146],[39.187509,14.477205],[39.20818,14.440179],[39.233191,14.440438],[39.254999,14.474415],[39.268538,14.48643],[39.293446,14.490305],[39.347603,14.481805],[39.36662,14.482916],[39.448579,14.505111],[39.489403,14.524489],[39.50718,14.547821],[39.515035,14.56782],[39.532295,14.567587],[39.552138,14.556684],[39.567331,14.544307],[39.587692,14.520278],[39.59379,14.514567],[39.599474,14.511648],[39.650944,14.496584],[39.677712,14.494233],[39.722985,14.501717],[39.735073,14.503715],[39.766906,14.504775],[39.796878,14.495111],[39.824473,14.478135],[39.87708,14.433616],[39.892273,14.426562],[39.911186,14.42341],[39.93072,14.428784],[39.961519,14.454209],[39.979812,14.458731],[39.999839,14.455238],[40.023221,14.45116],[40.037483,14.451522],[40.086886,14.465759],[40.104559,14.465966],[40.194373,14.444649],[40.237678,14.427441],[40.277055,14.404574],[40.353687,14.335241],[40.421646,14.273755],[40.479834,14.244403],[40.585874,14.19469],[40.614089,14.185802],[40.704419,14.173219],[40.772322,14.148362],[40.833197,14.105962],[40.93779,13.989922],[41.043623,13.872488],[41.121345,13.738181],[41.192038,13.615863],[41.222217,13.586614],[41.357093,13.502278],[41.530726,13.393783],[41.635525,13.309344],[41.7118,13.247926],[41.750764,13.208316],[41.784767,13.164572],[41.8166,13.112792],[41.894321,12.94797],[41.946617,12.876166],[42.024649,12.82697],[42.0817,12.803922],[42.137304,12.77333],[42.184949,12.733048],[42.250165,12.623985],[42.33171,12.515465],[42.379459,12.465907],[42.319205,12.386377],[42.288715,12.321006],[42.155494,12.142257],[42.140301,12.105826],[42.132343,12.093475],[42.108778,12.082106],[42.097719,12.070169],[42.057308,11.996271],[41.97468,11.88091],[41.936386,11.827445],[41.925327,11.816437],[41.911477,11.805947],[41.897525,11.799384],[41.886259,11.796025],[41.877784,11.790134],[41.872203,11.775871],[41.862282,11.763056],[41.823007,11.746106],[41.808228,11.736236],[41.792415,11.704455],[41.778669,11.628645],[41.74911,11.537953],[41.749834,11.483383],[41.775672,11.368429],[41.787971,11.259727],[41.785594,11.067388],[41.779289,11.024677],[41.761306,10.996203],[41.766523,10.989466],[41.773811,10.980054],[41.79872,10.970675],[41.916852,10.947059],[41.920262,10.941943],[41.922846,10.936026],[41.928841,10.931065],[41.937522,10.929825],[41.942793,10.933546],[41.947341,10.938532],[41.954162,10.941271],[42.0108,10.943597],[42.038395,10.950444],[42.069401,10.981501],[42.096272,10.990261],[42.151359,10.996203],[42.202726,10.98455],[42.221639,10.984344],[42.235179,10.987703],[42.270835,11.003516],[42.279414,11.004394],[42.297294,11.003774],[42.305872,11.004601],[42.338532,11.015504],[42.361166,11.011887],[42.376669,11.006668],[42.391758,11.005893],[42.413256,11.015944],[42.479712,11.059119],[42.569732,11.086146],[42.608145,11.089088],[42.615621,11.08966],[42.686521,11.073046],[42.710395,11.072116],[42.729619,11.06501],[42.754837,11.010544],[42.771787,10.996462],[42.794111,10.991604],[42.835452,10.987444],[42.860153,10.980416],[42.873279,10.978246],[42.888059,10.983568],[42.898084,10.995687],[42.908109,11.004187],[42.923715,10.998787],[42.911313,10.977367],[42.901185,10.936595],[42.893536,10.919671],[42.876793,10.905744],[42.834832,10.888406],[42.819432,10.872567],[42.811578,10.85262],[42.80765,10.83611],[42.801242,10.820788],[42.785636,10.804406],[42.749876,10.775829],[42.738094,10.759784],[42.728585,10.735496],[42.718973,10.694852],[42.711635,10.675163],[42.699646,10.65855],[42.680216,10.647672],[42.660269,10.641625],[42.647247,10.63222],[42.64859,10.611033],[42.668537,10.56623],[42.695202,10.524708],[42.750393,10.471636],[42.765792,10.451947],[42.776644,10.42461],[42.78946,10.333324],[42.808167,10.269116],[42.836279,10.208086],[42.862324,10.177158],[42.958235,10.115559],[42.981903,10.091633],[42.999887,10.061971],[43.012599,10.029286],[43.020764,9.996419],[43.039884,9.949988],[43.067686,9.922522],[43.104273,9.907923],[43.149852,9.899991],[43.187214,9.883326],[43.206334,9.851209],[43.235273,9.691787],[43.248812,9.652332],[43.270671,9.628354],[43.297698,9.621533],[43.305966,9.617554],[43.315578,9.607658],[43.325086,9.585902],[43.331753,9.575076],[43.341364,9.566394],[43.361518,9.553165],[43.370665,9.544225],[43.393351,9.49893],[43.399449,9.480947],[43.401981,9.447409],[43.406322,9.42865],[43.419034,9.413018],[43.471227,9.382012],[43.548225,9.336072],[43.566829,9.334315],[43.59122,9.343591],[43.60724,9.344625],[43.621502,9.336899],[43.698449,9.267162],[43.78759,9.186701],[43.914921,9.071489],[43.984788,9.008314],[44.023855,8.985525],[44.104057,8.959222],[44.192217,8.930283],[44.280377,8.901396],[44.368537,8.872457],[44.456697,8.843544],[44.544753,8.814605],[44.633017,8.785718],[44.721073,8.756779],[44.809233,8.72784],[44.89729,8.698928],[44.985553,8.67004],[45.073558,8.641153],[45.16177,8.612137],[45.249878,8.583276],[45.33809,8.554414],[45.426147,8.525476],[45.51441,8.496537],[45.598436,8.468425],[45.682358,8.440313],[45.766384,8.412227],[45.850203,8.384115],[45.934126,8.356003],[46.018049,8.327891],[46.101919,8.299727],[46.185894,8.271641],[46.269816,8.243555],[46.353842,8.215469],[46.437713,8.187357],[46.521687,8.159245],[46.605713,8.131133],[46.689532,8.102969],[46.773558,8.074909],[46.857377,8.046745],[46.920526,8.025609],[46.97923,7.996567],[47.068114,7.996516],[47.210586,7.996516],[47.36608,7.996516],[47.52359,7.996516],[47.653918,7.996516],[47.836697,7.996516],[47.979169,7.996567],[47.930593,7.949697],[47.881811,7.902826],[47.833183,7.855956],[47.784659,7.809137],[47.736032,7.762215],[47.687507,7.715396],[47.638932,7.668525],[47.590252,7.621655],[47.541676,7.574836],[47.532388,7.565864],[47.493101,7.527914],[47.444525,7.481043],[47.395949,7.434173],[47.347373,7.387302],[47.298797,7.34038],[47.250118,7.293509],[47.201439,7.246691],[47.152863,7.19982],[47.104287,7.153001],[47.055608,7.106079],[47.007032,7.059208],[46.95856,7.012286],[46.909984,6.965467],[46.861408,6.918597],[46.812729,6.871675],[46.764101,6.824882],[46.715577,6.777985],[46.667001,6.731115],[46.618425,6.684244],[46.598065,6.664633],[46.55321,6.621457],[46.508406,6.578308],[46.488046,6.558645],[46.466963,6.538292],[46.423915,6.496736],[46.362937,6.43426],[46.302062,6.371731],[46.240981,6.309228],[46.179899,6.246726],[46.118818,6.184223],[46.057839,6.12172],[45.99681,6.059192],[45.935986,5.996689],[45.828706,5.879513],[45.721426,5.762337],[45.614146,5.645057],[45.518477,5.540564],[45.506865,5.527881],[45.399585,5.410704],[45.292356,5.293476],[45.185024,5.176248],[45.077744,5.059072],[45.0209,4.99688],[45.020642,4.99688],[44.941525,4.911484],[44.912586,4.899392],[44.858378,4.902544],[44.806546,4.905541],[44.754766,4.908565],[44.702883,4.911562],[44.651104,4.914507],[44.59922,4.917505],[44.596808,4.917643],[44.547441,4.920476],[44.495557,4.923473],[44.443726,4.926445],[44.391998,4.929468],[44.340115,4.932439],[44.288335,4.935488],[44.236452,4.938485],[44.184672,4.941431],[44.132789,4.94448],[44.081009,4.947451],[44.029126,4.950448],[43.968975,4.953962],[43.932284,4.945203],[43.845158,4.914352],[43.815186,4.907479],[43.716484,4.884793],[43.640519,4.867353],[43.528485,4.841566],[43.459342,4.808829],[43.346997,4.755654],[43.232792,4.701497],[43.119259,4.647702],[43.03544,4.578895],[42.960406,4.517374],[42.952551,4.507581],[42.945936,4.496858],[42.9325,4.463217],[42.914724,4.393299],[42.899634,4.361104],[42.870195,4.328171],[42.868938,4.326765],[42.831628,4.302322],[42.78977,4.285605],[42.718663,4.273487],[42.568285,4.247856],[42.415013,4.221707],[42.297294,4.201734],[42.221846,4.200959],[42.13534,4.200081],[42.102887,4.19189],[42.068367,4.174553],[42.011833,4.129491],[41.941243,4.086212],[41.923466,4.070554],[41.916645,4.051098],[41.917472,4.020453],[41.912201,4.007974],[41.898455,3.996915],[41.885019,3.977226],[41.835927,3.94945],[41.791381,3.958157],[41.747353,3.981412],[41.699811,3.996915],[41.657436,3.972704],[41.642967,3.969449],[41.628704,3.972084],[41.602246,3.983065],[41.586329,3.984151],[41.506231,3.964384],[41.479773,3.962938],[41.429543,3.948882],[41.317405,3.942422],[41.215293,3.936608],[41.162996,3.94268],[41.114524,3.962343],[41.070082,3.996915],[41.0059,4.086677],[40.979751,4.110758],[40.963628,4.12037],[40.915879,4.136648],[40.897689,4.145924],[40.887354,4.156052],[40.870611,4.186981],[40.846013,4.214989],[40.785758,4.25584],[40.763744,4.284933],[40.700699,4.243515],[40.6175,4.211605],[40.511873,4.171064],[40.382682,4.121377],[40.376998,4.116081],[40.371106,4.099932],[40.365732,4.094867],[40.286874,4.067453],[40.185588,4.032158],[40.182797,4.032003],[40.1798,4.03283],[40.176803,4.034535],[40.167191,4.035465],[40.166261,4.031486],[40.166984,4.025259],[40.162437,4.019394],[40.117168,3.996915],[40.020223,3.950122],[39.93413,3.908703],[39.848451,3.867284],[39.828297,3.842583],[39.80866,3.790287],[39.780755,3.71657],[39.764218,3.685745],[39.745098,3.660579],[39.666447,3.588723],[39.600818,3.528907],[39.574979,3.497901],[39.553172,3.431316],[39.536325,3.405013],[39.504389,3.403333],[39.488473,3.413901],[39.480928,3.42726],[39.475657,3.440799],[39.466976,3.452013],[39.436176,3.462374],[39.311326,3.466094],[39.320525,3.484543],[39.315874,3.494904],[39.302748,3.495679],[39.296338,3.49199],[39.257583,3.469686],[39.219445,3.468704],[39.180481,3.476998],[39.090441,3.518334],[39.077542,3.524256],[39.06793,3.526582],[39.010466,3.514464],[38.994963,3.514257],[38.979977,3.519812],[38.963234,3.522086],[38.921272,3.513999],[38.895227,3.513585],[38.82071,3.533739],[38.722008,3.560404],[38.703715,3.570429],[38.688108,3.586294],[38.66103,3.621951],[38.661443,3.615336],[38.6601,3.601306],[38.660306,3.594459],[38.601912,3.59867],[38.596641,3.602133],[38.595608,3.607507],[38.593747,3.61084],[38.579588,3.605311],[38.57411,3.604561],[38.561088,3.606008],[38.547135,3.609522],[38.543208,3.615388],[38.541244,3.623294],[38.533182,3.632828],[38.514269,3.648512],[38.508998,3.650812],[38.499386,3.64691],[38.497319,3.63859],[38.498146,3.629676],[38.496906,3.62394],[38.445953,3.601668],[38.389935,3.596888],[38.283068,3.608902],[38.176925,3.620917],[38.145609,3.618437],[38.114087,3.610608],[38.101891,3.612649],[38.078843,3.632673],[38.048974,3.641846],[38.036158,3.648926],[38.020759,3.667167],[37.995334,3.707914],[37.976731,3.72644],[37.945931,3.746232],[37.846196,3.810337],[37.751008,3.871522],[37.647758,3.937874],[37.556084,3.996889],[37.475056,4.048979],[37.360954,4.122204],[37.263492,4.184888],[37.166031,4.247545],[37.111874,4.282298],[37.105983,4.283848],[37.099988,4.283693],[37.094821,4.284882],[37.091617,4.290256],[37.086449,4.312477],[37.082522,4.322166],[37.075907,4.33108],[37.068466,4.333458],[37.048415,4.331959],[37.041077,4.336817],[37.025367,4.363275],[37.015652,4.370587],[36.974828,4.37994],[36.903721,4.415778],[36.844087,4.432237],[36.651333,4.430583],[36.648857,4.43118],[36.642962,4.432599],[36.628182,4.441461],[36.619501,4.443373],[36.463025,4.440169],[36.277196,4.436449],[36.264277,4.438206],[36.246087,4.446991],[36.236268,4.449652],[36.225726,4.4496],[36.19131,4.444924],[36.045325,4.443716],[36.041345,4.443683],[36.018401,4.449135],[35.99711,4.462959],[35.958352,4.496858],[35.940472,4.508046],[35.933755,4.52218],[35.934065,4.539207],[35.937062,4.559258],[35.936028,4.578533],[35.922799,4.602072],[35.920835,4.619332],[35.784513,4.764181],[35.760018,4.805728],[35.751647,4.854356],[35.755884,5.063439],[35.760949,5.076332],[35.799189,5.124624],[35.807354,5.144674],[35.807147,5.165267],[35.798259,5.189271],[35.778415,5.22715],[35.775315,5.24658],[35.782033,5.26986],[35.809111,5.309109],[35.80415,5.318023],[35.749373,5.339158],[35.683641,5.379595],[35.658319,5.386417],[35.639819,5.382076],[35.621939,5.373782],[35.598168,5.368743],[35.57388,5.375332],[35.530782,5.410084],[35.508044,5.423417],[35.490164,5.428042],[35.469287,5.430755],[35.448203,5.430755],[35.430219,5.427215],[35.408205,5.412565],[35.367484,5.368046],[35.344953,5.352362],[35.320769,5.348719],[35.302372,5.357374],[35.287489,5.374092],[35.254623,5.425923],[35.250695,5.435147],[35.251832,5.447369],[35.258964,5.458143],[35.267645,5.468556],[35.27364,5.479873],[35.269299,5.491785],[35.261961,5.511887],[35.22341,5.542996],[35.143312,5.58966],[35.098663,5.622474],[35.088225,5.64175],[35.079543,5.699782],[35.06528,5.726447],[34.984355,5.841014],[34.974433,5.863106],[34.972676,5.876257],[34.974537,5.887239],[34.977741,5.898659],[34.979911,5.912844],[34.97681,5.924032],[34.960377,5.941706],[34.955313,5.952558],[34.955726,5.964211],[34.95924,5.975502],[34.969782,5.996689],[34.967964,6.008131],[34.959447,6.061724],[34.951489,6.08118],[34.934436,6.102368],[34.915522,6.119705],[34.898882,6.13867],[34.879969,6.187634],[34.844725,6.248689],[34.839764,6.268688],[34.839041,6.327599],[34.832633,6.353541],[34.792739,6.421676],[34.784264,6.44183],[34.776099,6.499449],[34.753878,6.556423],[34.743543,6.596808],[34.733518,6.637606],[34.726593,6.641947],[34.714501,6.655667],[34.709643,6.674012],[34.703545,6.684916],[34.635539,6.729823],[34.618486,6.736541],[34.596679,6.739202],[34.553994,6.739254],[34.53632,6.743078],[34.524745,6.752871],[34.517924,6.793824],[34.516683,6.798062],[34.512136,6.808268],[34.511102,6.814314],[34.513273,6.815296],[34.522575,6.821781],[34.524745,6.824572],[34.523298,6.844183],[34.519061,6.861649],[34.512343,6.876842],[34.503661,6.89002],[34.439169,6.934875],[34.297575,6.968568],[34.294475,6.972237],[34.287653,6.975286],[34.280729,6.980092],[34.275665,6.997403],[34.270807,7.003398],[34.229879,7.03337],[34.219957,7.046134],[34.213756,7.051974],[34.206005,7.054506],[34.198253,7.064376],[34.195773,7.086959],[34.195773,7.09774],[34.195773,7.129023],[34.190915,7.149539],[34.181407,7.167212],[34.167764,7.175377],[34.151124,7.167471],[34.132417,7.163388],[34.113194,7.177548],[34.085909,7.211499],[34.04002,7.247259],[34.033612,7.250256],[34.031132,7.255372],[34.030615,7.3487],[34.02369,7.382445],[34.006534,7.409936],[33.882407,7.536079],[33.852538,7.553545],[33.842099,7.555922],[33.821429,7.558403],[33.811507,7.560987],[33.761071,7.598142],[33.729445,7.642119],[33.71606,7.657156],[33.706552,7.661859],[33.675029,7.670851],[33.647744,7.688627],[33.637202,7.691315],[33.572297,7.685217],[33.550851,7.691315],[33.540361,7.698911],[33.526511,7.717101],[33.516796,7.726093],[33.506823,7.73095],[33.488477,7.73617],[33.479537,7.743146],[33.462329,7.749502],[33.436491,7.748572],[33.393289,7.739735],[33.384401,7.735446],[33.359803,7.719272],[33.347142,7.718961],[33.29159,7.733069],[33.273503,7.749192],[33.257794,7.767434],[33.242394,7.780715],[33.233919,7.783195],[33.201467,7.788156],[33.172941,7.799628],[33.164518,7.801127],[33.132117,7.793944],[33.126949,7.791567],[33.120851,7.783299],[33.107519,7.785211],[33.085401,7.794978],[33.058323,7.797975],[33.051295,7.801127],[33.047677,7.807277],[33.044629,7.816423],[33.040753,7.824846],[33.023493,7.835078],[33.015018,7.850633],[32.9898,7.917244],[32.993572,7.928148],[33.006801,7.942462],[33.007569,7.944058],[33.012021,7.953314],[33.016775,7.958327],[33.021633,7.965251],[33.026077,7.986284],[33.031141,7.996309],[33.043853,8.013465],[33.100594,8.071033],[33.106589,8.08049],[33.111343,8.090644],[33.11341,8.099093],[33.117544,8.104158],[33.147516,8.109067],[33.164776,8.117051],[33.177282,8.127102],[33.185137,8.14108],[33.187824,8.160898],[33.184723,8.166247],[33.171081,8.175962],[33.16798,8.181362],[33.16829,8.195392],[33.169944,8.205495],[33.173975,8.21459],[33.181623,8.225726],[33.190511,8.232419],[33.199865,8.235519],[33.206893,8.240738],[33.208288,8.253683],[33.194852,8.259239],[33.185757,8.26451],[33.178419,8.275672],[33.171391,8.283113],[33.164363,8.292777],[33.161159,8.304585],[33.163123,8.312052],[33.171804,8.330888],[33.174078,8.343058],[33.172321,8.34652],[33.163329,8.352954],[33.161159,8.356106],[33.161882,8.361506],[33.166843,8.368276],[33.16798,8.372823],[33.167877,8.389722],[33.16953,8.397421],[33.174078,8.404475],[33.187824,8.411038],[33.202913,8.414113],[33.210355,8.420779],[33.207358,8.426593],[33.206427,8.430572],[33.23516,8.455635],[33.25273,8.458167],[33.361353,8.434293],[33.370862,8.437393],[33.384608,8.448013],[33.392101,8.451862],[33.400162,8.452638],[33.413133,8.449718],[33.480519,8.45765],[33.489924,8.462921],[33.490338,8.466513],[33.484757,8.474006],[33.505117,8.474884],[33.521964,8.465324],[33.537053,8.453206],[33.552143,8.446824],[33.57116,8.450131],[33.585371,8.458115],[33.600099,8.463955],[33.620407,8.460699],[33.651672,8.434499],[33.671309,8.400289],[33.695545,8.372875],[33.74102,8.367087],[33.751872,8.368793],[33.756213,8.370136],[33.797658,8.405612],[33.808096,8.412614],[33.824116,8.419487],[33.840859,8.423983],[33.875172,8.427936],[33.931706,8.428143],[33.95031,8.433207],[33.970774,8.445377],[34.069579,8.533615],[34.090249,8.556507],[34.103169,8.579322],[34.107251,8.601531],[34.11185,8.626555],[34.097473,8.915836],[34.083096,9.205117],[34.070698,9.454592]]]}},{"type":"Feature","properties":{"name":"South Sudan","orig":"South Sudan","pop_m":12.0,"basin_share":100},"geometry":{"type":"Polygon","coordinates":[[[35.920835,4.619332],[35.856536,4.619603],[35.781222,4.619922],[35.778439,4.678338],[35.739402,4.681127],[35.711518,4.661608],[35.705939,4.619962],[35.705846,4.619447],[35.705812,4.61926],[35.700365,4.589111],[35.61214,4.619497],[35.610641,4.620014],[35.610201,4.620812],[35.562607,4.707137],[35.52218,4.780461],[35.570836,4.904313],[35.49564,4.926429],[35.396117,4.926429],[35.433715,5.003836],[35.411598,5.030376],[35.333563,4.987281],[35.263419,4.948545],[35.245726,4.98172],[35.176189,4.955564],[35.094298,4.924761],[35.00272,4.890314],[34.920829,4.859511],[34.844751,4.830895],[34.763589,4.800366],[34.666277,4.76498],[34.598159,4.73092],[34.529156,4.696419],[34.459674,4.660609],[34.381188,4.620158],[34.280109,4.520061],[34.179133,4.419912],[34.078157,4.319841],[33.977078,4.219692],[33.896049,4.138353],[33.813677,4.056033],[33.701901,3.944076],[33.606196,3.848087],[33.532609,3.774293],[33.527716,3.771431],[33.490648,3.749746],[33.447343,3.744372],[33.286526,3.752537],[33.19542,3.757059],[33.164466,3.763053],[33.143486,3.774086],[33.01724,3.87718],[32.997241,3.885526],[32.979568,3.879196],[32.9189,3.83416],[32.840352,3.794291],[32.756429,3.769022],[32.599281,3.756283],[32.415571,3.741297],[32.371801,3.731065],[32.187782,3.61916],[32.175948,3.605595],[32.174863,3.59265],[32.179203,3.556864],[32.178997,3.541361],[32.175929,3.527234],[32.174552,3.520897],[32.16799,3.512242],[32.155846,3.511776],[32.093007,3.524463],[32.076161,3.53317],[32.060864,3.548958],[32.054226,3.559572],[32.041537,3.57986],[32.030168,3.585932],[32.022236,3.58642],[31.943662,3.591255],[31.93002,3.59836],[31.923095,3.615284],[31.920046,3.661302],[31.916274,3.680267],[31.901908,3.704297],[31.830697,3.783879],[31.80703,3.803722],[31.801107,3.806472],[31.780985,3.815815],[31.777884,3.816435],[31.775714,3.810699],[31.696132,3.721273],[31.68683,3.712824],[31.668537,3.70502],[31.564771,3.689802],[31.547201,3.680991],[31.535522,3.666444],[31.53452,3.665563],[31.523739,3.656083],[31.505446,3.659855],[31.377702,3.729308],[31.29502,3.774189],[31.255745,3.786669],[31.214818,3.792354],[31.167585,3.792405],[31.141489,3.785119],[31.104408,3.756175],[31.077668,3.735303],[31.068677,3.731737],[31.04966,3.727991],[31.040358,3.724218],[31.009559,3.699775],[30.995968,3.693522],[30.985788,3.692127],[30.965996,3.692618],[30.955505,3.689001],[30.944447,3.679286],[30.939382,3.668408],[30.936282,3.656858],[30.931734,3.645102],[30.865692,3.548958],[30.843781,3.505911],[30.839543,3.490202],[30.827658,3.511105],[30.837683,3.562678],[30.823214,3.580429],[30.792105,3.592702],[30.779082,3.602598],[30.772261,3.617558],[30.76916,3.651845],[30.765129,3.661716],[30.746939,3.674867],[30.731333,3.663498],[30.714642,3.64381],[30.693351,3.63195],[30.665394,3.632053],[30.653767,3.630606],[30.636455,3.624095],[30.604932,3.60668],[30.592427,3.603528],[30.572635,3.601047],[30.562248,3.601358],[30.553463,3.60451],[30.543024,3.612907],[30.543438,3.617868],[30.549329,3.624095],[30.55491,3.636394],[30.562248,3.675332],[30.562868,3.694866],[30.53889,3.84155],[30.525247,3.867543],[30.515532,3.87085],[30.505507,3.869765],[30.495482,3.867078],[30.48587,3.865579],[30.465716,3.866096],[30.456828,3.867595],[30.418949,3.879713],[30.33792,3.927875],[30.270948,3.94945],[30.205887,3.95038],[30.189351,3.95609],[30.182116,3.965521],[30.180462,3.97565],[30.180359,3.986218],[30.178085,3.997096],[30.171574,4.00818],[30.147493,4.036654],[30.138501,4.059702],[30.133023,4.082801],[30.122688,4.102464],[30.099795,4.115099],[30.057782,4.123651],[30.0429,4.133108],[30.027913,4.15445],[30.004762,4.19928],[29.989363,4.21778],[29.966005,4.23181],[29.954171,4.233825],[29.942647,4.233774],[29.932157,4.236151],[29.924147,4.245582],[29.923217,4.257752],[29.929315,4.268371],[29.93686,4.278319],[29.940115,4.288344],[29.930348,4.308653],[29.908489,4.329194],[29.882703,4.344025],[29.860689,4.347281],[29.814852,4.346764],[29.787825,4.368804],[29.776198,4.405624],[29.776766,4.449342],[29.785654,4.479366],[29.786998,4.489675],[29.785448,4.498564],[29.778523,4.5151],[29.777696,4.523859],[29.783691,4.533833],[29.788295,4.539366],[29.793302,4.545383],[29.796713,4.556028],[29.784621,4.563288],[29.774492,4.5675],[29.751755,4.581272],[29.74514,4.583907],[29.722919,4.578197],[29.715323,4.57967],[29.700802,4.5883],[29.671863,4.613983],[29.660287,4.622122],[29.618533,4.641578],[29.606751,4.643904],[29.576675,4.644446],[29.546392,4.657365],[29.535024,4.660699],[29.528822,4.659872],[29.513268,4.652146],[29.508462,4.65535],[29.498127,4.665608],[29.494096,4.668295],[29.472599,4.672197],[29.457612,4.669535],[29.449241,4.657055],[29.44676,4.622122],[29.44366,4.604707],[29.44459,4.594475],[29.44273,4.583442],[29.423919,4.566053],[29.417305,4.555485],[29.410897,4.532283],[29.402629,4.512077],[29.390226,4.493758],[29.33886,4.449549],[29.328938,4.434924],[29.318706,4.411076],[29.303927,4.387149],[29.28739,4.383584],[29.267443,4.387873],[29.242845,4.387356],[29.23158,4.375548],[29.228686,4.356712],[29.221296,4.340692],[29.19613,4.337075],[29.173495,4.348004],[29.10983,4.412367],[29.098564,4.420532],[29.058877,4.437689],[29.055983,4.4365],[29.053193,4.450789],[29.042341,4.455336],[28.994075,4.487453],[28.98622,4.495928],[28.925552,4.480813],[28.903641,4.478591],[28.856202,4.482467],[28.825713,4.478384],[28.815274,4.478281],[28.789953,4.48859],[28.785095,4.507995],[28.783648,4.530371],[28.769179,4.549775],[28.755433,4.553987],[28.746855,4.54931],[28.738173,4.540887],[28.72453,4.533988],[28.704067,4.533988],[28.695178,4.532593],[28.653734,4.452701],[28.638644,4.432082],[28.623658,4.422367],[28.58242,4.412626],[28.570535,4.405107],[28.566711,4.394126],[28.564282,4.382602],[28.557306,4.373533],[28.54821,4.37082],[28.538495,4.371827],[28.52878,4.373843],[28.519272,4.374411],[28.496844,4.369011],[28.482426,4.358986],[28.443927,4.308498],[28.425427,4.290824],[28.404137,4.277828],[28.381502,4.275296],[28.357421,4.282866],[28.349101,4.292349],[28.345846,4.306379],[28.336854,4.327489],[28.303161,4.352242],[28.261045,4.350382],[28.216965,4.342036],[28.177587,4.347229],[28.158725,4.360794],[28.140225,4.37932],[28.112371,4.414641],[28.108341,4.433994],[28.101726,4.442133],[28.085551,4.443322],[28.076301,4.437689],[28.059765,4.420067],[28.04974,4.419137],[28.019044,4.462752],[28.014186,4.472209],[28.011241,4.480141],[28.009587,4.488383],[28.008915,4.499081],[28.012119,4.521766],[28.01708,4.539052],[28.014031,4.550033],[27.96251,4.557449],[27.951244,4.55595],[27.944526,4.557294],[27.934294,4.568172],[27.92923,4.569981],[27.920342,4.565278],[27.916104,4.562152],[27.917861,4.560756],[27.917035,4.558431],[27.916414,4.553573],[27.914037,4.54931],[27.907939,4.54869],[27.89099,4.555847],[27.885512,4.556674],[27.856935,4.552462],[27.849132,4.553212],[27.83766,4.559981],[27.819469,4.579567],[27.809238,4.58799],[27.801383,4.590574],[27.776888,4.595741],[27.772444,4.595819],[27.765209,4.612071],[27.760765,4.635997],[27.758801,4.677157],[27.766863,4.735449],[27.763142,4.757101],[27.759215,4.766273],[27.7526,4.777668],[27.744229,4.787848],[27.734823,4.793197],[27.725832,4.792784],[27.706505,4.787435],[27.699063,4.787435],[27.685938,4.797899],[27.679736,4.814488],[27.671882,4.855906],[27.658756,4.879652],[27.640979,4.890943],[27.552716,4.900529],[27.532562,4.907583],[27.514578,4.92244],[27.509204,4.932439],[27.505018,4.953859],[27.501349,4.96329],[27.492823,4.973031],[27.461558,4.99688],[27.45453,4.999799],[27.447864,5.003468],[27.441818,5.007964],[27.43634,5.013158],[27.443058,5.05778],[27.441301,5.070725],[27.431173,5.083618],[27.402131,5.104496],[27.385801,5.143847],[27.358516,5.166766],[27.30131,5.205187],[27.280898,5.23056],[27.264465,5.260145],[27.2378,5.32319],[27.233665,5.33828],[27.228239,5.387605],[27.220126,5.413082],[27.218059,5.42551],[27.220126,5.440883],[27.260744,5.550257],[27.258884,5.559972],[27.261054,5.577593],[27.257127,5.586068],[27.247515,5.592605],[27.240073,5.591985],[27.234596,5.588833],[27.231082,5.587593],[27.227309,5.586714],[27.222607,5.584363],[27.217336,5.585397],[27.211341,5.594879],[27.210669,5.601623],[27.215165,5.616144],[27.216716,5.633456],[27.219196,5.639993],[27.218369,5.645315],[27.201109,5.656968],[27.196407,5.661464],[27.194288,5.667304],[27.193823,5.676321],[27.190774,5.691824],[27.182351,5.707456],[27.170413,5.72035],[27.156254,5.727481],[27.136307,5.734018],[27.131449,5.741459],[27.130933,5.752131],[27.123801,5.768745],[27.11481,5.775282],[27.072745,5.791224],[27.063547,5.790862],[27.045356,5.784919],[27.036055,5.785126],[27.029543,5.78988],[27.021999,5.805099],[27.003499,5.819284],[26.99182,5.847706],[26.981071,5.859204],[26.937456,5.848507],[26.916475,5.849644],[26.903763,5.866982],[26.894255,5.889667],[26.882059,5.891941],[26.865316,5.885973],[26.842165,5.884267],[26.81891,5.894628],[26.810849,5.912379],[26.805061,5.957183],[26.794364,5.970489],[26.776329,5.981884],[26.705016,6.009789],[26.634322,6.006482],[26.602179,6.010616],[26.543578,6.030847],[26.527972,6.043172],[26.51805,6.061156],[26.509885,6.082679],[26.498827,6.099836],[26.48105,6.104951],[26.440639,6.076995],[26.424826,6.072447],[26.421312,6.09366],[26.42927,6.113091],[26.4456,6.130221],[26.46534,6.144303],[26.48353,6.154457],[26.500067,6.167971],[26.509472,6.186394],[26.508955,6.205462],[26.495829,6.221146],[26.4795,6.225073],[26.464927,6.224402],[26.455625,6.230474],[26.455315,6.254451],[26.452008,6.28029],[26.436195,6.29171],[26.394647,6.300547],[26.375837,6.312587],[26.351755,6.344368],[26.335219,6.360595],[26.315789,6.371576],[26.300699,6.377829],[26.28964,6.387208],[26.282819,6.407853],[26.285093,6.425888],[26.290674,6.444672],[26.289124,6.459426],[26.27021,6.465653],[26.277031,6.477358],[26.286436,6.484179],[26.296462,6.489527],[26.30504,6.496917],[26.324367,6.537199],[26.356096,6.579496],[26.372323,6.609804],[26.379867,6.619778],[26.379224,6.631362],[26.378007,6.65329],[26.329741,6.680575],[26.270623,6.702486],[26.236207,6.72003],[26.219464,6.737523],[26.178743,6.765919],[26.147634,6.804702],[26.131821,6.81173],[26.113734,6.816458],[26.091203,6.830334],[26.080971,6.842348],[26.077354,6.85333],[26.0757,6.864647],[26.071566,6.877462],[26.071152,6.88356],[26.073116,6.88971],[26.073633,6.895136],[26.069189,6.899063],[26.063401,6.899063],[26.05689,6.89741],[26.050585,6.896686],[26.045418,6.899683],[26.035806,6.922266],[26.032292,6.974097],[26.026091,6.99668],[25.981132,7.000297],[25.969453,7.003553],[25.966766,7.009857],[25.966249,7.017454],[25.960461,7.024482],[25.950436,7.028564],[25.930386,7.03151],[25.920257,7.034145],[25.888735,7.05187],[25.884084,7.061069],[25.881707,7.079827],[25.877469,7.087734],[25.860726,7.095537],[25.815767,7.099774],[25.800781,7.104942],[25.791686,7.121117],[25.791583,7.134398],[25.786209,7.142666],[25.7613,7.143751],[25.750242,7.146542],[25.734429,7.162406],[25.724507,7.166695],[25.705077,7.166385],[25.697015,7.168607],[25.672727,7.187831],[25.65402,7.195376],[25.592422,7.211241],[25.576609,7.219819],[25.53165,7.260695],[25.516768,7.269945],[25.500335,7.272787],[25.481163,7.266173],[25.455118,7.278213],[25.416154,7.307772],[25.360033,7.335574],[25.346804,7.345031],[25.335952,7.359604],[25.330577,7.374125],[25.32417,7.402908],[25.316211,7.417223],[25.3097,7.422029],[25.292957,7.427196],[25.285102,7.431589],[25.279211,7.438358],[25.269599,7.454223],[25.263295,7.461044],[25.249962,7.469984],[25.190431,7.501197],[25.169037,7.551168],[25.164593,7.567343],[25.165213,7.5799],[25.186504,7.600106],[25.252546,7.62243],[25.274974,7.641964],[25.279418,7.659482],[25.276421,7.674261],[25.270633,7.688162],[25.266809,7.703097],[25.270633,7.746143],[25.269909,7.760768],[25.264535,7.777718],[25.249652,7.804331],[25.23942,7.835957],[25.229705,7.851615],[25.216889,7.864069],[25.191568,7.872389],[25.18547,7.877918],[25.180509,7.884016],[25.173171,7.888564],[25.148573,7.892594],[25.134414,7.892543],[25.103408,7.885773],[25.089559,7.884895],[25.059173,7.896108],[25.029304,7.918846],[24.981245,7.972331],[24.972666,7.976982],[24.964812,7.982615],[24.958094,7.989178],[24.952616,7.996567],[24.950549,8.014396],[24.930085,8.035454],[24.927811,8.070956],[24.917993,8.087027],[24.832107,8.16573],[24.800171,8.180277],[24.742293,8.18684],[24.710564,8.204307],[24.69041,8.206632],[24.670876,8.206839],[24.614859,8.217148],[24.544682,8.206115],[24.51285,8.207149],[24.481327,8.226657],[24.471508,8.22893],[24.464274,8.233194],[24.458899,8.239757],[24.454869,8.248671],[24.431097,8.271408],[24.396578,8.267817],[24.332085,8.245725],[24.326814,8.248567],[24.310278,8.261564],[24.302733,8.26544],[24.295498,8.266525],[24.281029,8.266525],[24.263186,8.268505],[24.257051,8.269186],[24.222428,8.277196],[24.206615,8.283268],[24.17995,8.297712],[24.152872,8.317891],[24.131374,8.343058],[24.121556,8.372307],[24.125173,8.404889],[24.137162,8.438866],[24.193179,8.532426],[24.203204,8.543459],[24.243719,8.570176],[24.25054,8.579632],[24.245579,8.591802],[24.218397,8.613041],[24.211266,8.627071],[24.21509,8.64136],[24.233487,8.667767],[24.235761,8.682003],[24.217674,8.691512],[24.180467,8.690711],[24.170328,8.689327],[24.174782,8.695646],[24.176953,8.709857],[24.182999,8.717919],[24.240566,8.761534],[24.270849,8.775719],[24.380093,8.844216],[24.402882,8.848893],[24.493833,8.858349],[24.542874,8.874653],[24.552795,8.880079],[24.558377,8.886746],[24.558377,8.993354],[24.559307,8.999865],[24.565353,9.014851],[24.655993,9.167297],[24.659869,9.176986],[24.660954,9.182283],[24.680178,9.373357],[24.686999,9.391366],[24.694957,9.402916],[24.723948,9.429219],[24.785236,9.497509],[24.792522,9.520402],[24.794383,9.532184],[24.792677,9.798369],[24.796398,9.818859],[24.799809,9.825215],[24.803685,9.829169],[24.807302,9.830047],[24.816759,9.830745],[24.827611,9.832683],[24.836292,9.836636],[24.844819,9.841674],[24.879287,9.869915],[24.913859,9.890715],[24.926933,9.90521],[24.954373,9.942237],[24.967861,9.955957],[24.976284,9.967351],[24.984965,9.985593],[24.990702,10.00306],[25.016901,10.056752],[25.027754,10.086155],[25.028994,10.092047],[25.029304,10.098248],[25.028684,10.103906],[25.025583,10.114164],[25.017367,10.133],[25.015816,10.138039],[25.013646,10.149072],[25.014421,10.157366],[25.017057,10.168011],[25.067028,10.27493],[25.07695,10.286867],[25.084081,10.293223],[25.090282,10.295755],[25.105992,10.300354],[25.120564,10.30609],[25.131261,10.308287],[25.156893,10.306245],[25.168365,10.308132],[25.19255,10.317433],[25.198286,10.317588],[25.209965,10.316116],[25.216631,10.316968],[25.225623,10.320611],[25.232754,10.322317],[25.239575,10.323014],[25.251512,10.320999],[25.25699,10.319216],[25.267067,10.314798],[25.272803,10.313015],[25.278694,10.312007],[25.28474,10.311852],[25.290166,10.313093],[25.299778,10.316658],[25.305359,10.317123],[25.316211,10.315573],[25.321999,10.315651],[25.327425,10.316581],[25.346029,10.325262],[25.351145,10.326813],[25.362927,10.32813],[25.369335,10.328208],[25.381272,10.329448],[25.391504,10.332652],[25.400961,10.336993],[25.415844,10.342031],[25.427212,10.344124],[25.439305,10.345209],[25.479509,10.343814],[25.490826,10.345597],[25.503383,10.349163],[25.506484,10.349628],[25.58033,10.375311],[25.623324,10.385853],[25.629061,10.386706],[25.661358,10.387016],[25.684148,10.390685],[25.699961,10.395026],[25.705748,10.395956],[25.745901,10.394405],[25.753962,10.395336],[25.762799,10.397739],[25.78378,10.407893],[25.82848,10.419546],[25.839332,10.420554],[25.843053,10.417815],[25.886512,10.364304],[25.891628,10.355984],[25.893644,10.351333],[25.894884,10.34583],[25.90093,10.191059],[25.902791,10.185529],[25.905426,10.181266],[25.911937,10.174212],[25.919689,10.167856],[25.955707,10.146901],[25.9709,10.140312],[25.998082,10.132458],[26.000872,10.131062],[26.007229,10.125998],[26.010794,10.122691],[26.016685,10.114862],[26.076423,10.01771],[26.088206,10.002827],[26.102313,9.988163],[26.102623,9.987841],[26.179466,9.95898],[26.368163,9.739717],[26.556859,9.520454],[26.600887,9.49198],[26.625744,9.480663],[26.683621,9.476012],[26.694318,9.476942],[27.080393,9.606831],[27.33924,9.612799],[27.385129,9.60479],[27.528066,9.605358],[27.609301,9.595178],[27.615089,9.595798],[27.635915,9.601379],[27.641496,9.601947],[27.769602,9.583318],[27.868355,9.588511],[27.884788,9.591379],[27.895072,9.59541],[27.997076,9.38493],[28.04511,9.331407],[28.44383,9.327981],[28.84255,9.324556],[28.843841,9.324545],[28.831489,9.349248],[28.827372,9.38493],[28.828745,9.427474],[28.84933,9.465901],[28.913833,9.529031],[28.989476,9.58709],[29.009474,9.603239],[29.132258,9.667731],[29.252354,9.711165],[29.483089,9.761679],[29.567321,9.841364],[29.613882,9.914461],[29.615432,10.058147],[29.64587,10.081711],[29.700957,10.115017],[29.967814,10.243329],[30.012979,10.270485],[30.248779,10.121257],[30.484578,9.972028],[30.749265,9.735763],[30.765284,9.724291],[30.779082,9.719873],[30.793035,9.728012],[30.804817,9.738942],[30.824092,9.746176],[30.83696,9.749354],[30.94991,9.752446],[30.950234,9.752455],[31.164382,9.764005],[31.234817,9.792323],[31.449816,10.003279],[31.664816,10.214236],[31.774215,10.348775],[31.801965,10.376241],[31.864184,10.472127],[31.929865,10.636923],[31.942887,10.655552],[32.17848,10.853202],[32.414073,11.050851],[32.430713,11.082193],[32.435363,11.107023],[32.364153,11.240013],[32.348754,11.30758],[32.345705,11.41163],[32.359812,11.573481],[32.354852,11.675774],[32.352991,11.687376],[32.34834,11.703163],[32.34524,11.709106],[32.082207,11.999811],[32.414434,12.001271],[32.746662,12.002731],[32.748213,12.026812],[32.747592,12.039525],[32.745577,12.051126],[32.73302,12.085982],[32.725733,12.132336],[32.725268,12.145255],[32.726198,12.157941],[32.730074,12.181893],[32.730384,12.194864],[32.729712,12.201065],[32.728524,12.206853],[32.728834,12.211917],[32.731779,12.216155],[33.209218,12.210367],[33.203017,12.128098],[33.144984,11.934673],[33.146018,11.81866],[33.132427,11.686213],[33.129016,11.67549],[33.115994,11.646939],[33.104573,11.630583],[33.091447,11.614796],[33.087727,11.608853],[33.083231,11.599164],[33.082921,11.584565],[33.132504,11.213903],[33.182088,10.843241],[33.178367,10.824534],[33.174646,10.812287],[33.14824,10.766036],[33.141418,10.750818],[33.140023,10.739036],[33.15072,10.730974],[33.370603,10.650901],[33.3813,10.645785],[33.389827,10.639248],[33.468995,10.543905],[33.685545,10.367973],[33.902096,10.192041],[33.916978,10.174522],[33.961782,10.064038],[33.966794,10.047269],[33.968345,10.020811],[33.96726,10.000269],[33.956097,9.933994],[33.959818,9.904203],[33.96726,9.884514],[33.973254,9.861776],[33.973254,9.854852],[33.972376,9.848883],[33.96912,9.838341],[33.904886,9.7107],[33.883905,9.619853],[33.877704,9.543424],[33.881425,9.499215],[33.888711,9.470818],[33.892019,9.464281],[33.894809,9.459475],[33.897755,9.456582],[33.900855,9.45529],[34.070698,9.454592],[34.083096,9.205117],[34.097473,8.915836],[34.11185,8.626555],[34.107251,8.601531],[34.103169,8.579322],[34.090249,8.556507],[34.069579,8.533615],[33.970774,8.445377],[33.95031,8.433207],[33.931706,8.428143],[33.875172,8.427936],[33.840859,8.423983],[33.824116,8.419487],[33.808096,8.412614],[33.797658,8.405612],[33.756213,8.370136],[33.751872,8.368793],[33.74102,8.367087],[33.695545,8.372875],[33.671309,8.400289],[33.651672,8.434499],[33.620407,8.460699],[33.600099,8.463955],[33.585371,8.458115],[33.57116,8.450131],[33.552143,8.446824],[33.537053,8.453206],[33.521964,8.465324],[33.505117,8.474884],[33.484757,8.474006],[33.490338,8.466513],[33.489924,8.462921],[33.480519,8.45765],[33.413133,8.449718],[33.400162,8.452638],[33.392101,8.451862],[33.384608,8.448013],[33.370862,8.437393],[33.361353,8.434293],[33.25273,8.458167],[33.23516,8.455635],[33.206427,8.430572],[33.207358,8.426593],[33.210355,8.420779],[33.202913,8.414113],[33.187824,8.411038],[33.174078,8.404475],[33.16953,8.397421],[33.167877,8.389722],[33.16798,8.372823],[33.166843,8.368276],[33.161882,8.361506],[33.161159,8.356106],[33.163329,8.352954],[33.172321,8.34652],[33.174078,8.343058],[33.171804,8.330888],[33.163123,8.312052],[33.161159,8.304585],[33.164363,8.292777],[33.171391,8.283113],[33.178419,8.275672],[33.185757,8.26451],[33.194852,8.259239],[33.208288,8.253683],[33.206893,8.240738],[33.199865,8.235519],[33.190511,8.232419],[33.181623,8.225726],[33.173975,8.21459],[33.169944,8.205495],[33.16829,8.195392],[33.16798,8.181362],[33.171081,8.175962],[33.184723,8.166247],[33.187824,8.160898],[33.185137,8.14108],[33.177282,8.127102],[33.164776,8.117051],[33.147516,8.109067],[33.117544,8.104158],[33.11341,8.099093],[33.111343,8.090644],[33.106589,8.08049],[33.100594,8.071033],[33.043853,8.013465],[33.031141,7.996309],[33.026077,7.986284],[33.021633,7.965251],[33.016775,7.958327],[33.012021,7.953314],[33.007569,7.944058],[33.006801,7.942462],[32.993572,7.928148],[32.9898,7.917244],[33.015018,7.850633],[33.023493,7.835078],[33.040753,7.824846],[33.044629,7.816423],[33.047677,7.807277],[33.051295,7.801127],[33.058323,7.797975],[33.085401,7.794978],[33.107519,7.785211],[33.120851,7.783299],[33.126949,7.791567],[33.132117,7.793944],[33.164518,7.801127],[33.172941,7.799628],[33.201467,7.788156],[33.233919,7.783195],[33.242394,7.780715],[33.257794,7.767434],[33.273503,7.749192],[33.29159,7.733069],[33.347142,7.718961],[33.359803,7.719272],[33.384401,7.735446],[33.393289,7.739735],[33.436491,7.748572],[33.462329,7.749502],[33.479537,7.743146],[33.488477,7.73617],[33.506823,7.73095],[33.516796,7.726093],[33.526511,7.717101],[33.540361,7.698911],[33.550851,7.691315],[33.572297,7.685217],[33.637202,7.691315],[33.647744,7.688627],[33.675029,7.670851],[33.706552,7.661859],[33.71606,7.657156],[33.729445,7.642119],[33.761071,7.598142],[33.811507,7.560987],[33.821429,7.558403],[33.842099,7.555922],[33.852538,7.553545],[33.882407,7.536079],[34.006534,7.409936],[34.02369,7.382445],[34.030615,7.3487],[34.031132,7.255372],[34.033612,7.250256],[34.04002,7.247259],[34.085909,7.211499],[34.113194,7.177548],[34.132417,7.163388],[34.151124,7.167471],[34.167764,7.175377],[34.181407,7.167212],[34.190915,7.149539],[34.195773,7.129023],[34.195773,7.09774],[34.195773,7.086959],[34.198253,7.064376],[34.206005,7.054506],[34.213756,7.051974],[34.219957,7.046134],[34.229879,7.03337],[34.270807,7.003398],[34.275665,6.997403],[34.280729,6.980092],[34.287653,6.975286],[34.294475,6.972237],[34.297575,6.968568],[34.439169,6.934875],[34.503661,6.89002],[34.512343,6.876842],[34.519061,6.861649],[34.523298,6.844183],[34.524745,6.824572],[34.522575,6.821781],[34.513273,6.815296],[34.511102,6.814314],[34.512136,6.808268],[34.516683,6.798062],[34.517924,6.793824],[34.524745,6.752871],[34.53632,6.743078],[34.553994,6.739254],[34.596679,6.739202],[34.618486,6.736541],[34.635539,6.729823],[34.703545,6.684916],[34.709643,6.674012],[34.714501,6.655667],[34.726593,6.641947],[34.733518,6.637606],[34.743543,6.596808],[34.753878,6.556423],[34.776099,6.499449],[34.784264,6.44183],[34.792739,6.421676],[34.832633,6.353541],[34.839041,6.327599],[34.839764,6.268688],[34.844725,6.248689],[34.879969,6.187634],[34.898882,6.13867],[34.915522,6.119705],[34.934436,6.102368],[34.951489,6.08118],[34.959447,6.061724],[34.967964,6.008131],[34.969782,5.996689],[34.95924,5.975502],[34.955726,5.964211],[34.955313,5.952558],[34.960377,5.941706],[34.97681,5.924032],[34.979911,5.912844],[34.977741,5.898659],[34.974537,5.887239],[34.972676,5.876257],[34.974433,5.863106],[34.984355,5.841014],[35.06528,5.726447],[35.079543,5.699782],[35.088225,5.64175],[35.098663,5.622474],[35.143312,5.58966],[35.22341,5.542996],[35.261961,5.511887],[35.269299,5.491785],[35.27364,5.479873],[35.267645,5.468556],[35.258964,5.458143],[35.251832,5.447369],[35.250695,5.435147],[35.254623,5.425923],[35.287489,5.374092],[35.302372,5.357374],[35.320769,5.348719],[35.344953,5.352362],[35.367484,5.368046],[35.408205,5.412565],[35.430219,5.427215],[35.448203,5.430755],[35.469287,5.430755],[35.490164,5.428042],[35.508044,5.423417],[35.530782,5.410084],[35.57388,5.375332],[35.598168,5.368743],[35.621939,5.373782],[35.639819,5.382076],[35.658319,5.386417],[35.683641,5.379595],[35.749373,5.339158],[35.80415,5.318023],[35.809111,5.309109],[35.782033,5.26986],[35.775315,5.24658],[35.778415,5.22715],[35.798259,5.189271],[35.807147,5.165267],[35.807354,5.144674],[35.799189,5.124624],[35.760949,5.076332],[35.755884,5.063439],[35.751647,4.854356],[35.760018,4.805728],[35.784513,4.764181],[35.920835,4.619332]]]}},{"type":"Feature","properties":{"name":"Kenya","orig":"Kenya","pop_m":56.0,"basin_share":8},"geometry":{"type":"MultiPolygon","coordinates":[[[[35.705846,4.619447],[35.705939,4.619962],[35.711518,4.661608],[35.739402,4.681127],[35.778439,4.678338],[35.781222,4.619922],[35.856536,4.619603],[35.920835,4.619332],[35.922799,4.602072],[35.936028,4.578533],[35.937062,4.559258],[35.934065,4.539207],[35.933755,4.52218],[35.940472,4.508046],[35.958352,4.496858],[35.99711,4.462959],[36.018401,4.449135],[36.041345,4.443683],[36.045325,4.443716],[36.19131,4.444924],[36.225726,4.4496],[36.236268,4.449652],[36.246087,4.446991],[36.264277,4.438206],[36.277196,4.436449],[36.463025,4.440169],[36.619501,4.443373],[36.628182,4.441461],[36.642962,4.432599],[36.648857,4.43118],[36.651333,4.430583],[36.844087,4.432237],[36.903721,4.415778],[36.974828,4.37994],[37.015652,4.370587],[37.025367,4.363275],[37.041077,4.336817],[37.048415,4.331959],[37.068466,4.333458],[37.075907,4.33108],[37.082522,4.322166],[37.086449,4.312477],[37.091617,4.290256],[37.094821,4.284882],[37.099988,4.283693],[37.105983,4.283848],[37.111874,4.282298],[37.166031,4.247545],[37.263492,4.184888],[37.360954,4.122204],[37.475056,4.048979],[37.556084,3.996889],[37.647758,3.937874],[37.751008,3.871522],[37.846196,3.810337],[37.945931,3.746232],[37.976731,3.72644],[37.995334,3.707914],[38.020759,3.667167],[38.036158,3.648926],[38.048974,3.641846],[38.078843,3.632673],[38.101891,3.612649],[38.114087,3.610608],[38.145609,3.618437],[38.176925,3.620917],[38.283068,3.608902],[38.389935,3.596888],[38.445953,3.601668],[38.496906,3.62394],[38.498146,3.629676],[38.497319,3.63859],[38.499386,3.64691],[38.508998,3.650812],[38.514269,3.648512],[38.533182,3.632828],[38.541244,3.623294],[38.543208,3.615388],[38.547135,3.609522],[38.561088,3.606008],[38.57411,3.604561],[38.579588,3.605311],[38.593747,3.61084],[38.595608,3.607507],[38.596641,3.602133],[38.601912,3.59867],[38.660306,3.594459],[38.6601,3.601306],[38.661443,3.615336],[38.66103,3.621951],[38.688108,3.586294],[38.703715,3.570429],[38.722008,3.560404],[38.82071,3.533739],[38.895227,3.513585],[38.921272,3.513999],[38.963234,3.522086],[38.979977,3.519812],[38.994963,3.514257],[39.010466,3.514464],[39.06793,3.526582],[39.077542,3.524256],[39.090441,3.518334],[39.180481,3.476998],[39.219445,3.468704],[39.257583,3.469686],[39.296338,3.49199],[39.302748,3.495679],[39.315874,3.494904],[39.320525,3.484543],[39.311326,3.466094],[39.436176,3.462374],[39.466976,3.452013],[39.475657,3.440799],[39.480928,3.42726],[39.488473,3.413901],[39.504389,3.403333],[39.536325,3.405013],[39.553172,3.431316],[39.574979,3.497901],[39.600818,3.528907],[39.666447,3.588723],[39.745098,3.660579],[39.764218,3.685745],[39.780755,3.71657],[39.80866,3.790287],[39.828297,3.842583],[39.848451,3.867284],[39.93413,3.908703],[40.020223,3.950122],[40.117168,3.996915],[40.162437,4.019394],[40.166984,4.025259],[40.166261,4.031486],[40.167191,4.035465],[40.176803,4.034535],[40.1798,4.03283],[40.182797,4.032003],[40.185588,4.032158],[40.286874,4.067453],[40.365732,4.094867],[40.371106,4.099932],[40.376998,4.116081],[40.382682,4.121377],[40.511873,4.171064],[40.6175,4.211605],[40.700699,4.243515],[40.763744,4.284933],[40.785758,4.25584],[40.846013,4.214989],[40.870611,4.186981],[40.887354,4.156052],[40.897689,4.145924],[40.915879,4.136648],[40.963628,4.12037],[40.979751,4.110758],[41.0059,4.086677],[41.070082,3.996915],[41.114524,3.962343],[41.162996,3.94268],[41.215293,3.936608],[41.317405,3.942422],[41.429543,3.948882],[41.479773,3.962938],[41.506231,3.964384],[41.586329,3.984151],[41.602246,3.983065],[41.628704,3.972084],[41.642967,3.969449],[41.657436,3.972704],[41.699811,3.996915],[41.747353,3.981412],[41.791381,3.958157],[41.835927,3.94945],[41.885019,3.977226],[41.801303,3.857182],[41.717381,3.737163],[41.633562,3.617093],[41.549639,3.497023],[41.497963,3.423074],[41.446183,3.349047],[41.394506,3.27515],[41.342727,3.201149],[41.260665,3.119811],[41.178396,3.03842],[41.096127,2.957082],[41.013961,2.875795],[40.979751,2.841895],[40.965385,2.814145],[40.965902,2.760608],[40.967142,2.631727],[40.968486,2.49711],[40.968486,2.422954],[40.968486,2.316501],[40.968486,2.210047],[40.968486,2.103619],[40.968486,1.997166],[40.968486,1.872135],[40.968486,1.747181],[40.968486,1.62215],[40.968486,1.497145],[40.968486,1.372191],[40.968486,1.247212],[40.968486,1.230295],[40.968486,1.122207],[40.968486,0.997201],[40.968486,0.872248],[40.968486,0.747242],[40.968486,0.62234],[40.968486,0.497283],[40.968486,0.37233],[40.968486,0.247273],[40.968486,0.122319],[40.968486,-0.002738],[40.969623,-0.084697],[40.97045,-0.152186],[40.971173,-0.219675],[40.97262,-0.328299],[40.974067,-0.436716],[40.975514,-0.545237],[40.976961,-0.653861],[40.977891,-0.724347],[40.978821,-0.794834],[40.979751,-0.870798],[41.00528,-0.903768],[41.030601,-0.936738],[41.056129,-0.969604],[41.081554,-1.002573],[41.13106,-1.066445],[41.18222,-1.132695],[41.237307,-1.203905],[41.282989,-1.262816],[41.332185,-1.326378],[41.383758,-1.39304],[41.434194,-1.458049],[41.484527,-1.523162],[41.522871,-1.572771],[41.534963,-1.594785],[41.53858,-1.613699],[41.535944,-1.676312],[41.535085,-1.696303],[41.534516,-1.696873],[41.458344,-1.774835],[41.422374,-1.829767],[41.417654,-1.847263],[41.396007,-1.86061],[41.339122,-1.912367],[41.303477,-1.95615],[41.282725,-1.96852],[41.267345,-1.94964],[41.248709,-1.957289],[41.231456,-1.955499],[41.219981,-1.944024],[41.219005,-1.922459],[41.198985,-1.943129],[41.195079,-1.967055],[41.185802,-1.990167],[41.156912,-1.987481],[41.117849,-1.978285],[41.109141,-1.977634],[41.096853,-1.985284],[41.076996,-2.007094],[41.049978,-2.018487],[41.039561,-2.031996],[41.028656,-2.043227],[41.01295,-2.042413],[40.999766,-2.035577],[40.990245,-2.028904],[40.983653,-2.019301],[40.979503,-2.004978],[40.980235,-1.990167],[40.990082,-1.962498],[40.989431,-1.950291],[40.98699,-1.936456],[40.991059,-1.924086],[41.006114,-1.901788],[40.970714,-1.928969],[40.966645,-2.046563],[40.945323,-2.073175],[40.926768,-2.059259],[40.908214,-1.997735],[40.889985,-1.983819],[40.879568,-1.977797],[40.870372,-1.967218],[40.861013,-1.963474],[40.849132,-1.977634],[40.855642,-1.992608],[40.858572,-2.005792],[40.855968,-2.018487],[40.872244,-2.011407],[40.885102,-2.014825],[40.893809,-2.026056],[40.896821,-2.042413],[40.894705,-2.049086],[40.885427,-2.054457],[40.883149,-2.060154],[40.886485,-2.069757],[40.893809,-2.072035],[40.901134,-2.073663],[40.904307,-2.080336],[40.906016,-2.153253],[40.911957,-2.19199],[40.924815,-2.217218],[40.933767,-2.219659],[40.944672,-2.218357],[40.956879,-2.218927],[40.969493,-2.227716],[40.979259,-2.24212],[40.980724,-2.253025],[40.969493,-2.278985],[40.944835,-2.30934],[40.922618,-2.313735],[40.919444,-2.302423],[40.952159,-2.286065],[40.934906,-2.27988],[40.921072,-2.270603],[40.896821,-2.24505],[40.893077,-2.237074],[40.894379,-2.232029],[40.893728,-2.228204],[40.883149,-2.224054],[40.884451,-2.226332],[40.877696,-2.228692],[40.863048,-2.231378],[40.838064,-2.24505],[40.815684,-2.271905],[40.794688,-2.29046],[40.773936,-2.279229],[40.774587,-2.287774],[40.777192,-2.296808],[40.782563,-2.304295],[40.790782,-2.307224],[40.795584,-2.309991],[40.793712,-2.316502],[40.786957,-2.327325],[40.793468,-2.341974],[40.821788,-2.360772],[40.828624,-2.37477],[40.816905,-2.397882],[40.789317,-2.424981],[40.758149,-2.447442],[40.711762,-2.466567],[40.650564,-2.539321],[40.615896,-2.552504],[40.585216,-2.545831],[40.555431,-2.532403],[40.523611,-2.525079],[40.490896,-2.528497],[40.389822,-2.560317],[40.348318,-2.590102],[40.32309,-2.598077],[40.293712,-2.616388],[40.243907,-2.656671],[40.232107,-2.669041],[40.223318,-2.683038],[40.204845,-2.724867],[40.174978,-2.762628],[40.170665,-2.779474],[40.172618,-2.787205],[40.187511,-2.807061],[40.18865,-2.813572],[40.184825,-2.828871],[40.183767,-2.837579],[40.164887,-2.901462],[40.162608,-2.934259],[40.183767,-2.950291],[40.178559,-2.976495],[40.190684,-2.988051],[40.211274,-2.986017],[40.232107,-2.970636],[40.232921,-2.981866],[40.225108,-2.993748],[40.190115,-3.027032],[40.1692,-3.054946],[40.163829,-3.06699],[40.159516,-3.117771],[40.153168,-3.135186],[40.119151,-3.183526],[40.118419,-3.196954],[40.129242,-3.233331],[40.12908,-3.251886],[40.122895,-3.267348],[40.114024,-3.281671],[40.102387,-3.294203],[40.088145,-3.303643],[40.039806,-3.325616],[40.026622,-3.334405],[40.002615,-3.362481],[39.989106,-3.373224],[39.971446,-3.376072],[39.979259,-3.359063],[39.990082,-3.320896],[39.991954,-3.307061],[39.973969,-3.311456],[39.966075,-3.321222],[39.964366,-3.334242],[39.96461,-3.348321],[39.963634,-3.357599],[39.957774,-3.382257],[39.959646,-3.387791],[39.96339,-3.393243],[39.96518,-3.399184],[39.947602,-3.427992],[39.927257,-3.481378],[39.900564,-3.524184],[39.890147,-3.58172],[39.878673,-3.605076],[39.865977,-3.616469],[39.85727,-3.618259],[39.835623,-3.608819],[39.830821,-3.60589],[39.817719,-3.590753],[39.812999,-3.589776],[39.786388,-3.587579],[39.790538,-3.578871],[39.79127,-3.574884],[39.780935,-3.566583],[39.773123,-3.584893],[39.77589,-3.600193],[39.787934,-3.609145],[39.808116,-3.608819],[39.796072,-3.622979],[39.800141,-3.634698],[39.81422,-3.639337],[39.848969,-3.625177],[39.860118,-3.633233],[39.866466,-3.648533],[39.868988,-3.663344],[39.867035,-3.69492],[39.786388,-3.917169],[39.760753,-3.941827],[39.732107,-3.946384],[39.711925,-3.931329],[39.712087,-3.897393],[39.689952,-3.909601],[39.683767,-3.917169],[39.687348,-3.927179],[39.694102,-3.93727],[39.69752,-3.94671],[39.701996,-3.955824],[39.712087,-3.96502],[39.734223,-3.963311],[39.745291,-3.968683],[39.742442,-3.985935],[39.721365,-4.00921],[39.718272,-4.01629],[39.715505,-4.02516],[39.708344,-4.03753],[39.699474,-4.048435],[39.690766,-4.053155],[39.681163,-4.047947],[39.67449,-4.024998],[39.666677,-4.019708],[39.659841,-4.007582],[39.661957,-3.984633],[39.660492,-3.970798],[39.643077,-3.985528],[39.617361,-3.971449],[39.605724,-3.969659],[39.594737,-3.978692],[39.604666,-3.988214],[39.616466,-3.992852],[39.643077,-3.9992],[39.63559,-4.017022],[39.62615,-4.025486],[39.594737,-4.032647],[39.584483,-4.032892],[39.573253,-4.031834],[39.56422,-4.032892],[39.560557,-4.039809],[39.56129,-4.060968],[39.563243,-4.070896],[39.567393,-4.08115],[39.581879,-4.061619],[39.615082,-4.05934],[39.650076,-4.069594],[39.669688,-4.087986],[39.665863,-4.112074],[39.615896,-4.197849],[39.583832,-4.279392],[39.551117,-4.402114],[39.54005,-4.430434],[39.531098,-4.417413],[39.522472,-4.418145],[39.514008,-4.426853],[39.506033,-4.438084],[39.504405,-4.443536],[39.505382,-4.455987],[39.502208,-4.461602],[39.487966,-4.474542],[39.484874,-4.478936],[39.450694,-4.581964],[39.444347,-4.563409],[39.447439,-4.534275],[39.443858,-4.519952],[39.431,-4.529962],[39.423839,-4.543878],[39.417817,-4.559503],[39.409679,-4.574477],[39.404796,-4.573907],[39.397716,-4.570082],[39.391368,-4.571059],[39.388682,-4.585138],[39.390636,-4.593438],[39.406261,-4.615167],[39.396169,-4.629002],[39.362478,-4.633966],[39.324392,-4.624607],[39.300466,-4.594985],[39.299653,-4.600763],[39.293712,-4.615492],[39.264334,-4.606622],[39.242686,-4.627374],[39.224376,-4.655857],[39.204845,-4.670099],[39.200694,-4.671482],[39.197113,-4.671808],[39.193858,-4.673272],[39.190603,-4.677504],[39.105757,-4.616306],[39.020388,-4.554915],[38.935018,-4.49342],[38.849649,-4.431925],[38.764279,-4.370533],[38.678807,-4.309038],[38.59354,-4.247543],[38.508274,-4.186152],[38.422802,-4.12476],[38.416175,-4.119981],[38.337535,-4.063265],[38.252063,-4.001873],[38.166797,-3.940379],[38.08153,-3.878987],[37.996058,-3.817492],[37.910791,-3.755997],[37.825422,-3.694502],[37.770955,-3.655435],[37.757209,-3.637451],[37.747184,-3.616987],[37.729821,-3.555389],[37.722276,-3.53999],[37.708323,-3.527174],[37.68941,-3.518079],[37.668326,-3.512498],[37.646932,-3.510637],[37.599079,-3.513428],[37.596185,-3.499682],[37.604144,-3.480148],[37.608174,-3.463612],[37.60311,-3.455757],[37.586677,-3.45369],[37.579442,-3.446352],[37.577892,-3.43581],[37.580476,-3.424131],[37.58523,-3.412969],[37.590294,-3.404081],[37.604867,-3.387957],[37.627191,-3.370284],[37.650962,-3.357572],[37.669876,-3.356125],[37.668429,-3.338245],[37.671943,-3.324292],[37.681865,-3.315714],[37.700055,-3.31437],[37.679996,-3.192148],[37.677834,-3.178978],[37.660161,-3.070561],[37.644865,-3.045963],[37.562286,-2.999867],[37.424212,-2.922754],[37.347622,-2.879978],[37.132854,-2.760089],[36.918191,-2.640303],[36.703527,-2.520414],[36.488863,-2.400628],[36.274096,-2.280842],[36.059535,-2.160952],[35.844871,-2.041063],[35.630207,-1.921174],[35.415647,-1.801284],[35.246367,-1.706823],[35.200983,-1.681498],[34.986215,-1.561609],[34.771552,-1.441823],[34.718893,-1.412414],[34.556888,-1.321934],[34.34212,-1.202148],[34.127457,-1.082258],[34.052526,-1.0404],[34.015422,-1.037507],[34.001986,-1.028722],[34.000022,-1.002573],[33.984519,-1.002057],[33.980385,-1.002573],[33.904214,-1.002573],[33.89853,-0.799072],[33.894809,-0.662749],[33.911346,-0.519295],[33.935117,-0.313106],[33.953514,-0.154356],[33.95248,-0.115702],[33.921578,-0.01297],[33.890468,0.090073],[33.893569,0.109814],[33.951757,0.187328],[33.960266,0.198677],[34.04064,0.305874],[34.076607,0.333779],[34.085185,0.347008],[34.087976,0.367369],[34.07671,0.403852],[34.075677,0.422249],[34.080121,0.431344],[34.097381,0.451808],[34.104409,0.462247],[34.107509,0.470722],[34.131588,0.569433],[34.132417,0.572834],[34.149574,0.603634],[34.179133,0.623891],[34.219751,0.638567],[34.2521,0.655],[34.276181,0.680838],[34.292304,0.72373],[34.296252,0.746746],[34.298402,0.759283],[34.30667,0.768068],[34.370852,0.800211],[34.388009,0.815817],[34.402375,0.856073],[34.431211,0.893538],[34.457152,0.957617],[34.463043,0.978081],[34.463663,1.022936],[34.468831,1.044227],[34.477203,1.064587],[34.487021,1.082467],[34.507485,1.102518],[34.524021,1.098642],[34.540351,1.089392],[34.560065,1.093149],[34.561228,1.093371],[34.566883,1.103022],[34.571977,1.111716],[34.573631,1.134247],[34.580452,1.152541],[34.628925,1.163599],[34.663031,1.196362],[34.683805,1.209075],[34.766074,1.217498],[34.797907,1.231916],[34.810516,1.272533],[34.800077,1.312324],[34.782714,1.352993],[34.780747,1.371789],[34.778993,1.388547],[34.838421,1.437174],[34.859505,1.517919],[34.882553,1.552232],[34.892578,1.55727],[34.913558,1.56156],[34.92348,1.566107],[34.933712,1.575693],[34.940947,1.587036],[34.972676,1.654241],[34.978671,1.675945],[34.979704,1.8703],[34.984045,1.88247],[35.002752,1.906138],[35.006473,1.916861],[35.001408,1.927997],[34.977947,1.949908],[34.969162,1.960295],[34.962031,1.977813],[34.957897,1.997838],[34.956657,2.018508],[34.958207,2.037965],[34.967612,2.082561],[34.967509,2.101914],[34.922343,2.210719],[34.904284,2.254255],[34.865603,2.347506],[34.859091,2.38678],[34.867876,2.411482],[34.885963,2.425434],[34.906117,2.436907],[34.920896,2.454632],[34.923584,2.477318],[34.914385,2.494371],[34.8871,2.522379],[34.881312,2.541448],[34.875628,2.591212],[34.865603,2.604855],[34.856508,2.60346],[34.849893,2.59514],[34.841832,2.58775],[34.828086,2.588784],[34.81868,2.597982],[34.776512,2.685625],[34.76132,2.772493],[34.740959,2.835539],[34.736928,2.844375],[34.730107,2.85285],[34.724836,2.854142],[34.696517,2.867733],[34.694657,2.87042],[34.692693,2.872229],[34.69104,2.875691],[34.688869,2.879154],[34.685045,2.880962],[34.682565,2.87936],[34.678121,2.871557],[34.67564,2.8698],[34.671506,2.867785],[34.660344,2.858638],[34.654143,2.856519],[34.6405,2.860137],[34.631405,2.869542],[34.616419,2.893416],[34.58469,2.928711],[34.574664,2.946126],[34.545622,3.097383],[34.545556,3.097501],[34.53384,3.118467],[34.512859,3.132368],[34.46573,3.145856],[34.444853,3.159136],[34.434001,3.182029],[34.424079,3.304812],[34.41116,3.344707],[34.403822,3.355404],[34.394417,3.365661],[34.386562,3.376384],[34.383978,3.388347],[34.386976,3.399664],[34.397001,3.424159],[34.398551,3.433642],[34.394417,3.444623],[34.382118,3.466043],[34.381291,3.476869],[34.386872,3.485628],[34.395967,3.489607],[34.406199,3.492294],[34.415501,3.497023],[34.434518,3.52622],[34.443923,3.566295],[34.446403,3.646704],[34.439686,3.667736],[34.425009,3.677193],[34.406303,3.682929],[34.387492,3.692747],[34.35504,3.727371],[34.337056,3.734579],[34.309874,3.726699],[34.299436,3.716932],[34.295095,3.707346],[34.290444,3.70316],[34.278868,3.709723],[34.263779,3.750056],[34.241558,3.778737],[34.240938,3.78362],[34.230396,3.782742],[34.210552,3.777135],[34.190915,3.775843],[34.173655,3.771399],[34.16518,3.77083],[34.152468,3.775636],[34.159082,3.783362],[34.17903,3.7961],[34.166524,3.811319],[34.150814,3.81721],[34.148954,3.822688],[34.196703,3.847389],[34.207555,3.860877],[34.204971,3.874545],[34.182854,3.886095],[34.163423,3.886198],[34.123736,3.872039],[34.108026,3.868938],[34.084772,3.877336],[34.086219,3.894673],[34.098931,3.917721],[34.109576,3.943352],[34.107096,3.959501],[34.09552,3.970999],[34.080844,3.980792],[34.068959,3.991876],[34.061104,4.007767],[34.061517,4.017921],[34.065858,4.02743],[34.069786,4.041357],[34.072679,4.064663],[34.072369,4.076419],[34.069269,4.08802],[34.060897,4.09926],[34.049735,4.109466],[34.04095,4.120421],[34.03971,4.134038],[34.041054,4.164812],[34.028548,4.188014],[34.006017,4.205713],[33.977078,4.219692],[34.078157,4.319841],[34.179133,4.419912],[34.280109,4.520061],[34.381188,4.620158],[34.459674,4.660609],[34.529156,4.696419],[34.598159,4.73092],[34.666277,4.76498],[34.763589,4.800366],[34.844751,4.830895],[34.920829,4.859511],[35.00272,4.890314],[35.094298,4.924761],[35.176189,4.955564],[35.245726,4.98172],[35.263419,4.948545],[35.333563,4.987281],[35.411598,5.030376],[35.433715,5.003836],[35.396117,4.926429],[35.49564,4.926429],[35.570836,4.904313],[35.52218,4.780461],[35.562607,4.707137],[35.610201,4.620812],[35.610641,4.620014],[35.61214,4.619497],[35.700365,4.589111],[35.705812,4.61926],[35.705846,4.619447]]],[[[41.053966,-2.049574],[41.065684,-2.03631],[41.092784,-2.038018],[41.122732,-2.047784],[41.143321,-2.059503],[41.162771,-2.090916],[41.155284,-2.112074],[41.136892,-2.115492],[41.123383,-2.093683],[41.124278,-2.104669],[41.122813,-2.115899],[41.118907,-2.124282],[41.112559,-2.127699],[41.10963,-2.129002],[41.107758,-2.131524],[41.104828,-2.134047],[41.098888,-2.135349],[41.09197,-2.132989],[41.086436,-2.128351],[41.082856,-2.123712],[41.081798,-2.121515],[41.068614,-2.123468],[41.050792,-2.12949],[41.01352,-2.148858],[41.004405,-2.142185],[40.995616,-2.143813],[40.988943,-2.152276],[40.986176,-2.165948],[40.991547,-2.173761],[41.002289,-2.180108],[41.009939,-2.187188],[41.006114,-2.197361],[40.993663,-2.197198],[40.98585,-2.191339],[40.981456,-2.181573],[40.979503,-2.169366],[40.957286,-2.174005],[40.957367,-2.1513],[40.969249,-2.119806],[40.982921,-2.097345],[41.00115,-2.087172],[41.024669,-2.080173],[41.045177,-2.069757],[41.053966,-2.049574]]]]}},{"type":"Feature","properties":{"name":"Tanzania","orig":"United Republic of Tanzania","pop_m":67.0,"basin_share":10},"geometry":{"type":"MultiPolygon","coordinates":[[[[32.920863,-9.4079],[32.905464,-9.398185],[32.83074,-9.370176],[32.784334,-9.339687],[32.776996,-9.33824],[32.759633,-9.339997],[32.752295,-9.337413],[32.746507,-9.329972],[32.743407,-9.314986],[32.739686,-9.307338],[32.725837,-9.292558],[32.713228,-9.28584],[32.641604,-9.279846],[32.555614,-9.261242],[32.518046,-9.258245],[32.504455,-9.249253],[32.490089,-9.227343],[32.470658,-9.181867],[32.459703,-9.168018],[32.423426,-9.143834],[32.383015,-9.133912],[32.252739,-9.136495],[32.231448,-9.133808],[32.211294,-9.12678],[32.191606,-9.112208],[32.154812,-9.075207],[32.145574,-9.070265],[32.134141,-9.064148],[32.125046,-9.063735],[32.105823,-9.068283],[32.096418,-9.069109],[32.086031,-9.066112],[32.057247,-9.049576],[32.031719,-9.045958],[32.015802,-9.052676],[32.001385,-9.063322],[31.980559,-9.0719],[31.938081,-9.061771],[31.917721,-9.022497],[31.917824,-8.973095],[31.936634,-8.93258],[31.787599,-8.892169],[31.764345,-8.894133],[31.730238,-8.912426],[31.709775,-8.919661],[31.689621,-8.919558],[31.672671,-8.913047],[31.576449,-8.839666],[31.55335,-8.809074],[31.545857,-8.766286],[31.54596,-8.728975],[31.539036,-8.70355],[31.519089,-8.687014],[31.480641,-8.676162],[31.464725,-8.666137],[31.443228,-8.641539],[31.427518,-8.633477],[31.412428,-8.63234],[31.398838,-8.633787],[31.38597,-8.632547],[31.372638,-8.623865],[31.369227,-8.616837],[31.36592,-8.598647],[31.362199,-8.592343],[31.353311,-8.587175],[31.350107,-8.588519],[31.347523,-8.592446],[31.340391,-8.595237],[31.328816,-8.597717],[31.277088,-8.61601],[31.269388,-8.621075],[31.260913,-8.623969],[31.248046,-8.621902],[31.237349,-8.613943],[31.218435,-8.588725],[31.206756,-8.580767],[31.182675,-8.580767],[31.161384,-8.591723],[31.141024,-8.606192],[31.119836,-8.616631],[31.077824,-8.61632],[31.03364,-8.600301],[30.992351,-8.57591],[30.959536,-8.550485],[30.891892,-8.479171],[30.828278,-8.388117],[30.778255,-8.289105],[30.752107,-8.194124],[30.728129,-8.104104],[30.654955,-7.92737],[30.441635,-7.596331],[30.414712,-7.50197],[30.404945,-7.436031],[30.369598,-7.31025],[30.29446,-7.149433],[30.234671,-7.057139],[30.090855,-6.890018],[30.012721,-6.825215],[29.969113,-6.80304],[29.873091,-6.754212],[29.738629,-6.652409],[29.707003,-6.619336],[29.684369,-6.581509],[29.633932,-6.446944],[29.56603,-6.359507],[29.537711,-6.312378],[29.525515,-6.273104],[29.508824,-6.153732],[29.478696,-6.041801],[29.476113,-6.002113],[29.49606,-5.938654],[29.570887,-5.837989],[29.60303,-5.781661],[29.612435,-5.704354],[29.593521,-5.620328],[29.49637,-5.391711],[29.455649,-5.229964],[29.377824,-5.087544],[29.344234,-5.005998],[29.342793,-4.999953],[29.32377,-4.920164],[29.321032,-4.836345],[29.340824,-4.751699],[29.401337,-4.586851],[29.410897,-4.502308],[29.40728,-4.462621],[29.404179,-4.449805],[29.638273,-4.446808],[29.687469,-4.458383],[29.728293,-4.461587],[29.732841,-4.463344],[29.744365,-4.454456],[29.747414,-4.44319],[29.747931,-4.430271],[29.751651,-4.416112],[29.757956,-4.410221],[29.775009,-4.402262],[29.780177,-4.393684],[29.782295,-4.377354],[29.784104,-4.37384],[29.80033,-4.363919],[29.810976,-4.365262],[29.821828,-4.37074],[29.838571,-4.37353],[29.847356,-4.370533],[29.900479,-4.345625],[29.936343,-4.312035],[29.970656,-4.292605],[29.980785,-4.28444],[30.003005,-4.271935],[30.015614,-4.256018],[30.041143,-4.19504],[30.051478,-4.180157],[30.119587,-4.12352],[30.149766,-4.08683],[30.173228,-4.046315],[30.175852,-4.039992],[30.191418,-4.002494],[30.208781,-3.930457],[30.22077,-3.909993],[30.273273,-3.856249],[30.31172,-3.789897],[30.33699,-3.773774],[30.381587,-3.788346],[30.384998,-3.770776],[30.381897,-3.75517],[30.376213,-3.739771],[30.371975,-3.722924],[30.373068,-3.704339],[30.373112,-3.703597],[30.38014,-3.685614],[30.421378,-3.620811],[30.428871,-3.602208],[30.429233,-3.583914],[30.426856,-3.563864],[30.432282,-3.551875],[30.460135,-3.531928],[30.462616,-3.527897],[30.466336,-3.516115],[30.46892,-3.513014],[30.48556,-3.510534],[30.487524,-3.510741],[30.48804,-3.512601],[30.507161,-3.511051],[30.508246,-3.50888],[30.509951,-3.500199],[30.511502,-3.497718],[30.538115,-3.49162],[30.544988,-3.48914],[30.552946,-3.482215],[30.565968,-3.466712],[30.612891,-3.444905],[30.639142,-3.41948],[30.640434,-3.392815],[30.61025,-3.376359],[30.603279,-3.372558],[30.621676,-3.35044],[30.640538,-3.33287],[30.662603,-3.319228],[30.68994,-3.308893],[30.702239,-3.307342],[30.712006,-3.301865],[30.718414,-3.292873],[30.721463,-3.280987],[30.747921,-3.294113],[30.775671,-3.291012],[30.799753,-3.274579],[30.814842,-3.247708],[30.814325,-3.24192],[30.809881,-3.224143],[30.809364,-3.216805],[30.823524,-3.196651],[30.832205,-3.172777],[30.833962,-3.160271],[30.832929,-3.147662],[30.828795,-3.140531],[30.815824,-3.131022],[30.812258,-3.123477],[30.813085,-3.11769],[30.817839,-3.104357],[30.817684,-3.099086],[30.807814,-3.085237],[30.783216,-3.062086],[30.778255,-3.04741],[30.78487,-3.031493],[30.815824,-2.995837],[30.818815,-2.990495],[30.825488,-2.978577],[30.80213,-2.97837],[30.755414,-2.991393],[30.732057,-2.99346],[30.718879,-2.989532],[30.695986,-2.974546],[30.683687,-2.969998],[30.671337,-2.970825],[30.661363,-2.974753],[30.650925,-2.977337],[30.637592,-2.974443],[30.634905,-2.970102],[30.632114,-2.953772],[30.62953,-2.947674],[30.62519,-2.94478],[30.61196,-2.939199],[30.547003,-2.900339],[30.53889,-2.898995],[30.524937,-2.904163],[30.513052,-2.913981],[30.49326,-2.941266],[30.488454,-2.94354],[30.488325,-2.94316],[30.484113,-2.930724],[30.475431,-2.922146],[30.469644,-2.914188],[30.474191,-2.903233],[30.456001,-2.898272],[30.440808,-2.884009],[30.415797,-2.851659],[30.413626,-2.8344],[30.425099,-2.812179],[30.446906,-2.782723],[30.447268,-2.757298],[30.450523,-2.741795],[30.458585,-2.72867],[30.516101,-2.668311],[30.52256,-2.649398],[30.499616,-2.657873],[30.463752,-2.674203],[30.442668,-2.681127],[30.423238,-2.680921],[30.412128,-2.670172],[30.416003,-2.645574],[30.424168,-2.633171],[30.448043,-2.610537],[30.457655,-2.598032],[30.461995,-2.58749],[30.47016,-2.55576],[30.508091,-2.463466],[30.521475,-2.442279],[30.5546,-2.400628],[30.573927,-2.389259],[30.595217,-2.391946],[30.616921,-2.398147],[30.63785,-2.39701],[30.649064,-2.387605],[30.663327,-2.360733],[30.674799,-2.351742],[30.687718,-2.349985],[30.698467,-2.353395],[30.75066,-2.37913],[30.758825,-2.381094],[30.76792,-2.378613],[30.775155,-2.374479],[30.789107,-2.371069],[30.804559,-2.36218],[30.821353,-2.354739],[30.834376,-2.345334],[30.844711,-2.326627],[30.848949,-2.306266],[30.844711,-2.237847],[30.853393,-2.193818],[30.887809,-2.082507],[30.879438,-2.053465],[30.868741,-2.038996],[30.853496,-2.0237],[30.835461,-2.014708],[30.816754,-2.018739],[30.829932,-1.960551],[30.826934,-1.934093],[30.796962,-1.929338],[30.801923,-1.921277],[30.808021,-1.914766],[30.824247,-1.902053],[30.816599,-1.884173],[30.822232,-1.868774],[30.832412,-1.853788],[30.83789,-1.836838],[30.829932,-1.796737],[30.826418,-1.786195],[30.83789,-1.758703],[30.835409,-1.749504],[30.826521,-1.735862],[30.824247,-1.730694],[30.824557,-1.719946],[30.837476,-1.641087],[30.838303,-1.615352],[30.831017,-1.594165],[30.807246,-1.60326],[30.791588,-1.590961],[30.781976,-1.56843],[30.772261,-1.532463],[30.767817,-1.524815],[30.755414,-1.511586],[30.738878,-1.489469],[30.732935,-1.476446],[30.738258,-1.470658],[30.741358,-1.458876],[30.743219,-1.432831],[30.737534,-1.406683],[30.718104,-1.394901],[30.698467,-1.39211],[30.632424,-1.367616],[30.623226,-1.362035],[30.60824,-1.347772],[30.597698,-1.340331],[30.568242,-1.328135],[30.555323,-1.31842],[30.549949,-1.3024],[30.550982,-1.294959],[30.553359,-1.289067],[30.555633,-1.284727],[30.556615,-1.281626],[30.5546,-1.273461],[30.545298,-1.261369],[30.539407,-1.241008],[30.521217,-1.210829],[30.515119,-1.196257],[30.511191,-1.170418],[30.506954,-1.164217],[30.494655,-1.155329],[30.490521,-1.156466],[30.48401,-1.15998],[30.476051,-1.16122],[30.467266,-1.155329],[30.465613,-1.149334],[30.4683,-1.14334],[30.472072,-1.137656],[30.474191,-1.131764],[30.470884,-1.118122],[30.456311,-1.108097],[30.453004,-1.097348],[30.456156,-1.086082],[30.463856,-1.075127],[30.471786,-1.066837],[30.472951,-1.065619],[30.481012,-1.059107],[30.493415,-1.060244],[30.500856,-1.065205],[30.506024,-1.070786],[30.511657,-1.07337],[30.523697,-1.07244],[30.542301,-1.068099],[30.592737,-1.063448],[30.614544,-1.065825],[30.638626,-1.07337],[30.651338,-1.062828],[30.687098,-1.025001],[30.701567,-1.017456],[30.739498,-1.005467],[30.777118,-0.98583],[30.812465,-0.994719],[30.828381,-1.002573],[30.892977,-1.002573],[31.076118,-1.002573],[31.259156,-1.002573],[31.280493,-1.002573],[31.442246,-1.002573],[31.625335,-1.002573],[31.808373,-1.002573],[31.986193,-1.002573],[31.991411,-1.002573],[32.174552,-1.002573],[32.357642,-1.002573],[32.540835,-1.002573],[32.722268,-1.002573],[32.723873,-1.002573],[32.847225,-1.002573],[32.906963,-1.002573],[33.089949,-1.002573],[33.27309,-1.002573],[33.426415,-1.002573],[33.456128,-1.002573],[33.631777,-1.002573],[33.639269,-1.002573],[33.822255,-1.002573],[33.904214,-1.002573],[33.980385,-1.002573],[33.984519,-1.002057],[34.000022,-1.002573],[34.001986,-1.028722],[34.015422,-1.037507],[34.052526,-1.0404],[34.127457,-1.082258],[34.34212,-1.202148],[34.556888,-1.321934],[34.718893,-1.412414],[34.771552,-1.441823],[34.986215,-1.561609],[35.200983,-1.681498],[35.246367,-1.706823],[35.415647,-1.801284],[35.630207,-1.921174],[35.844871,-2.041063],[36.059535,-2.160952],[36.274096,-2.280842],[36.488863,-2.400628],[36.703527,-2.520414],[36.918191,-2.640303],[37.132854,-2.760089],[37.347622,-2.879978],[37.424212,-2.922754],[37.562286,-2.999867],[37.644865,-3.045963],[37.660161,-3.070561],[37.677834,-3.178978],[37.679996,-3.192148],[37.700055,-3.31437],[37.681865,-3.315714],[37.671943,-3.324292],[37.668429,-3.338245],[37.669876,-3.356125],[37.650962,-3.357572],[37.627191,-3.370284],[37.604867,-3.387957],[37.590294,-3.404081],[37.58523,-3.412969],[37.580476,-3.424131],[37.577892,-3.43581],[37.579442,-3.446352],[37.586677,-3.45369],[37.60311,-3.455757],[37.608174,-3.463612],[37.604144,-3.480148],[37.596185,-3.499682],[37.599079,-3.513428],[37.646932,-3.510637],[37.668326,-3.512498],[37.68941,-3.518079],[37.708323,-3.527174],[37.722276,-3.53999],[37.729821,-3.555389],[37.747184,-3.616987],[37.757209,-3.637451],[37.770955,-3.655435],[37.825422,-3.694502],[37.910791,-3.755997],[37.996058,-3.817492],[38.08153,-3.878987],[38.166797,-3.940379],[38.252063,-4.001873],[38.337535,-4.063265],[38.416175,-4.119981],[38.422802,-4.12476],[38.508274,-4.186152],[38.59354,-4.247543],[38.678807,-4.309038],[38.764279,-4.370533],[38.849649,-4.431925],[38.935018,-4.49342],[39.020388,-4.554915],[39.105757,-4.616306],[39.190603,-4.677504],[39.197439,-4.68377],[39.215099,-4.688653],[39.221528,-4.716729],[39.216075,-4.749119],[39.197439,-4.76629],[39.170177,-4.779962],[39.192231,-4.788832],[39.207286,-4.790134],[39.215994,-4.795668],[39.218516,-4.817804],[39.217296,-4.839044],[39.213552,-4.856378],[39.207042,-4.872328],[39.175141,-4.926446],[39.162283,-4.938653],[39.156505,-4.924005],[39.159923,-4.904229],[39.166352,-4.884861],[39.169607,-4.865899],[39.163341,-4.848321],[39.145681,-4.899835],[39.130382,-4.918145],[39.108653,-4.916599],[39.125987,-4.943455],[39.128673,-4.953383],[39.132172,-5.010186],[39.129161,-5.020196],[39.122325,-5.024509],[39.106781,-5.019627],[39.098155,-5.02337],[39.094412,-5.028416],[39.084483,-5.047784],[39.082774,-5.061456],[39.097179,-5.060642],[39.129161,-5.04754],[39.129893,-5.062595],[39.14088,-5.086602],[39.142751,-5.09588],[39.138682,-5.103204],[39.100597,-5.136407],[39.094086,-5.144952],[39.074229,-5.186293],[39.04363,-5.232192],[39.040375,-5.239353],[39.048188,-5.246677],[39.059093,-5.238377],[39.074555,-5.218845],[39.080577,-5.231134],[39.037283,-5.356541],[39.026378,-5.378513],[39.012462,-5.397068],[39.001964,-5.403985],[38.990408,-5.409601],[38.981293,-5.417413],[38.978282,-5.431085],[38.982595,-5.439548],[38.990489,-5.443292],[38.997406,-5.449395],[38.99879,-5.465265],[38.985362,-5.504978],[38.956554,-5.563653],[38.921641,-5.616306],[38.888927,-5.63714],[38.902599,-5.643324],[38.896007,-5.663995],[38.895193,-5.710545],[38.885509,-5.729099],[38.872813,-5.74505],[38.854666,-5.782159],[38.83253,-5.815606],[38.825369,-5.837172],[38.821625,-5.860528],[38.8213,-5.924981],[38.817068,-5.934747],[38.810557,-5.941664],[38.804942,-5.950372],[38.801036,-5.959731],[38.800304,-5.963067],[38.794932,-5.988539],[38.785411,-6.008884],[38.778005,-6.030694],[38.779063,-6.054864],[38.782725,-6.061293],[38.795177,-6.075616],[38.799571,-6.082208],[38.809093,-6.120701],[38.813243,-6.130629],[38.819102,-6.136407],[38.841156,-6.150486],[38.856781,-6.16367],[38.858572,-6.169854],[38.862478,-6.207615],[38.860037,-6.231622],[38.853038,-6.253188],[38.841156,-6.267755],[38.848806,-6.292657],[38.852224,-6.348728],[38.864757,-6.37363],[38.875662,-6.381524],[38.88795,-6.387872],[38.898285,-6.394708],[38.902599,-6.404392],[38.904145,-6.415134],[38.908539,-6.426365],[38.91505,-6.4367],[38.923106,-6.445245],[38.928884,-6.449395],[38.93393,-6.45143],[38.947032,-6.452081],[38.953868,-6.455011],[38.957286,-6.461521],[38.960134,-6.46852],[38.964692,-6.47324],[38.977306,-6.475518],[39.005056,-6.476983],[39.01588,-6.483168],[39.026052,-6.486993],[39.036876,-6.483168],[39.035899,-6.475193],[39.027192,-6.471368],[39.011078,-6.465102],[38.991384,-6.452081],[39.02003,-6.46087],[39.040863,-6.470147],[39.096202,-6.522393],[39.129161,-6.561944],[39.155528,-6.580743],[39.163341,-6.589288],[39.178396,-6.615004],[39.187266,-6.6242],[39.204275,-6.634373],[39.212738,-6.641778],[39.219412,-6.65309],[39.223399,-6.666111],[39.224783,-6.678806],[39.230968,-6.703709],[39.24586,-6.731052],[39.263927,-6.744399],[39.28004,-6.727146],[39.284434,-6.756117],[39.279796,-6.795099],[39.280284,-6.830499],[39.300466,-6.849379],[39.299815,-6.83115],[39.298188,-6.823419],[39.293712,-6.815199],[39.312022,-6.816339],[39.326508,-6.821954],[39.354991,-6.839125],[39.370291,-6.843194],[39.400564,-6.84588],[39.413097,-6.852797],[39.427908,-6.858087],[39.464529,-6.85768],[39.47169,-6.863377],[39.475922,-6.87713],[39.494314,-6.9013],[39.502696,-6.930841],[39.550548,-6.993829],[39.553722,-7.000746],[39.552582,-7.010431],[39.547699,-7.016534],[39.542491,-7.021742],[39.54005,-7.02809],[39.548595,-7.091892],[39.547537,-7.118259],[39.532563,-7.116876],[39.522472,-7.129571],[39.514903,-7.156671],[39.509044,-7.16839],[39.497895,-7.177179],[39.488455,-7.176935],[39.481293,-7.168064],[39.477875,-7.151056],[39.435883,-7.180271],[39.434744,-7.181736],[39.426768,-7.192315],[39.421153,-7.210138],[39.418793,-7.22617],[39.414399,-7.240899],[39.402843,-7.254653],[39.389903,-7.264825],[39.383637,-7.267348],[39.375255,-7.268324],[39.367442,-7.271417],[39.368419,-7.278904],[39.372895,-7.287774],[39.375662,-7.295587],[39.369802,-7.306899],[39.355968,-7.309503],[39.340099,-7.308526],[39.32781,-7.309259],[39.337576,-7.325372],[39.347504,-7.336521],[39.354259,-7.349298],[39.35434,-7.370782],[39.349946,-7.385431],[39.341075,-7.405938],[39.330414,-7.424249],[39.303966,-7.4485],[39.292328,-7.486261],[39.27475,-7.596449],[39.27589,-7.616957],[39.28004,-7.637628],[39.292817,-7.669692],[39.296235,-7.688409],[39.290294,-7.703383],[39.286876,-7.717543],[39.302013,-7.754083],[39.29713,-7.771661],[39.252615,-7.823337],[39.283214,-7.816583],[39.305024,-7.791762],[39.319347,-7.758559],[39.32781,-7.726332],[39.343272,-7.738946],[39.355235,-7.752537],[39.3567,-7.76686],[39.340831,-7.781671],[39.378429,-7.778009],[39.395518,-7.77988],[39.413097,-7.792169],[39.440278,-7.818536],[39.443533,-7.832615],[39.437022,-7.857354],[39.422211,-7.889744],[39.420909,-7.902032],[39.431651,-7.936944],[39.432628,-7.976007],[39.437022,-7.99391],[39.452403,-7.98447],[39.45753,-7.979669],[39.454356,-8.010431],[39.441905,-8.03867],[39.409679,-8.089532],[39.376475,-8.179457],[39.361827,-8.206801],[39.354991,-8.203546],[39.351899,-8.20379],[39.348643,-8.205499],[39.340831,-8.206801],[39.34783,-8.221612],[39.345551,-8.25742],[39.348318,-8.275079],[39.333995,-8.268813],[39.333832,-8.276788],[39.32781,-8.295587],[39.311534,-8.277765],[39.303233,-8.271661],[39.293712,-8.268813],[39.301606,-8.28338],[39.302094,-8.295099],[39.294932,-8.303806],[39.28004,-8.309259],[39.292735,-8.334893],[39.300955,-8.361098],[39.305349,-8.38893],[39.306651,-8.419366],[39.299978,-8.477309],[39.303071,-8.505466],[39.336436,-8.539483],[39.348969,-8.562595],[39.357677,-8.588311],[39.361827,-8.610935],[39.360037,-8.694431],[39.35434,-8.713962],[39.389334,-8.72381],[39.395274,-8.730076],[39.398123,-8.738051],[39.402192,-8.74505],[39.413097,-8.748142],[39.433116,-8.749607],[39.439138,-8.755466],[39.439626,-8.767836],[39.443858,-8.788995],[39.452647,-8.805352],[39.463634,-8.812758],[39.475597,-8.817966],[39.488536,-8.826918],[39.497081,-8.840916],[39.508556,-8.875909],[39.519542,-8.892022],[39.547699,-8.913181],[39.553722,-8.922296],[39.539724,-8.926202],[39.527843,-8.92547],[39.520681,-8.923028],[39.506033,-8.911879],[39.50408,-8.909763],[39.484874,-8.892022],[39.46461,-8.867446],[39.449392,-8.858657],[39.430186,-8.861261],[39.418956,-8.865818],[39.413097,-8.867364],[39.408946,-8.870212],[39.388682,-8.898858],[39.403819,-8.904555],[39.464203,-8.898858],[39.450938,-8.915134],[39.447602,-8.925551],[39.455333,-8.931329],[39.474864,-8.933038],[39.491873,-8.938409],[39.492035,-8.952325],[39.486176,-8.972101],[39.484874,-8.994399],[39.487315,-8.998142],[39.496267,-9.004978],[39.498546,-9.008722],[39.49879,-9.027602],[39.498546,-9.029229],[39.493175,-9.039321],[39.492361,-9.042901],[39.494477,-9.045343],[39.499197,-9.047133],[39.503754,-9.050226],[39.506033,-9.056248],[39.503103,-9.065851],[39.497325,-9.072361],[39.493337,-9.079522],[39.495372,-9.09059],[39.502696,-9.106622],[39.502696,-9.11419],[39.498546,-9.1242],[39.512706,-9.121189],[39.529959,-9.113051],[39.546072,-9.10296],[39.55714,-9.093845],[39.569184,-9.093032],[39.583669,-9.106215],[39.62672,-9.160333],[39.643809,-9.18906],[39.648611,-9.219903],[39.632823,-9.251397],[39.632091,-9.258477],[39.63795,-9.266697],[39.645518,-9.274998],[39.649913,-9.282485],[39.649913,-9.293634],[39.644379,-9.313735],[39.643077,-9.323419],[39.646251,-9.356622],[39.642833,-9.368585],[39.629405,-9.385512],[39.615977,-9.397149],[39.607188,-9.399102],[39.597423,-9.397638],[39.581554,-9.399184],[39.569102,-9.404962],[39.563975,-9.414239],[39.56422,-9.428155],[39.567393,-9.447524],[39.576345,-9.443129],[39.587738,-9.441095],[39.608409,-9.440118],[39.61085,-9.429132],[39.615896,-9.4249],[39.625743,-9.429864],[39.632091,-9.436456],[39.635509,-9.439142],[39.639659,-9.440118],[39.650727,-9.444757],[39.652354,-9.455173],[39.650157,-9.466567],[39.649913,-9.474298],[39.656749,-9.483494],[39.680675,-9.505304],[39.689138,-9.524998],[39.700938,-9.579522],[39.711436,-9.594659],[39.724946,-9.604099],[39.722341,-9.610528],[39.714366,-9.616795],[39.712087,-9.625095],[39.717052,-9.635919],[39.721934,-9.642836],[39.735199,-9.655857],[39.740896,-9.666762],[39.737478,-9.687107],[39.746593,-9.706476],[39.738455,-9.712986],[39.718272,-9.720636],[39.701427,-9.736423],[39.696951,-9.744887],[39.705089,-9.74863],[39.744802,-9.747735],[39.752289,-9.74863],[39.755544,-9.755792],[39.763438,-9.78281],[39.769705,-9.793064],[39.786143,-9.804946],[39.793956,-9.812433],[39.800629,-9.823826],[39.807302,-9.852227],[39.800059,-9.872654],[39.781261,-9.88242],[39.752289,-9.879002],[39.760753,-9.892511],[39.789236,-9.914239],[39.790212,-9.923028],[39.77947,-9.930108],[39.744965,-9.944594],[39.714203,-9.952081],[39.713715,-9.963556],[39.726329,-9.988865],[39.724376,-10.007501],[39.717052,-10.02158],[39.705414,-10.032892],[39.690766,-10.04339],[39.716482,-10.038751],[39.763194,-9.982843],[39.783702,-9.98504],[39.797048,-9.992446],[39.826915,-9.99033],[39.848155,-10.011407],[39.861339,-10.013116],[39.875987,-10.012465],[39.889415,-10.014907],[39.914317,-10.033868],[39.974946,-10.133396],[39.976817,-10.191013],[39.985118,-10.220961],[39.995372,-10.20908],[40.000499,-10.192641],[40.000662,-10.175226],[39.995616,-10.159845],[39.986583,-10.139744],[39.98878,-10.13128],[40.000662,-10.130141],[40.019786,-10.132908],[40.034353,-10.13714],[40.065278,-10.150486],[40.084809,-10.155043],[40.124766,-10.169366],[40.129649,-10.168227],[40.13266,-10.169692],[40.135916,-10.180597],[40.134044,-10.193536],[40.127452,-10.206964],[40.124278,-10.221612],[40.132498,-10.238377],[40.135509,-10.247654],[40.128103,-10.252699],[40.118419,-10.256931],[40.115408,-10.263116],[40.120616,-10.271173],[40.125824,-10.271742],[40.131114,-10.269464],[40.135916,-10.268731],[40.152599,-10.278904],[40.160411,-10.28045],[40.163829,-10.272556],[40.164561,-10.26214],[40.167654,-10.25628],[40.173839,-10.255141],[40.184337,-10.259454],[40.196544,-10.267755],[40.219737,-10.288181],[40.232107,-10.296645],[40.231944,-10.28753],[40.233653,-10.281183],[40.236339,-10.275811],[40.238943,-10.268731],[40.246837,-10.274102],[40.252778,-10.275567],[40.2588,-10.273696],[40.266856,-10.268731],[40.249848,-10.263849],[40.198009,-10.24212],[40.232107,-10.200453],[40.245372,-10.204685],[40.25115,-10.215997],[40.254161,-10.229913],[40.259451,-10.24212],[40.26824,-10.2492],[40.290701,-10.259942],[40.301036,-10.268731],[40.306488,-10.277602],[40.338715,-10.34881],[40.348806,-10.358087],[40.351329,-10.356378],[40.38502,-10.363051],[40.389822,-10.364923],[40.42213,-10.355645],[40.426768,-10.33587],[40.414806,-10.320408],[40.397227,-10.323907],[40.392589,-10.312107],[40.396007,-10.303481],[40.405121,-10.298435],[40.417735,-10.296645],[40.427013,-10.300063],[40.431407,-10.308282],[40.434825,-10.318455],[40.440684,-10.327325],[40.449392,-10.345392],[40.440196,-10.361423],[40.423676,-10.37656],[40.410899,-10.392267],[40.417247,-10.391697],[40.430512,-10.392755],[40.43686,-10.392267],[40.426036,-10.426202],[40.424571,-10.437188],[40.427257,-10.444757],[40.432872,-10.452325],[40.437511,-10.461602],[40.43686,-10.474786],[40.421026,-10.503751],[40.389193,-10.535273],[40.35333,-10.560698],[40.288527,-10.583022],[40.2507,-10.610927],[40.191582,-10.668805],[40.172772,-10.693093],[40.161093,-10.704358],[40.133188,-10.71459],[40.008131,-10.811122],[39.989114,-10.82094],[39.885968,-10.864452],[39.785819,-10.932562],[39.760498,-10.943104],[39.592756,-10.97938],[39.515655,-10.985065],[39.498498,-10.990646],[39.482685,-10.999224],[39.286625,-11.15415],[39.263267,-11.166759],[39.238152,-11.174201],[39.211591,-11.17389],[39.190507,-11.166242],[39.149786,-11.144332],[39.126221,-11.139681],[39.095422,-11.153427],[39.060799,-11.160145],[38.930057,-11.160041],[38.896261,-11.167689],[38.869493,-11.190737],[38.851923,-11.202829],[38.831045,-11.207997],[38.817816,-11.216265],[38.778025,-11.253679],[38.759732,-11.263187],[38.748673,-11.262774],[38.727072,-11.25771],[38.715083,-11.256469],[38.704231,-11.258536],[38.683974,-11.267838],[38.654209,-11.275796],[38.638189,-11.289232],[38.615658,-11.317241],[38.517163,-11.383077],[38.492255,-11.413462],[38.491688,-11.413137],[38.462386,-11.396306],[38.383114,-11.376669],[38.347664,-11.358789],[38.292474,-11.301635],[38.25661,-11.27714],[38.210411,-11.270009],[38.20049,-11.272696],[38.178372,-11.281791],[38.1669,-11.283755],[38.155014,-11.280551],[38.135377,-11.266391],[38.125662,-11.263187],[38.122458,-11.261224],[38.117187,-11.252025],[38.11543,-11.249545],[38.109332,-11.249648],[38.104268,-11.252025],[38.101167,-11.254919],[38.101167,-11.256469],[38.093357,-11.25631],[38.070782,-11.255849],[38.013628,-11.265461],[38.004222,-11.27528],[37.995334,-11.277553],[37.954613,-11.280034],[37.938077,-11.283961],[37.875238,-11.319101],[37.868417,-11.327783],[37.865833,-11.342459],[37.850433,-11.387624],[37.841028,-11.39982],[37.842475,-11.417803],[37.818497,-11.459868],[37.813226,-11.482295],[37.817257,-11.495628],[37.823252,-11.507927],[37.825112,-11.520226],[37.816947,-11.533558],[37.804441,-11.544514],[37.783667,-11.55888],[37.710907,-11.590403],[37.666362,-11.625543],[37.647758,-11.635981],[37.626364,-11.639702],[37.594635,-11.640012],[37.572931,-11.644146],[37.536757,-11.662956],[37.51588,-11.667297],[37.503788,-11.672671],[37.496036,-11.685074],[37.490352,-11.698923],[37.484771,-11.708845],[37.476399,-11.715976],[37.469681,-11.71949],[37.450665,-11.722591],[37.427824,-11.722591],[37.378318,-11.708845],[37.370153,-11.704814],[37.352376,-11.686314],[37.3408,-11.68094],[37.331395,-11.68156],[37.323644,-11.68528],[37.315789,-11.690241],[37.306074,-11.694582],[37.27021,-11.698406],[37.226595,-11.693755],[37.141639,-11.674738],[37.106499,-11.658099],[37.071566,-11.62916],[37.044384,-11.595674],[37.032395,-11.564874],[37.016686,-11.573969],[37.007797,-11.580584],[36.998392,-11.584615],[36.905892,-11.59278],[36.891112,-11.589989],[36.866307,-11.574176],[36.846567,-11.572729],[36.837059,-11.567975],[36.820109,-11.573556],[36.77484,-11.626266],[36.747038,-11.66647],[36.738047,-11.674738],[36.726574,-11.680733],[36.689677,-11.694582],[36.679962,-11.702437],[36.674588,-11.708845],[36.66725,-11.713392],[36.640585,-11.716286],[36.625702,-11.721351],[36.562967,-11.731272],[36.545707,-11.729412],[36.520592,-11.717113],[36.515011,-11.715046],[36.508707,-11.709775],[36.502712,-11.686314],[36.494857,-11.68094],[36.378068,-11.68094],[36.373314,-11.68311],[36.368147,-11.687761],[36.361222,-11.692412],[36.329803,-11.697063],[36.293422,-11.707295],[36.278746,-11.708845],[36.268411,-11.705951],[36.252908,-11.696649],[36.240919,-11.694582],[36.199681,-11.701507],[36.188209,-11.693652],[36.179218,-11.675565],[36.17622,-11.654998],[36.182628,-11.640012],[36.17591,-11.620065],[36.173637,-11.597431],[36.168055,-11.578724],[36.151932,-11.571076],[36.142837,-11.569008],[36.136016,-11.563841],[36.129505,-11.557123],[36.121133,-11.550612],[36.111521,-11.546581],[36.089404,-11.540897],[36.079585,-11.536969],[36.043102,-11.514852],[36.022225,-11.505653],[36.007859,-11.506583],[35.988532,-11.512164],[35.969825,-11.502449],[35.960833,-11.483536],[35.970341,-11.461211],[35.953082,-11.440644],[35.939749,-11.434133],[35.902025,-11.434546],[35.895617,-11.432789],[35.867299,-11.420904],[35.826371,-11.413462],[35.813142,-11.422351],[35.781929,-11.461211],[35.764256,-11.474854],[35.714026,-11.483846],[35.69563,-11.494594],[35.703381,-11.516505],[35.691289,-11.524257],[35.68023,-11.537589],[35.671858,-11.551438],[35.66483,-11.572006],[35.654805,-11.57831],[35.600855,-11.592263],[35.599718,-11.59216],[35.576257,-11.605182],[35.559824,-11.601048],[35.543701,-11.594743],[35.532745,-11.59557],[35.531505,-11.612727],[35.520136,-11.609109],[35.515589,-11.603528],[35.513005,-11.596604],[35.507631,-11.589059],[35.498742,-11.582341],[35.494091,-11.581824],[35.490164,-11.584098],[35.483653,-11.585958],[35.483446,-11.586889],[35.470114,-11.59216],[35.465773,-11.592573],[35.441175,-11.591436],[35.431873,-11.588439],[35.425258,-11.582031],[35.423501,-11.576553],[35.381747,-11.57769],[34.964615,-11.573556],[34.962961,-11.564874],[34.962961,-11.513095],[34.960687,-11.498522],[34.955726,-11.48674],[34.950972,-11.477748],[34.948698,-11.471753],[34.944461,-11.464415],[34.935056,-11.456457],[34.925651,-11.445915],[34.917072,-11.418837],[34.898366,-11.403541],[34.894128,-11.395996],[34.886583,-11.375429],[34.867876,-11.358789],[34.843692,-11.346283],[34.80049,-11.331917],[34.792325,-11.330883],[34.784884,-11.333467],[34.772172,-11.344423],[34.765557,-11.345146],[34.759149,-11.337498],[34.737032,-11.296777],[34.743026,-11.293676],[34.751604,-11.287062],[34.757496,-11.283755],[34.757496,-11.277553],[34.741683,-11.268665],[34.72866,-11.253989],[34.719772,-11.234559],[34.716568,-11.211718],[34.714087,-11.202726],[34.707886,-11.194974],[34.699928,-11.189497],[34.681841,-11.185053],[34.677087,-11.178748],[34.673986,-11.169963],[34.668715,-11.160145],[34.62107,-11.119734],[34.613525,-11.102164],[34.610631,-11.077669],[34.597299,-11.036638],[34.592958,-11.016174],[34.597919,-10.990956],[34.617838,-10.965739],[34.627064,-10.954059],[34.645461,-10.913235],[34.647631,-10.902899],[34.647631,-10.858561],[34.660551,-10.796032],[34.656727,-10.769884],[34.662824,-10.761409],[34.67502,-10.752418],[34.672436,-10.739498],[34.666442,-10.732367],[34.65993,-10.727716],[34.655693,-10.722032],[34.653936,-10.717588],[34.647631,-10.708389],[34.660861,-10.687305],[34.660034,-10.665498],[34.650525,-10.645344],[34.629028,-10.620229],[34.626341,-10.614338],[34.627168,-10.595114],[34.624377,-10.583436],[34.620859,-10.582423],[34.617556,-10.581472],[34.608874,-10.581989],[34.600399,-10.578061],[34.592338,-10.566692],[34.585723,-10.553567],[34.581072,-10.539717],[34.580088,-10.531845],[34.579419,-10.526488],[34.581486,-10.513672],[34.590787,-10.491245],[34.592958,-10.481736],[34.58872,-10.463133],[34.569497,-10.431404],[34.565053,-10.409803],[34.58531,-10.300662],[34.58562,-10.290017],[34.583449,-10.277614],[34.575078,-10.255807],[34.565569,-10.202684],[34.532393,-10.12889],[34.524745,-10.094783],[34.526812,-10.084861],[34.5357,-10.065328],[34.537767,-10.053855],[34.536424,-10.043003],[34.524745,-10.008794],[34.494669,-9.966729],[34.4833,-9.946162],[34.383462,-9.823792],[34.382325,-9.819658],[34.364238,-9.802398],[34.35969,-9.799918],[34.33747,-9.77718],[34.331682,-9.769222],[34.326721,-9.750308],[34.32424,-9.732428],[34.317936,-9.719199],[34.288067,-9.70845],[34.190812,-9.606751],[34.161873,-9.593625],[34.144613,-9.574918],[34.137068,-9.570577],[34.103169,-9.529856],[34.089319,-9.522208],[34.079811,-9.511046],[34.078491,-9.510186],[34.047461,-9.489962],[34.012735,-9.477457],[33.996508,-9.491823],[33.984313,-9.505569],[33.960748,-9.524896],[33.945866,-9.55001],[33.964469,-9.594659],[33.962609,-9.612125],[33.955581,-9.642304],[33.954857,-9.660598],[33.951343,-9.67362],[33.943075,-9.683852],[33.928296,-9.693464],[33.928296,-9.700285],[33.911862,-9.717959],[33.900184,-9.709587],[33.889332,-9.689743],[33.86525,-9.66959],[33.836932,-9.652846],[33.813471,-9.643338],[33.787529,-9.626491],[33.762001,-9.600963],[33.734612,-9.584117],[33.702521,-9.592902],[33.676063,-9.607681],[33.650638,-9.610988],[33.650135,-9.610901],[33.62387,-9.606338],[33.593381,-9.596829],[33.559481,-9.593315],[33.535193,-9.60334],[33.511628,-9.616983],[33.480519,-9.624424],[33.438971,-9.62153],[33.419644,-9.615639],[33.404245,-9.604891],[33.392204,-9.586184],[33.374996,-9.54908],[33.356496,-9.53182],[33.300272,-9.492236],[33.282392,-9.486035],[33.273503,-9.487688],[33.25769,-9.498024],[33.249112,-9.500711],[33.237123,-9.499574],[33.216349,-9.493373],[33.202397,-9.493476],[33.195782,-9.49668],[33.182036,-9.507946],[33.172941,-9.511046],[33.16922,-9.508876],[33.13992,-9.497404],[33.112996,-9.491513],[33.103901,-9.487895],[33.042303,-9.440663],[32.99228,-9.391364],[32.97471,-9.381235],[32.95528,-9.382062],[32.936263,-9.391674],[32.920863,-9.4079]]],[[[39.895681,-7.637628],[39.910981,-7.654474],[39.909353,-7.6867],[39.893403,-7.754083],[39.864919,-7.819024],[39.851573,-7.837091],[39.84962,-7.844496],[39.849783,-7.850844],[39.848481,-7.857354],[39.841645,-7.877862],[39.838634,-7.883233],[39.829926,-7.894952],[39.828136,-7.902032],[39.823253,-7.913995],[39.811371,-7.913995],[39.783702,-7.905857],[39.754649,-7.915297],[39.741954,-7.936944],[39.73585,-7.959893],[39.726329,-7.973403],[39.686778,-7.988865],[39.666515,-7.993422],[39.649913,-7.99391],[39.629731,-7.985772],[39.603282,-7.957696],[39.587169,-7.945489],[39.596528,-7.943292],[39.613455,-7.942641],[39.621918,-7.939223],[39.622081,-7.936456],[39.624685,-7.929295],[39.62794,-7.922784],[39.629405,-7.92254],[39.631684,-7.914972],[39.63738,-7.913181],[39.644216,-7.91367],[39.649913,-7.911879],[39.693044,-7.870294],[39.70753,-7.847426],[39.698253,-7.836196],[39.703868,-7.819431],[39.715343,-7.811619],[39.730968,-7.809503],[39.749278,-7.809666],[39.765961,-7.806329],[39.797211,-7.791925],[39.814301,-7.788507],[39.808767,-7.78045],[39.799327,-7.778985],[39.773448,-7.781671],[39.773448,-7.775486],[39.785492,-7.772556],[39.796072,-7.767022],[39.814301,-7.754327],[39.835704,-7.745538],[39.8449,-7.737726],[39.851817,-7.712091],[39.859874,-7.697198],[39.869802,-7.684177],[39.878673,-7.678643],[39.883556,-7.673435],[39.893728,-7.647638],[39.895681,-7.637628]]],[[[39.543468,-6.321222],[39.54713,-6.330255],[39.574067,-6.377618],[39.569509,-6.420831],[39.544281,-6.45086],[39.508474,-6.462823],[39.47169,-6.452081],[39.457205,-6.439142],[39.443696,-6.421563],[39.43393,-6.401544],[39.414236,-6.316339],[39.416515,-6.301365],[39.394054,-6.308201],[39.394216,-6.319024],[39.403575,-6.332208],[39.409679,-6.345798],[39.408458,-6.368259],[39.403575,-6.373712],[39.375662,-6.363377],[39.380056,-6.344171],[39.37436,-6.32879],[39.348318,-6.301365],[39.316905,-6.253025],[39.308116,-6.245701],[39.300466,-6.239353],[39.286876,-6.246759],[39.286876,-6.254083],[39.292735,-6.254978],[39.293468,-6.257908],[39.292654,-6.262302],[39.293712,-6.267755],[39.280284,-6.258477],[39.276052,-6.274102],[39.279552,-6.296645],[39.290294,-6.308201],[39.287852,-6.309503],[39.286306,-6.3117],[39.282481,-6.312188],[39.273204,-6.308201],[39.264171,-6.302423],[39.260753,-6.298598],[39.258474,-6.294529],[39.208018,-6.236505],[39.198578,-6.220798],[39.185802,-6.175877],[39.177013,-6.157892],[39.212901,-6.11419],[39.204763,-6.05641],[39.186209,-5.994317],[39.190603,-5.938165],[39.189464,-5.925958],[39.19044,-5.914239],[39.193207,-5.904067],[39.197439,-5.896661],[39.20045,-5.901951],[39.208181,-5.912205],[39.211111,-5.917739],[39.227794,-5.89072],[39.26352,-5.861098],[39.28004,-5.841974],[39.288259,-5.810479],[39.295258,-5.736505],[39.313487,-5.718438],[39.325206,-5.748956],[39.355724,-5.803806],[39.361827,-5.838962],[39.354747,-5.881036],[39.35434,-5.896661],[39.357432,-5.912042],[39.366222,-5.940525],[39.368012,-5.955255],[39.372569,-5.970798],[39.391775,-6.002211],[39.402843,-6.048028],[39.408946,-6.051528],[39.430186,-6.054864],[39.432384,-6.068292],[39.429861,-6.080499],[39.425548,-6.092869],[39.42335,-6.106378],[39.423839,-6.122328],[39.425792,-6.134454],[39.429861,-6.145603],[39.437022,-6.157892],[39.425059,-6.172621],[39.419932,-6.180759],[39.416515,-6.192071],[39.431,-6.185968],[39.439952,-6.192071],[39.44752,-6.203302],[39.45753,-6.212009],[39.458263,-6.197198],[39.464854,-6.187433],[39.472911,-6.1867],[39.477875,-6.198907],[39.482432,-6.198337],[39.483653,-6.197686],[39.483653,-6.195977],[39.484874,-6.192071],[39.500987,-6.196222],[39.50115,-6.175388],[39.49643,-6.145685],[39.498546,-6.123793],[39.515961,-6.146661],[39.524913,-6.175063],[39.543468,-6.321222]]],[[[39.643077,-5.413995],[39.643565,-5.379002],[39.647472,-5.363051],[39.656749,-5.349216],[39.650564,-5.338474],[39.663097,-5.336358],[39.698253,-5.34238],[39.690196,-5.32822],[39.669281,-5.302667],[39.663585,-5.287205],[39.67921,-5.291192],[39.698904,-5.292657],[39.716563,-5.289646],[39.726329,-5.280369],[39.714854,-5.277765],[39.705089,-5.274102],[39.697032,-5.268487],[39.690766,-5.259861],[39.706391,-5.260024],[39.730317,-5.253839],[39.746104,-5.253025],[39.764171,-5.262384],[39.774099,-5.259535],[39.780935,-5.239353],[39.760753,-5.24684],[39.736339,-5.240004],[39.690766,-5.211358],[39.680919,-5.217706],[39.668712,-5.213962],[39.6574,-5.20379],[39.649913,-5.190851],[39.660655,-5.195245],[39.667735,-5.200372],[39.67449,-5.202325],[39.68393,-5.197686],[39.693533,-5.200616],[39.72755,-5.205743],[39.746104,-5.205173],[39.738617,-5.197686],[39.746267,-5.178318],[39.742524,-5.161798],[39.731781,-5.156508],[39.718272,-5.170505],[39.723481,-5.15016],[39.726329,-5.143731],[39.72047,-5.136326],[39.712657,-5.131443],[39.702647,-5.131036],[39.690766,-5.137465],[39.693044,-5.126397],[39.694591,-5.12184],[39.698253,-5.115818],[39.694184,-5.103936],[39.695486,-5.089776],[39.700694,-5.079197],[39.708263,-5.078302],[39.720063,-5.083917],[39.725434,-5.080499],[39.72462,-5.071873],[39.718272,-5.061782],[39.709646,-5.056736],[39.677257,-5.044366],[39.680186,-5.034845],[39.694021,-5.023696],[39.698253,-5.01336],[39.68393,-5.020196],[39.675792,-5.001723],[39.681163,-4.987237],[39.694672,-4.982517],[39.712087,-4.992852],[39.715994,-4.976821],[39.704763,-4.967462],[39.688487,-4.958754],[39.677257,-4.945082],[39.676768,-4.933526],[39.682872,-4.905532],[39.684093,-4.890313],[39.686371,-4.89544],[39.688731,-4.899591],[39.69158,-4.90252],[39.694591,-4.903497],[39.702322,-4.907892],[39.707774,-4.917413],[39.711111,-4.927016],[39.712087,-4.93141],[39.723155,-4.929864],[39.726899,-4.922459],[39.729015,-4.914239],[39.735199,-4.910333],[39.740245,-4.913832],[39.756358,-4.929864],[39.759776,-4.934503],[39.805919,-4.96087],[39.814301,-4.968683],[39.814952,-4.980157],[39.817393,-4.990167],[39.821544,-4.993829],[39.828136,-4.986017],[39.827403,-4.97796],[39.823578,-4.968357],[39.823741,-4.957208],[39.835623,-4.945082],[39.836681,-4.952407],[39.84018,-4.959893],[39.841645,-4.96559],[39.849864,-4.949151],[39.855724,-4.929132],[39.857921,-4.910252],[39.855968,-4.897231],[39.869477,-4.90602],[39.869477,-4.926446],[39.866873,-4.950291],[39.878184,-4.987726],[39.866954,-5.005792],[39.849132,-5.019789],[39.835623,-5.026462],[39.840587,-5.044203],[39.837413,-5.063572],[39.831309,-5.083185],[39.828136,-5.102146],[39.837738,-5.132094],[39.838634,-5.137465],[39.84783,-5.133233],[39.848643,-5.123712],[39.846853,-5.113946],[39.848481,-5.108982],[39.861176,-5.114516],[39.862804,-5.132094],[39.855968,-5.170505],[39.855642,-5.229425],[39.848481,-5.245538],[39.855968,-5.253025],[39.844005,-5.267022],[39.814301,-5.355401],[39.806651,-5.366143],[39.802501,-5.370375],[39.801036,-5.376723],[39.800629,-5.39365],[39.796072,-5.406834],[39.787283,-5.409112],[39.781505,-5.401056],[39.786388,-5.383233],[39.780935,-5.383233],[39.774181,-5.399509],[39.770681,-5.40545],[39.765961,-5.410577],[39.769298,-5.421157],[39.764008,-5.432306],[39.752778,-5.442641],[39.738617,-5.451593],[39.729015,-5.454197],[39.726329,-5.450453],[39.729747,-5.444106],[39.738617,-5.438572],[39.738617,-5.431085],[39.724376,-5.434666],[39.713634,-5.441339],[39.705414,-5.442966],[39.698253,-5.431085],[39.663422,-5.432224],[39.648936,-5.427504],[39.643077,-5.413995]]],[[[39.74204,-7.994825],[39.774144,-7.991283],[39.796737,-7.992453],[39.801492,-8.006587],[39.790786,-8.01955],[39.749165,-8.065492],[39.719439,-8.092572],[39.702796,-8.091393],[39.696853,-8.074908],[39.7028,-8.049004],[39.714692,-8.027809],[39.74204,-7.994825]]],[[[39.226104,-5.769169],[39.225426,-5.782854],[39.230259,-5.800642],[39.238521,-5.812955],[39.231648,-5.823217],[39.237848,-5.836212],[39.237862,-5.856047],[39.225479,-5.858787],[39.21447,-5.858106],[39.212396,-5.843742],[39.214449,-5.825956],[39.217181,-5.797907],[39.214412,-5.77738],[39.226104,-5.769169]]],[[[39.575458,-5.394548],[39.584243,-5.399198],[39.598887,-5.408501],[39.609437,-5.423047],[39.621161,-5.441083],[39.636967,-5.446886],[39.652181,-5.450943],[39.662138,-5.46374],[39.659811,-5.47597],[39.6329,-5.477752],[39.615331,-5.463799],[39.600097,-5.445767],[39.591304,-5.432966],[39.579585,-5.420748],[39.569029,-5.406201],[39.575458,-5.394548]]]]}},{"type":"Feature","properties":{"name":"DR Congo","orig":"Democratic Republic of the Congo","pop_m":105.0,"basin_share":1},"geometry":{"type":"MultiPolygon","coordinates":[[[[18.626387,3.476869],[18.593004,3.709775],[18.612848,3.833746],[18.612024,3.866611],[18.611711,3.879093],[18.613675,3.901468],[18.634552,3.93573],[18.64158,3.958261],[18.645301,3.982445],[18.646541,4.045982],[18.632692,4.130421],[18.619669,4.169566],[18.583909,4.235789],[18.578638,4.254858],[18.57254,4.265684],[18.545048,4.289016],[18.53709,4.306069],[18.541948,4.327851],[18.556831,4.354154],[18.576468,4.372757],[18.595795,4.371259],[18.614295,4.359813],[18.633932,4.355963],[18.654086,4.357229],[18.674343,4.361311],[18.721058,4.377357],[18.753304,4.400611],[18.776972,4.433451],[18.828235,4.559981],[18.85242,4.594062],[18.886526,4.621399],[18.897895,4.650647],[18.900169,4.652146],[18.90451,4.655867],[18.923837,4.662869],[18.928178,4.666435],[18.962284,4.724441],[18.980474,4.739402],[18.998044,4.750641],[19.011583,4.765033],[19.019748,4.8033],[19.02688,4.811516],[19.035768,4.818002],[19.044139,4.82689],[19.048997,4.836528],[19.057782,4.867792],[19.069047,4.891253],[19.08331,4.90934],[19.106741,4.931518],[19.116176,4.940449],[19.133023,4.946934],[19.179015,4.946418],[19.195655,4.950345],[19.214672,4.976131],[19.229761,5.002176],[19.236996,5.010781],[19.283815,5.032278],[19.373112,5.087546],[19.394196,5.116976],[19.408975,5.130386],[19.431506,5.135967],[19.496515,5.133796],[19.517082,5.135967],[19.548605,5.151366],[19.568759,5.15519],[19.605552,5.138292],[19.71955,5.135967],[19.728749,5.133848],[19.748799,5.124417],[19.779185,5.118164],[19.82466,5.096977],[19.838613,5.087546],[19.850188,5.073748],[19.858163,5.060305],[19.87551,5.031064],[19.880367,5.015535],[19.890909,5.002125],[19.915404,4.993107],[20.003977,4.974478],[20.031056,4.957993],[20.05462,4.937813],[20.08635,4.916264],[20.152599,4.890685],[20.171719,4.87836],[20.217194,4.822446],[20.236625,4.806349],[20.254815,4.797124],[20.301737,4.781647],[20.322511,4.779063],[20.338944,4.771906],[20.354034,4.755396],[20.373671,4.724441],[20.395478,4.677106],[20.403746,4.669845],[20.420593,4.662352],[20.44023,4.64411],[20.456456,4.621502],[20.463071,4.600935],[20.45718,4.58644],[20.447051,4.569671],[20.44209,4.550499],[20.452322,4.528924],[20.456713,4.524816],[20.559809,4.428361],[20.580273,4.415003],[20.603114,4.409732],[20.68838,4.42278],[20.767859,4.42278],[20.791836,4.426191],[20.807029,4.434252],[20.818708,4.443528],[20.832351,4.450686],[20.871521,4.453373],[20.963505,4.433736],[21.059624,4.398596],[21.076057,4.395469],[21.084222,4.388235],[21.103445,4.353275],[21.113574,4.340847],[21.137965,4.332682],[21.150057,4.326714],[21.158119,4.310203],[21.16556,4.307154],[21.185611,4.306069],[21.195739,4.302917],[21.202974,4.296638],[21.210932,4.291574],[21.223438,4.292452],[21.23243,4.297827],[21.239148,4.305604],[21.244625,4.313769],[21.250723,4.320358],[21.258371,4.32599],[21.265916,4.330073],[21.275321,4.332527],[21.288344,4.33338],[21.298886,4.330228],[21.3055,4.323148],[21.310358,4.316094],[21.358313,4.285553],[21.37485,4.278164],[21.397691,4.271627],[21.416915,4.270076],[21.460219,4.271937],[21.473138,4.269301],[21.48244,4.263126],[21.489882,4.256253],[21.49722,4.251473],[21.508072,4.249406],[21.527812,4.249251],[21.538147,4.244652],[21.634162,4.294209],[21.651112,4.295656],[21.688939,4.292452],[21.722942,4.295139],[21.737308,4.293382],[21.758496,4.285605],[21.76325,4.281678],[21.76604,4.277208],[21.771001,4.273487],[21.78206,4.271937],[21.810999,4.273177],[21.819887,4.271937],[21.838077,4.263255],[21.851927,4.25168],[21.86774,4.241551],[21.891614,4.237184],[21.949905,4.233464],[21.970783,4.237184],[21.980291,4.240621],[21.984528,4.242946],[21.989593,4.244238],[22.001478,4.244652],[22.00892,4.242378],[22.036613,4.229439],[22.057806,4.219537],[22.108449,4.209848],[22.127879,4.203078],[22.133047,4.19866],[22.15165,4.179462],[22.161882,4.173183],[22.184723,4.164605],[22.207254,4.150316],[22.303269,4.128716],[22.422641,4.134787],[22.43184,4.13856],[22.451532,4.146672],[22.457368,4.149076],[22.492714,4.174036],[22.510491,4.19127],[22.518243,4.206799],[22.52217,4.211346],[22.540464,4.227262],[22.546148,4.237184],[22.545734,4.245944],[22.53974,4.266924],[22.539327,4.278164],[22.568575,4.331546],[22.576534,4.340847],[22.588006,4.34418],[22.599891,4.352552],[22.609297,4.363352],[22.613741,4.374359],[22.61126,4.381853],[22.594,4.402316],[22.589039,4.421953],[22.586972,4.449394],[22.59245,4.473707],[22.61033,4.484224],[22.654358,4.482828],[22.675649,4.48474],[22.689498,4.491665],[22.695079,4.501483],[22.697146,4.512025],[22.697043,4.535745],[22.700144,4.541068],[22.713683,4.551222],[22.716783,4.556519],[22.718954,4.562772],[22.728669,4.58029],[22.73115,4.587266],[22.729806,4.596749],[22.723811,4.617032],[22.723605,4.62884],[22.737867,4.637754],[22.74872,4.64827],[22.757401,4.660802],[22.765153,4.676021],[22.776418,4.710101],[22.78603,4.724648],[22.802876,4.730643],[22.818069,4.724596],[22.837293,4.714235],[22.853829,4.711264],[22.865302,4.738678],[22.887316,4.755499],[22.895584,4.765395],[22.886799,4.776686],[22.882355,4.788494],[22.882872,4.800742],[22.888763,4.813222],[22.898374,4.823583],[22.905919,4.824203],[22.915221,4.821154],[22.92969,4.820611],[22.941473,4.82472],[22.953048,4.830792],[22.965037,4.835287],[22.977439,4.834306],[22.985708,4.826425],[22.99625,4.799501],[23.007205,4.778443],[23.011132,4.763638],[23.017334,4.750512],[23.029323,4.744931],[23.042758,4.742967],[23.055161,4.7378],[23.066633,4.730178],[23.077382,4.721057],[23.099396,4.711652],[23.12389,4.715631],[23.168746,4.73811],[23.183732,4.725268],[23.20864,4.690542],[23.220835,4.683514],[23.224246,4.680051],[23.251841,4.662972],[23.264864,4.635067],[23.273132,4.632018],[23.295146,4.6276],[23.29959,4.625119],[23.301967,4.621709],[23.313026,4.610211],[23.316437,4.60773],[23.335867,4.6068],[23.353954,4.60357],[23.371214,4.597266],[23.38837,4.587266],[23.396019,4.591607],[23.414519,4.590832],[23.42258,4.594062],[23.427438,4.601348],[23.428368,4.608609],[23.428265,4.617342],[23.430022,4.62884],[23.437153,4.646565],[23.448315,4.659407],[23.465058,4.66721],[23.488416,4.669845],[23.506089,4.676434],[23.566551,4.724441],[23.588048,4.73395],[23.63404,4.745138],[23.672694,4.767204],[23.692848,4.773405],[23.73791,4.779063],[23.760027,4.787435],[23.798475,4.814746],[23.816665,4.820611],[23.82824,4.819345],[23.847877,4.813997],[23.855215,4.813222],[23.864414,4.81609],[23.874749,4.824978],[23.88188,4.82689],[23.924358,4.817795],[23.948336,4.817692],[23.947406,4.830585],[23.942755,4.840507],[23.943169,4.851695],[23.946476,4.861642],[23.950817,4.867792],[23.957121,4.870815],[23.963116,4.868696],[23.977998,4.854149],[23.995775,4.865053],[24.046935,4.888928],[24.072463,4.91027],[24.08962,4.920218],[24.10843,4.92306],[24.119902,4.9189],[24.139229,4.905438],[24.152768,4.902596],[24.162897,4.907789],[24.190905,4.94417],[24.209612,4.956184],[24.229766,4.961171],[24.246199,4.954066],[24.25302,4.929881],[24.259222,4.929881],[24.267697,4.935721],[24.269557,4.943188],[24.26966,4.952464],[24.272968,4.964013],[24.284646,4.992435],[24.286507,4.995071],[24.296635,5.003262],[24.368466,5.012434],[24.386139,5.022356],[24.398645,5.036024],[24.396888,5.048194],[24.37198,5.053388],[24.361231,5.062948],[24.367846,5.084549],[24.382522,5.107855],[24.396371,5.122298],[24.401642,5.111472],[24.41146,5.081861],[24.416938,5.073257],[24.430684,5.067418],[24.433475,5.075531],[24.433061,5.089329],[24.436679,5.100594],[24.459623,5.107441],[24.480844,5.102335],[24.487218,5.100801],[24.513676,5.087236],[24.533003,5.073257],[24.538688,5.065558],[24.547369,5.046489],[24.553467,5.039099],[24.563389,5.034888],[24.588607,5.031064],[24.601216,5.026103],[24.610105,5.016723],[24.610001,4.996725],[24.615479,4.985097],[24.627468,4.976907],[24.656923,4.967269],[24.670773,4.957218],[24.65744,4.939777],[24.654236,4.929416],[24.664365,4.924403],[24.730614,4.917505],[24.749838,4.918745],[24.766374,4.929881],[24.77826,4.918538],[24.789422,4.919856],[24.800067,4.928899],[24.811023,4.940449],[24.819498,4.94448],[24.827662,4.941922],[24.836861,4.93771],[24.848333,4.936728],[24.868177,4.944376],[24.90435,4.966804],[24.927088,4.971481],[24.932359,4.974426],[24.950859,4.987681],[24.958094,4.99135],[24.969359,4.991402],[25.006463,4.980937],[25.040569,4.962101],[25.076123,4.951844],[25.084804,4.954221],[25.090489,4.974478],[25.100927,4.994554],[25.105268,4.998766],[25.11426,5.001841],[25.121701,5.008636],[25.129453,5.018635],[25.140201,5.017964],[25.147643,5.01414],[25.154568,5.009308],[25.163663,5.005639],[25.227535,5.009566],[25.239317,5.015535],[25.248515,5.024139],[25.292337,5.028273],[25.307633,5.032278],[25.316832,5.042251],[25.320966,5.052251],[25.321896,5.077004],[25.324996,5.088114],[25.339156,5.105168],[25.34236,5.111472],[25.343807,5.121885],[25.349284,5.141677],[25.348561,5.149015],[25.341223,5.155604],[25.321482,5.159169],[25.314454,5.163252],[25.307736,5.185292],[25.316211,5.202242],[25.328924,5.216013],[25.335538,5.228442],[25.337192,5.251748],[25.343393,5.271927],[25.355899,5.286448],[25.376466,5.293011],[25.36365,5.310556],[25.370678,5.316834],[25.385354,5.321485],[25.39569,5.333965],[25.413363,5.323552],[25.435067,5.328694],[25.479922,5.353189],[25.481989,5.356858],[25.484935,5.355307],[25.49558,5.344533],[25.504469,5.342285],[25.528963,5.351897],[25.540849,5.354429],[25.532787,5.372231],[25.543743,5.37528],[25.561829,5.373006],[25.575059,5.374919],[25.58126,5.374919],[25.589011,5.362284],[25.592319,5.349184],[25.600483,5.34045],[25.622911,5.34076],[25.61981,5.337221],[25.617227,5.333552],[25.614229,5.329934],[25.609165,5.326524],[25.609165,5.320297],[25.623428,5.309935],[25.631076,5.311822],[25.637897,5.317971],[25.650093,5.320297],[25.655777,5.317764],[25.663115,5.30916],[25.667559,5.307248],[25.668903,5.306137],[25.691124,5.299807],[25.705077,5.289601],[25.732775,5.258879],[25.743731,5.250611],[25.757993,5.244436],[25.771739,5.245469],[25.781144,5.258879],[25.769259,5.265158],[25.778354,5.269137],[25.792306,5.262832],[25.794683,5.238389],[25.799438,5.240095],[25.810186,5.242679],[25.814631,5.244591],[25.811427,5.230922],[25.814217,5.22162],[25.818971,5.214567],[25.826103,5.194697],[25.836231,5.20002],[25.84605,5.211673],[25.849357,5.217874],[25.872405,5.217099],[25.883567,5.203534],[25.892972,5.185214],[25.910852,5.170099],[25.912506,5.190382],[25.925632,5.201777],[25.943202,5.204102],[25.958601,5.197384],[25.958394,5.214825],[25.962839,5.224514],[25.971934,5.227667],[25.98599,5.225341],[25.996635,5.219243],[26.013895,5.199244],[26.026917,5.189969],[26.037356,5.197953],[26.050999,5.200226],[26.062677,5.200123],[26.067845,5.200846],[26.070532,5.212241],[26.077147,5.216324],[26.086035,5.215238],[26.095234,5.211053],[26.09172,5.219062],[26.088412,5.244591],[26.093373,5.241438],[26.098438,5.239578],[26.104535,5.238596],[26.112494,5.238389],[26.119625,5.241542],[26.125103,5.248595],[26.12996,5.258879],[26.144223,5.251799],[26.150837,5.239966],[26.157349,5.232472],[26.170888,5.238389],[26.175332,5.233687],[26.18174,5.229579],[26.18453,5.225341],[26.195176,5.234772],[26.198276,5.238389],[26.207165,5.207694],[26.213573,5.199141],[26.226182,5.204257],[26.225665,5.199038],[26.226182,5.183147],[26.230729,5.185163],[26.242098,5.188057],[26.246646,5.189969],[26.253984,5.172321],[26.272484,5.159066],[26.291811,5.150979],[26.317339,5.146431],[26.336356,5.148602],[26.353306,5.147775],[26.362711,5.135967],[26.369429,5.140566],[26.390616,5.149015],[26.400125,5.133641],[26.414284,5.122712],[26.429373,5.113798],[26.441879,5.104289],[26.460689,5.066023],[26.462653,5.059641],[26.475159,5.057263],[26.502547,5.047471],[26.519807,5.045972],[26.528282,5.048091],[26.541511,5.053129],[26.554224,5.059847],[26.561355,5.067056],[26.568176,5.059641],[26.579855,5.074343],[26.598355,5.080621],[26.615512,5.078244],[26.62347,5.067056],[26.629671,5.067056],[26.635666,5.077624],[26.644037,5.078347],[26.657577,5.073257],[26.667602,5.078347],[26.681244,5.089277],[26.691683,5.094393],[26.739432,5.094393],[26.753695,5.092274],[26.760619,5.088114],[26.801857,5.044525],[26.808368,5.039099],[26.815706,5.040184],[26.826145,5.050752],[26.832656,5.053388],[26.839478,5.051166],[26.844955,5.046282],[26.848366,5.041373],[26.849296,5.039099],[26.867073,5.037549],[26.872654,5.041786],[26.884126,5.053388],[26.889604,5.062121],[26.899216,5.085996],[26.90397,5.094393],[26.933684,5.126587],[26.961641,5.151185],[26.991716,5.171288],[27.027476,5.189969],[27.073675,5.203327],[27.11636,5.200304],[27.157494,5.185421],[27.239712,5.144881],[27.262811,5.138447],[27.284412,5.135967],[27.301878,5.131988],[27.315728,5.122402],[27.328647,5.1108],[27.342754,5.100594],[27.351384,5.097339],[27.361203,5.095478],[27.380323,5.094393],[27.391382,5.092223],[27.405335,5.082843],[27.414843,5.080725],[27.441301,5.070725],[27.443058,5.05778],[27.43634,5.013158],[27.441818,5.007964],[27.447864,5.003468],[27.45453,4.999799],[27.461558,4.99688],[27.492823,4.973031],[27.501349,4.96329],[27.505018,4.953859],[27.509204,4.932439],[27.514578,4.92244],[27.532562,4.907583],[27.552716,4.900529],[27.640979,4.890943],[27.658756,4.879652],[27.671882,4.855906],[27.679736,4.814488],[27.685938,4.797899],[27.699063,4.787435],[27.706505,4.787435],[27.725832,4.792784],[27.734823,4.793197],[27.744229,4.787848],[27.7526,4.777668],[27.759215,4.766273],[27.763142,4.757101],[27.766863,4.735449],[27.758801,4.677157],[27.760765,4.635997],[27.765209,4.612071],[27.772444,4.595819],[27.776888,4.595741],[27.801383,4.590574],[27.809238,4.58799],[27.819469,4.579567],[27.83766,4.559981],[27.849132,4.553212],[27.856935,4.552462],[27.885512,4.556674],[27.89099,4.555847],[27.907939,4.54869],[27.914037,4.54931],[27.916414,4.553573],[27.917035,4.558431],[27.917861,4.560756],[27.916104,4.562152],[27.920342,4.565278],[27.92923,4.569981],[27.934294,4.568172],[27.944526,4.557294],[27.951244,4.55595],[27.96251,4.557449],[28.014031,4.550033],[28.01708,4.539052],[28.012119,4.521766],[28.008915,4.499081],[28.009587,4.488383],[28.011241,4.480141],[28.014186,4.472209],[28.019044,4.462752],[28.04974,4.419137],[28.059765,4.420067],[28.076301,4.437689],[28.085551,4.443322],[28.101726,4.442133],[28.108341,4.433994],[28.112371,4.414641],[28.140225,4.37932],[28.158725,4.360794],[28.177587,4.347229],[28.216965,4.342036],[28.261045,4.350382],[28.303161,4.352242],[28.336854,4.327489],[28.345846,4.306379],[28.349101,4.292349],[28.357421,4.282866],[28.381502,4.275296],[28.404137,4.277828],[28.425427,4.290824],[28.443927,4.308498],[28.482426,4.358986],[28.496844,4.369011],[28.519272,4.374411],[28.52878,4.373843],[28.538495,4.371827],[28.54821,4.37082],[28.557306,4.373533],[28.564282,4.382602],[28.566711,4.394126],[28.570535,4.405107],[28.58242,4.412626],[28.623658,4.422367],[28.638644,4.432082],[28.653734,4.452701],[28.695178,4.532593],[28.704067,4.533988],[28.72453,4.533988],[28.738173,4.540887],[28.746855,4.54931],[28.755433,4.553987],[28.769179,4.549775],[28.783648,4.530371],[28.785095,4.507995],[28.789953,4.48859],[28.815274,4.478281],[28.825713,4.478384],[28.856202,4.482467],[28.903641,4.478591],[28.925552,4.480813],[28.98622,4.495928],[28.994075,4.487453],[29.042341,4.455336],[29.053193,4.450789],[29.055983,4.4365],[29.058877,4.437689],[29.098564,4.420532],[29.10983,4.412367],[29.173495,4.348004],[29.19613,4.337075],[29.221296,4.340692],[29.228686,4.356712],[29.23158,4.375548],[29.242845,4.387356],[29.267443,4.387873],[29.28739,4.383584],[29.303927,4.387149],[29.318706,4.411076],[29.328938,4.434924],[29.33886,4.449549],[29.390226,4.493758],[29.402629,4.512077],[29.410897,4.532283],[29.417305,4.555485],[29.423919,4.566053],[29.44273,4.583442],[29.44459,4.594475],[29.44366,4.604707],[29.44676,4.622122],[29.449241,4.657055],[29.457612,4.669535],[29.472599,4.672197],[29.494096,4.668295],[29.498127,4.665608],[29.508462,4.65535],[29.513268,4.652146],[29.528822,4.659872],[29.535024,4.660699],[29.546392,4.657365],[29.576675,4.644446],[29.606751,4.643904],[29.618533,4.641578],[29.660287,4.622122],[29.671863,4.613983],[29.700802,4.5883],[29.715323,4.57967],[29.722919,4.578197],[29.74514,4.583907],[29.751755,4.581272],[29.774492,4.5675],[29.784621,4.563288],[29.796713,4.556028],[29.793302,4.545383],[29.788295,4.539366],[29.783691,4.533833],[29.777696,4.523859],[29.778523,4.5151],[29.785448,4.498564],[29.786998,4.489675],[29.785654,4.479366],[29.776766,4.449342],[29.776198,4.405624],[29.787825,4.368804],[29.814852,4.346764],[29.860689,4.347281],[29.882703,4.344025],[29.908489,4.329194],[29.930348,4.308653],[29.940115,4.288344],[29.93686,4.278319],[29.929315,4.268371],[29.923217,4.257752],[29.924147,4.245582],[29.932157,4.236151],[29.942647,4.233774],[29.954171,4.233825],[29.966005,4.23181],[29.989363,4.21778],[30.004762,4.19928],[30.027913,4.15445],[30.0429,4.133108],[30.057782,4.123651],[30.099795,4.115099],[30.122688,4.102464],[30.133023,4.082801],[30.138501,4.059702],[30.147493,4.036654],[30.171574,4.00818],[30.178085,3.997096],[30.180359,3.986218],[30.180462,3.97565],[30.182116,3.965521],[30.189351,3.95609],[30.205887,3.95038],[30.270948,3.94945],[30.33792,3.927875],[30.418949,3.879713],[30.456828,3.867595],[30.465716,3.866096],[30.48587,3.865579],[30.495482,3.867078],[30.505507,3.869765],[30.515532,3.87085],[30.525247,3.867543],[30.53889,3.84155],[30.562868,3.694866],[30.562248,3.675332],[30.55491,3.636394],[30.549329,3.624095],[30.543438,3.617868],[30.543024,3.612907],[30.553463,3.60451],[30.562248,3.601358],[30.572635,3.601047],[30.592427,3.603528],[30.604932,3.60668],[30.636455,3.624095],[30.653767,3.630606],[30.665394,3.632053],[30.693351,3.63195],[30.714642,3.64381],[30.731333,3.663498],[30.746939,3.674867],[30.765129,3.661716],[30.76916,3.651845],[30.772261,3.617558],[30.779082,3.602598],[30.792105,3.592702],[30.823214,3.580429],[30.837683,3.562678],[30.827658,3.511105],[30.839543,3.490202],[30.861248,3.498211],[30.880161,3.514412],[30.896388,3.519967],[30.909307,3.496144],[30.909617,3.487178],[30.902899,3.458911],[30.904449,3.447465],[30.914474,3.426484],[30.916335,3.414806],[30.91003,3.393412],[30.904933,3.386035],[30.897318,3.375015],[30.868482,3.343337],[30.84869,3.309256],[30.846882,3.304399],[30.845641,3.293909],[30.842437,3.288741],[30.837786,3.286416],[30.825746,3.283677],[30.822129,3.281403],[30.804197,3.246005],[30.763416,3.123437],[30.74787,3.076713],[30.743839,3.055474],[30.745079,3.036302],[30.757068,3.02147],[30.803628,2.989069],[30.82094,2.973153],[30.843988,2.932794],[30.85484,2.89321],[30.853393,2.853367],[30.828691,2.786084],[30.82187,2.776162],[30.817943,2.774199],[30.80585,2.771873],[30.801613,2.769083],[30.799133,2.76345],[30.798926,2.753528],[30.797686,2.74836],[30.764303,2.658392],[30.762013,2.645781],[30.761254,2.641597],[30.758928,2.633794],[30.739395,2.603305],[30.73526,2.593073],[30.73402,2.574469],[30.737844,2.537469],[30.737017,2.519537],[30.729369,2.503466],[30.71676,2.483105],[30.707665,2.46228],[30.710559,2.445123],[30.724925,2.440782],[30.794998,2.440111],[30.80492,2.434374],[30.807142,2.422179],[30.806987,2.406986],[30.809675,2.392362],[30.819803,2.37598],[30.83634,2.356343],[30.854943,2.339703],[30.87179,2.332055],[30.900573,2.345956],[30.914474,2.378151],[30.930907,2.405591],[30.968011,2.405436],[30.984858,2.394635],[31.041288,2.331228],[31.043562,2.327043],[31.045939,2.319653],[31.044389,2.313917],[31.038808,2.310971],[31.035501,2.30694],[31.040668,2.297897],[31.055241,2.290249],[31.099063,2.282704],[31.112602,2.282084],[31.129242,2.284668],[31.177559,2.30291],[31.179058,2.25976],[31.182468,2.238728],[31.190116,2.221519],[31.21089,2.205345],[31.267476,2.173253],[31.27874,2.156021],[31.280447,2.15341],[31.280096,2.151441],[31.271455,2.102999],[31.242826,2.051168],[31.183295,1.976211],[31.119113,1.895363],[31.096018,1.866363],[31.025837,1.778239],[30.95442,1.720671],[30.817013,1.609515],[30.681724,1.500349],[30.597284,1.391673],[30.553704,1.335632],[30.478274,1.238634],[30.458275,1.221684],[30.445562,1.212795],[30.43161,1.207008],[30.412696,1.202047],[30.39926,1.2006],[30.376626,1.20308],[30.364947,1.202047],[30.348204,1.189024],[30.33606,1.16887],[30.323813,1.155848],[30.306553,1.163909],[30.295701,1.172643],[30.286502,1.174296],[30.277976,1.171609],[30.269346,1.167268],[30.238857,1.136004],[30.236169,1.129493],[30.234102,1.108099],[30.231519,1.097764],[30.228005,1.08903],[30.215292,1.077093],[30.215602,1.057766],[30.220977,1.017097],[30.214052,0.998545],[30.191521,0.974877],[30.18687,0.958754],[30.18377,0.955137],[30.165683,0.921444],[30.154831,0.90868],[30.145116,0.90315],[30.038352,0.878914],[29.996391,0.859949],[29.982194,0.849017],[29.960217,0.832095],[29.947298,0.824602],[29.928281,0.785018],[29.926834,0.774889],[29.932312,0.723161],[29.920013,0.63867],[29.919496,0.618103],[29.937996,0.537281],[29.940477,0.498317],[29.926083,0.467073],[29.922907,0.46018],[29.903909,0.438229],[29.851077,0.377187],[29.839605,0.358481],[29.832628,0.336983],[29.800641,0.172445],[29.797127,0.164797],[29.787205,0.158493],[29.780383,0.16118],[29.773045,0.167484],[29.761263,0.172135],[29.755785,0.16087],[29.711809,0.099582],[29.703075,0.072503],[29.701628,0.055243],[29.713462,0.011628],[29.714341,-0.007492],[29.709018,-0.026302],[29.694032,-0.063096],[29.676617,-0.165105],[29.670569,-0.200867],[29.653983,-0.298947],[29.650981,-0.316455],[29.629385,-0.442401],[29.631865,-0.461211],[29.634615,-0.466968],[29.645094,-0.48891],[29.649745,-0.504309],[29.653053,-0.565597],[29.650882,-0.57955],[29.642821,-0.585028],[29.632175,-0.585751],[29.622874,-0.588438],[29.618843,-0.599394],[29.620496,-0.605388],[29.628248,-0.616034],[29.630573,-0.622028],[29.629281,-0.62978],[29.624424,-0.634844],[29.618843,-0.638978],[29.615536,-0.644146],[29.60303,-0.7229],[29.602203,-0.743778],[29.611091,-0.782742],[29.613365,-0.803826],[29.610781,-0.863977],[29.607991,-0.878447],[29.596725,-0.891882],[29.567166,-0.901908],[29.556004,-0.919478],[29.554661,-0.928573],[29.555281,-0.938495],[29.559157,-0.957305],[29.560345,-0.972084],[29.556521,-0.981799],[29.551518,-0.990305],[29.551353,-0.990584],[29.54846,-1.002573],[29.551198,-1.020143],[29.565926,-1.058591],[29.57006,-1.077918],[29.56913,-1.095901],[29.556934,-1.157706],[29.557038,-1.181787],[29.565254,-1.19791],[29.575538,-1.213206],[29.581429,-1.234807],[29.580447,-1.243282],[29.57099,-1.268604],[29.571507,-1.279249],[29.583186,-1.299299],[29.587113,-1.310565],[29.58732,-1.329685],[29.577915,-1.38839],[29.538641,-1.402342],[29.498747,-1.431074],[29.46433,-1.466938],[29.445065,-1.497287],[29.441696,-1.502595],[29.439629,-1.504765],[29.437407,-1.506212],[29.434926,-1.506832],[29.358497,-1.509933],[29.342787,-1.516547],[29.331212,-1.53143],[29.303823,-1.587861],[29.293695,-1.600986],[29.245429,-1.640984],[29.233337,-1.658657],[29.212253,-1.698655],[29.18664,-1.739618],[29.149311,-1.799321],[29.130501,-1.843349],[29.12554,-1.879109],[29.12771,-1.915696],[29.154272,-2.072689],[29.156339,-2.108656],[29.150551,-2.15041],[29.134841,-2.197746],[29.10983,-2.23671],[29.075413,-2.263892],[29.03092,-2.275674],[29.002136,-2.274744],[28.993661,-2.277741],[28.983378,-2.287353],[28.982189,-2.296034],[28.978779,-2.306783],[28.971234,-2.321666],[28.959658,-2.339753],[28.945447,-2.354222],[28.928136,-2.364454],[28.907258,-2.370552],[28.880387,-2.379854],[28.866331,-2.391946],[28.858838,-2.418198],[28.860853,-2.439592],[28.864574,-2.459435],[28.874702,-2.477522],[28.878216,-2.489718],[28.860853,-2.505221],[28.857236,-2.518346],[28.860956,-2.531162],[28.869845,-2.53726],[28.881058,-2.542634],[28.891342,-2.553073],[28.89806,-2.576327],[28.891342,-2.652705],[28.899093,-2.660663],[28.936404,-2.685055],[28.949736,-2.690326],[28.979605,-2.69353],[29.000121,-2.703658],[29.015365,-2.720711],[29.028595,-2.744896],[29.008234,-2.74748],[28.995522,-2.758435],[28.988804,-2.775488],[28.986892,-2.796779],[28.994902,-2.813626],[29.013143,-2.818897],[29.034072,-2.82086],[29.049058,-2.827475],[29.053503,-2.835433],[29.062701,-2.862201],[29.077584,-2.884009],[29.081718,-2.893931],[29.083268,-2.910054],[29.08978,-2.926074],[29.105076,-2.934135],[29.123369,-2.940233],[29.138407,-2.950361],[29.144246,-2.966278],[29.148174,-2.986948],[29.156752,-3.004828],[29.175976,-3.012477],[29.194476,-3.014647],[29.211529,-3.021158],[29.225378,-3.031803],[29.234629,-3.046583],[29.241539,-3.104188],[29.242328,-3.110765],[29.237781,-3.122237],[29.225017,-3.129369],[29.217524,-3.146215],[29.214113,-3.166472],[29.216904,-3.233135],[29.223828,-3.252669],[29.240881,-3.266311],[29.236117,-3.270704],[29.213079,-3.291943],[29.208739,-3.305275],[29.206672,-3.334524],[29.225172,-3.588565],[29.22326,-3.66701],[29.217123,-3.709266],[29.206568,-3.781939],[29.215043,-3.899864],[29.224552,-3.926529],[29.239796,-3.948027],[29.277727,-3.988954],[29.33948,-4.093237],[29.367224,-4.189048],[29.37276,-4.208166],[29.404179,-4.449805],[29.40728,-4.462621],[29.410897,-4.502308],[29.401337,-4.586851],[29.340824,-4.751699],[29.321032,-4.836345],[29.32377,-4.920164],[29.342793,-4.999953],[29.344234,-5.005998],[29.377824,-5.087544],[29.455649,-5.229964],[29.49637,-5.391711],[29.593521,-5.620328],[29.612435,-5.704354],[29.60303,-5.781661],[29.570887,-5.837989],[29.49606,-5.938654],[29.476113,-6.002113],[29.478696,-6.041801],[29.508824,-6.153732],[29.525515,-6.273104],[29.537711,-6.312378],[29.56603,-6.359507],[29.633932,-6.446944],[29.684369,-6.581509],[29.707003,-6.619336],[29.738629,-6.652409],[29.873091,-6.754212],[29.969113,-6.80304],[30.012721,-6.825215],[30.090855,-6.890018],[30.234671,-7.057139],[30.29446,-7.149433],[30.369598,-7.31025],[30.404945,-7.436031],[30.414712,-7.50197],[30.441635,-7.596331],[30.654955,-7.92737],[30.728129,-8.104104],[30.752107,-8.194124],[30.581781,-8.219962],[30.32495,-8.258926],[30.123618,-8.289519],[29.858105,-8.329826],[29.592281,-8.370237],[29.575844,-8.372729],[29.365938,-8.40455],[29.208119,-8.428528],[29.035106,-8.45478],[28.915268,-8.472867],[28.889172,-8.483099],[28.892789,-8.501909],[28.935474,-8.590792],[28.930461,-8.679883],[28.893099,-8.765769],[28.765407,-8.934027],[28.59906,-9.096395],[28.506198,-9.164401],[28.415092,-9.207085],[28.372304,-9.235094],[28.35246,-9.271991],[28.368532,-9.308578],[28.411371,-9.324908],[28.460464,-9.335036],[28.495397,-9.353226],[28.515964,-9.378341],[28.518135,-9.397461],[28.516274,-9.415548],[28.514724,-9.430018],[28.519685,-9.445624],[28.531571,-9.456889],[28.5556,-9.474459],[28.562783,-9.484898],[28.566866,-9.495957],[28.568726,-9.508979],[28.569191,-9.525929],[28.5741,-9.539158],[28.586296,-9.544016],[28.617767,-9.543292],[28.611101,-9.551044],[28.588621,-9.558279],[28.583557,-9.563756],[28.587588,-9.573161],[28.606502,-9.594349],[28.610842,-9.607888],[28.612909,-9.6175],[28.621798,-9.638274],[28.623865,-9.649126],[28.625157,-9.695634],[28.631255,-9.715582],[28.644949,-9.735115],[28.654974,-9.741937],[28.663656,-9.745037],[28.66996,-9.750928],[28.672337,-9.765501],[28.698486,-9.791959],[28.696522,-9.796507],[28.678073,-9.803845],[28.668462,-9.821622],[28.658695,-9.864823],[28.627947,-9.929419],[28.623865,-9.951019],[28.631255,-10.023056],[28.628516,-10.102741],[28.619627,-10.141912],[28.604021,-10.172711],[28.57932,-10.201133],[28.569915,-10.219633],[28.604021,-10.248366],[28.605985,-10.252913],[28.608052,-10.263558],[28.610842,-10.268829],[28.613323,-10.27069],[28.622108,-10.275857],[28.623865,-10.276374],[28.629239,-10.295908],[28.626449,-10.311411],[28.620713,-10.327327],[28.617767,-10.348308],[28.620868,-10.373319],[28.628619,-10.391096],[28.637714,-10.407012],[28.644949,-10.426546],[28.646086,-10.438431],[28.644535,-10.451041],[28.640608,-10.462616],[28.634717,-10.471608],[28.630479,-10.481013],[28.638748,-10.496206],[28.634717,-10.505714],[28.634924,-10.51946],[28.648049,-10.53765],[28.672337,-10.564315],[28.672699,-10.576098],[28.66717,-10.597388],[28.665516,-10.608964],[28.67089,-10.619092],[28.694248,-10.636766],[28.699622,-10.643174],[28.694351,-10.663327],[28.681536,-10.681931],[28.665878,-10.697434],[28.651873,-10.708389],[28.646189,-10.709836],[28.633477,-10.708906],[28.627585,-10.711696],[28.623245,-10.716864],[28.608052,-10.741359],[28.60092,-10.763166],[28.593479,-10.772881],[28.576529,-10.790658],[28.563507,-10.811949],[28.554412,-10.834996],[28.549451,-10.858561],[28.549451,-10.902899],[28.547177,-10.913751],[28.537358,-10.934112],[28.535085,-10.944447],[28.531364,-10.955092],[28.513794,-10.972869],[28.507851,-10.982068],[28.506663,-10.992093],[28.508626,-11.013487],[28.507851,-11.023615],[28.504079,-11.034364],[28.490953,-11.058652],[28.476794,-11.077979],[28.476174,-11.087694],[28.486922,-11.140921],[28.487336,-11.153427],[28.484752,-11.162832],[28.476225,-11.175441],[28.473693,-11.181229],[28.472453,-11.191977],[28.473693,-11.22567],[28.45509,-11.263704],[28.445581,-11.274556],[28.436176,-11.289129],[28.43199,-11.31104],[28.439587,-11.348247],[28.434212,-11.351244],[28.411991,-11.368401],[28.408581,-11.372431],[28.357008,-11.446949],[28.354424,-11.464725],[28.355664,-11.518159],[28.360315,-11.533558],[28.365586,-11.54162],[28.37742,-11.571076],[28.384913,-11.581307],[28.399589,-11.596087],[28.40548,-11.605182],[28.42274,-11.664713],[28.42212,-11.674738],[28.418399,-11.678873],[28.425117,-11.688071],[28.439587,-11.701507],[28.442687,-11.711635],[28.452506,-11.780779],[28.460671,-11.793388],[28.476794,-11.798245],[28.488886,-11.808684],[28.497154,-11.857363],[28.507851,-11.872763],[28.521132,-11.865735],[28.531571,-11.866458],[28.540562,-11.872039],[28.549451,-11.879584],[28.554205,-11.885062],[28.566091,-11.904492],[28.569191,-11.91369],[28.592652,-11.900461],[28.606191,-11.91028],[28.623865,-11.947797],[28.636887,-11.957615],[28.686032,-11.984074],[28.707064,-11.989448],[28.741997,-11.98428],[28.751092,-11.992238],[28.754193,-12.020144],[28.759877,-12.035233],[28.773623,-12.045879],[28.808866,-12.064585],[28.821475,-12.075748],[28.835015,-12.092181],[28.84597,-12.111301],[28.850414,-12.130008],[28.859509,-12.14179],[28.918731,-12.174346],[28.944672,-12.206076],[29.026114,-12.353043],[29.028595,-12.363069],[29.030352,-12.376194],[29.035106,-12.378882],[29.042651,-12.378778],[29.052779,-12.383842],[29.067249,-12.384773],[29.084405,-12.376401],[29.100218,-12.374024],[29.11107,-12.393454],[29.128123,-12.382809],[29.148949,-12.373714],[29.173392,-12.367616],[29.254989,-12.366169],[29.265066,-12.370923],[29.283049,-12.390457],[29.295503,-12.400999],[29.304857,-12.404823],[29.316432,-12.406683],[29.356533,-12.407614],[29.364388,-12.409267],[29.405936,-12.431695],[29.432601,-12.441307],[29.439216,-12.44203],[29.453323,-12.44079],[29.459886,-12.441307],[29.46526,-12.444201],[29.468774,-12.448438],[29.473012,-12.452469],[29.480453,-12.454949],[29.499677,-12.453089],[29.514663,-12.44389],[29.524688,-12.429214],[29.528202,-12.410508],[29.523448,-12.392524],[29.511459,-12.387356],[29.49606,-12.386323],[29.480453,-12.380535],[29.450378,-12.342915],[29.446554,-12.33506],[29.448156,-12.326792],[29.451825,-12.3178],[29.455907,-12.294339],[29.467948,-12.255272],[29.474252,-12.242662],[29.489548,-12.2315],[29.533473,-12.216721],[29.553059,-12.205145],[29.56758,-12.191709],[29.576727,-12.188092],[29.590317,-12.188092],[29.603185,-12.192846],[29.621117,-12.21021],[29.631865,-12.215997],[29.648918,-12.212793],[29.701267,-12.189022],[29.734908,-12.164838],[29.756095,-12.157603],[29.799297,-12.154089],[29.799397,-12.15582],[29.799582,-12.159036],[29.799607,-12.159463],[29.7994,-12.265813],[29.799142,-12.382292],[29.798987,-12.54869],[29.798677,-12.698345],[29.79847,-12.873012],[29.798212,-13.02277],[29.797953,-13.164363],[29.797747,-13.31376],[29.797643,-13.424244],[29.782244,-13.455663],[29.767154,-13.458351],[29.702869,-13.457627],[29.663078,-13.446878],[29.641477,-13.438507],[29.626078,-13.429825],[29.617396,-13.421247],[29.610678,-13.411015],[29.60551,-13.399956],[29.601686,-13.388381],[29.601686,-13.374428],[29.609438,-13.369054],[29.618946,-13.367297],[29.625147,-13.364196],[29.627008,-13.354894],[29.625044,-13.334844],[29.626594,-13.326369],[29.633622,-13.318928],[29.651502,-13.314587],[29.658892,-13.309522],[29.663595,-13.301874],[29.667522,-13.291952],[29.669176,-13.281204],[29.666592,-13.271178],[29.657497,-13.26012],[29.649745,-13.259913],[29.641064,-13.262807],[29.629075,-13.261463],[29.609851,-13.249474],[29.592798,-13.235625],[29.574401,-13.225393],[29.551043,-13.224153],[29.527996,-13.234075],[29.470015,-13.287818],[29.449551,-13.300324],[29.308267,-13.353654],[29.250183,-13.391585],[29.227446,-13.400783],[29.21401,-13.408328],[29.194786,-13.430962],[29.184141,-13.436853],[29.168948,-13.433856],[29.160163,-13.422074],[29.153393,-13.406984],[29.144453,-13.394478],[29.122129,-13.38435],[29.098048,-13.38466],[29.072933,-13.388587],[29.065386,-13.388676],[29.046681,-13.388897],[29.028491,-13.395512],[29.010301,-13.399439],[28.993971,-13.395925],[28.980846,-13.380216],[28.950356,-13.350967],[28.93413,-13.309626],[28.903434,-13.162296],[28.891859,-13.14731],[28.882712,-13.143589],[28.86323,-13.142659],[28.85367,-13.137078],[28.844213,-13.102352],[28.840906,-13.100078],[28.835428,-13.098941],[28.829744,-13.097184],[28.825816,-13.092843],[28.824628,-13.087262],[28.826023,-13.076823],[28.8253,-13.072379],[28.825506,-13.067832],[28.83026,-13.056876],[28.830881,-13.051812],[28.827057,-13.047575],[28.813621,-13.04282],[28.809435,-13.038376],[28.800598,-13.002409],[28.793363,-12.991557],[28.77569,-12.976571],[28.707994,-12.889755],[28.667893,-12.849344],[28.621178,-12.839422],[28.608155,-12.847897],[28.593686,-12.876732],[28.583971,-12.888721],[28.568468,-12.895543],[28.553378,-12.894922],[28.542836,-12.885621],[28.539425,-12.833841],[28.523613,-12.810173],[28.501598,-12.788469],[28.480928,-12.762114],[28.474003,-12.736482],[28.483977,-12.72222],[28.500151,-12.710954],[28.511624,-12.694418],[28.512295,-12.668373],[28.502012,-12.649563],[28.468267,-12.614629],[28.455916,-12.592098],[28.436434,-12.542799],[28.42274,-12.521302],[28.339748,-12.450505],[28.322488,-12.4411],[28.303678,-12.435416],[28.283834,-12.434072],[28.263887,-12.436966],[28.237532,-12.437069],[28.220065,-12.42539],[28.204976,-12.410818],[28.185752,-12.402446],[28.160741,-12.408751],[28.145961,-12.423117],[28.131285,-12.429214],[28.106997,-12.410197],[28.10245,-12.401206],[28.100434,-12.391491],[28.096869,-12.383016],[28.08767,-12.377538],[28.014031,-12.37051],[27.998993,-12.37144],[27.98101,-12.374541],[27.958686,-12.367823],[27.952226,-12.346532],[27.948454,-12.321417],[27.933881,-12.303331],[27.877037,-12.269948],[27.856676,-12.262403],[27.831407,-12.259922],[27.818281,-12.267777],[27.807274,-12.28142],[27.788309,-12.296509],[27.756734,-12.304261],[27.710742,-12.306328],[27.666197,-12.30271],[27.638189,-12.293615],[27.595297,-12.247313],[27.589836,-12.242958],[27.536076,-12.200081],[27.52047,-12.179617],[27.47179,-12.041641],[27.467553,-12.001644],[27.420734,-11.921959],[27.234182,-11.809097],[27.209998,-11.721971],[27.211961,-11.688278],[27.20762,-11.639392],[27.197182,-11.59371],[27.180129,-11.569629],[27.173617,-11.570559],[27.144989,-11.581307],[27.102201,-11.584925],[27.064373,-11.59712],[27.054452,-11.597534],[27.032437,-11.59433],[27.023756,-11.59557],[27.010268,-11.609833],[27.010837,-11.62885],[27.023239,-11.671121],[27.021482,-11.69789],[27.011147,-11.713186],[26.996367,-11.727035],[26.981071,-11.749049],[26.971356,-11.78853],[26.967325,-11.870385],[26.947688,-11.909143],[26.912755,-11.942526],[26.874204,-11.964333],[26.831726,-11.973325],[26.785011,-11.968364],[26.759379,-11.968674],[26.744186,-11.98118],[26.732559,-11.998336],[26.717418,-12.013012],[26.697057,-12.017457],[26.679797,-12.009602],[26.662744,-11.996579],[26.643521,-11.985521],[26.6059,-11.977769],[26.524871,-11.972291],[26.489111,-11.960819],[26.470715,-11.94697],[26.455418,-11.931984],[26.438365,-11.919065],[26.414594,-11.91183],[26.376353,-11.912863],[26.339146,-11.918961],[26.328811,-11.923302],[26.309174,-11.936531],[26.298012,-11.941182],[26.28623,-11.940562],[26.265559,-11.930847],[26.229592,-11.933121],[26.209335,-11.923612],[26.189078,-11.9109],[26.16665,-11.902425],[25.994051,-11.904802],[25.981132,-11.903045],[25.963562,-11.895087],[25.949816,-11.863978],[25.935553,-11.853642],[25.914159,-11.845581],[25.859589,-11.801966],[25.855765,-11.797212],[25.850701,-11.793801],[25.839849,-11.791941],[25.832511,-11.793801],[25.812667,-11.802999],[25.801608,-11.80424],[25.744041,-11.803826],[25.725644,-11.800519],[25.687403,-11.778711],[25.655777,-11.750496],[25.621464,-11.728895],[25.575679,-11.727345],[25.567824,-11.733753],[25.56493,-11.743985],[25.561003,-11.753287],[25.550254,-11.756594],[25.537645,-11.758351],[25.530617,-11.764242],[25.524519,-11.77096],[25.515217,-11.775818],[25.49558,-11.776541],[25.480439,-11.769823],[25.474135,-11.756181],[25.482816,-11.731169],[25.483281,-11.725795],[25.482816,-11.72042],[25.481163,-11.715253],[25.463593,-11.70006],[25.406335,-11.673085],[25.39755,-11.66492],[25.392796,-11.656445],[25.386388,-11.64983],[25.373159,-11.647143],[25.360446,-11.647247],[25.351971,-11.64611],[25.344943,-11.642182],[25.336779,-11.633501],[25.327373,-11.616654],[25.300398,-11.535005],[25.297505,-11.517229],[25.297711,-11.507927],[25.301742,-11.498418],[25.315385,-11.482502],[25.316728,-11.472994],[25.309287,-11.455424],[25.286652,-11.416563],[25.279004,-11.396306],[25.277971,-11.371811],[25.286342,-11.360649],[25.298021,-11.351451],[25.306496,-11.333054],[25.301329,-11.324476],[25.290166,-11.315897],[25.284689,-11.307319],[25.296264,-11.298431],[25.317142,-11.290473],[25.324893,-11.283651],[25.32541,-11.273936],[25.323343,-11.253472],[25.324583,-11.227841],[25.322516,-11.205413],[25.31032,-11.194768],[25.278798,-11.199935],[25.184023,-11.246651],[25.124285,-11.259157],[24.981245,-11.271869],[24.942901,-11.268562],[24.901043,-11.281274],[24.826732,-11.317551],[24.787975,-11.325819],[24.712527,-11.326026],[24.67408,-11.341632],[24.663331,-11.351657],[24.645038,-11.376049],[24.635219,-11.385867],[24.624677,-11.390828],[24.60225,-11.395686],[24.593258,-11.399613],[24.584576,-11.407365],[24.578582,-11.415633],[24.574448,-11.425141],[24.571244,-11.436407],[24.564733,-11.444675],[24.554191,-11.446329],[24.542512,-11.445398],[24.532693,-11.446122],[24.490939,-11.461522],[24.469648,-11.465552],[24.446497,-11.463589],[24.426447,-11.45408],[24.392547,-11.423384],[24.370223,-11.410155],[24.351722,-11.407055],[24.310071,-11.406641],[24.293948,-11.3992],[24.285473,-11.381216],[24.298289,-11.370571],[24.33994,-11.358065],[24.352446,-11.345043],[24.384485,-11.295227],[24.392237,-11.279104],[24.396061,-11.259673],[24.397818,-11.238279],[24.396578,-11.217402],[24.391307,-11.199832],[24.384382,-11.191254],[24.367432,-11.176268],[24.361748,-11.164692],[24.362471,-11.150533],[24.369913,-11.140921],[24.378284,-11.132136],[24.381798,-11.12056],[24.370533,-11.1002],[24.345315,-11.078289],[24.316376,-11.060099],[24.293845,-11.05028],[24.275138,-11.047903],[24.238034,-11.048007],[24.218294,-11.045216],[24.181294,-11.034467],[24.16455,-11.033951],[24.144397,-11.040359],[24.124243,-11.043252],[24.117732,-11.03085],[24.119385,-10.99757],[24.117525,-10.986098],[24.110497,-10.965945],[24.108016,-10.954989],[24.10874,-10.945791],[24.114321,-10.927911],[24.114218,-10.919229],[24.09148,-10.897835],[24.048382,-10.882332],[24.00146,-10.873444],[23.967457,-10.872307],[23.948646,-10.881505],[23.940585,-10.901556],[23.936141,-10.925223],[23.927976,-10.945377],[23.918571,-10.954059],[23.89728,-10.966461],[23.887771,-10.974419],[23.881777,-10.984548],[23.874129,-11.006872],[23.867411,-11.016381],[23.833718,-11.028473],[23.79372,-11.021135],[23.752276,-11.008216],[23.714139,-11.003875],[23.674865,-11.006976],[23.641585,-11.004495],[23.557042,-10.981344],[23.494824,-10.964291],[23.455963,-10.960984],[23.415449,-10.963257],[23.373281,-10.975143],[23.306515,-11.01173],[23.196754,-11.071881],[23.114692,-11.085524],[23.014336,-11.102474],[22.969585,-11.102474],[22.931137,-11.096789],[22.91119,-11.088314],[22.87357,-11.063716],[22.853106,-11.053071],[22.829231,-11.052141],[22.806907,-11.063096],[22.785306,-11.078496],[22.764222,-11.090485],[22.727739,-11.096789],[22.688982,-11.092965],[22.650948,-11.08232],[22.613637,-11.06754],[22.53757,-11.037155],[22.500983,-11.042426],[22.469357,-11.122421],[22.440315,-11.146915],[22.340269,-11.180195],[22.325696,-11.190324],[22.281771,-11.236729],[22.263064,-11.248201],[22.23764,-11.249545],[22.252006,-11.208617],[22.25552,-11.166552],[22.243841,-11.078289],[22.23733,-11.059376],[22.220586,-11.030023],[22.217176,-11.012763],[22.213972,-11.007906],[22.199296,-10.997364],[22.196092,-10.992299],[22.196092,-10.954162],[22.174801,-10.884296],[22.165706,-10.868793],[22.165499,-10.85236],[22.182759,-10.830449],[22.206014,-10.809882],[22.223997,-10.797066],[22.265855,-10.779909],[22.29066,-10.772675],[22.309677,-10.769781],[22.319495,-10.761306],[22.322389,-10.742186],[22.319495,-10.703842],[22.321045,-10.700741],[22.32642,-10.694643],[22.31009,-10.668805],[22.307609,-10.633562],[22.308573,-10.612519],[22.30947,-10.592944],[22.305956,-10.550673],[22.296447,-10.529692],[22.284045,-10.516463],[22.27402,-10.503027],[22.271849,-10.481736],[22.278671,-10.460962],[22.301098,-10.424892],[22.305956,-10.409803],[22.307093,-10.399571],[22.31226,-10.379934],[22.313397,-10.368565],[22.31009,-10.356989],[22.295517,-10.339316],[22.286939,-10.309137],[22.263478,-10.268209],[22.245701,-10.221184],[22.221103,-10.176225],[22.20281,-10.130647],[22.209734,-10.098194],[22.204877,-10.085792],[22.196092,-10.043624],[22.175628,-9.98895],[22.167566,-9.953707],[22.159918,-9.931486],[22.146276,-9.915673],[22.107622,-9.891385],[22.090982,-9.877122],[22.079923,-9.871644],[22.072792,-9.878879],[22.065764,-9.881049],[22.055842,-9.875365],[21.998378,-9.809116],[21.986285,-9.781107],[21.984425,-9.748758],[21.978224,-9.752168],[21.962721,-9.758473],[21.95652,-9.76178],[21.94236,-9.72292],[21.878902,-9.657084],[21.854097,-9.61781],[21.843658,-9.576159],[21.832186,-9.488412],[21.819887,-9.447691],[21.813169,-9.437459],[21.79622,-9.417098],[21.791982,-9.406143],[21.793326,-9.393534],[21.803764,-9.372967],[21.810172,-9.338137],[21.841075,-9.275815],[21.851617,-9.233751],[21.851927,-9.192926],[21.839731,-9.092364],[21.854097,-8.977849],[21.85172,-8.925862],[21.859885,-8.846384],[21.870117,-8.822303],[21.877765,-8.78923],[21.884793,-8.782305],[21.895128,-8.718743],[21.90691,-8.645466],[21.917762,-8.615184],[21.935953,-8.583144],[21.928408,-8.582524],[21.924377,-8.580767],[21.921276,-8.578597],[21.916212,-8.57684],[21.939983,-8.499945],[21.943911,-8.455917],[21.935953,-8.413025],[21.911458,-8.374268],[21.899882,-8.348843],[21.905257,-8.337268],[21.913146,-8.333003],[21.920553,-8.329],[21.910631,-8.310499],[21.881382,-8.282077],[21.873217,-8.264094],[21.862469,-8.216448],[21.860195,-8.173764],[21.857301,-8.156917],[21.851203,-8.143481],[21.825985,-8.114439],[21.815133,-8.096766],[21.808519,-8.076715],[21.806348,-8.052427],[21.79963,-8.040852],[21.768211,-8.023178],[21.758496,-8.015117],[21.753948,-7.99734],[21.751054,-7.929231],[21.754362,-7.919619],[21.768831,-7.899878],[21.772138,-7.8882],[21.770898,-7.876521],[21.764594,-7.850682],[21.770485,-7.806758],[21.776169,-7.790324],[21.787228,-7.758595],[21.795083,-7.736271],[21.807898,-7.699374],[21.819577,-7.665474],[21.826558,-7.645601],[21.831049,-7.632815],[21.83291,-7.614211],[21.836217,-7.60832],[21.85079,-7.593644],[21.854097,-7.585996],[21.854097,-7.548375],[21.851513,-7.538453],[21.848206,-7.532976],[21.845932,-7.526775],[21.846656,-7.514269],[21.849963,-7.5029],[21.859058,-7.482643],[21.860918,-7.469827],[21.858645,-7.464039],[21.848929,-7.454841],[21.846656,-7.449053],[21.847793,-7.444092],[21.85296,-7.434997],[21.854097,-7.428899],[21.851617,-7.416497],[21.845726,-7.409056],[21.838698,-7.402028],[21.83291,-7.390762],[21.834977,-7.385285],[21.839938,-7.378153],[21.842418,-7.369885],[21.836941,-7.360583],[21.831359,-7.354175],[21.808829,-7.306426],[21.802524,-7.298882],[21.794773,-7.294024],[21.788261,-7.29175],[21.784644,-7.286893],[21.784954,-7.283379],[21.76449,-7.282758],[21.730901,-7.282965],[21.658243,-7.283172],[21.585483,-7.283379],[21.512619,-7.283585],[21.439962,-7.283792],[21.367098,-7.283999],[21.294338,-7.284205],[21.221784,-7.284412],[21.148921,-7.284619],[21.076263,-7.284722],[21.003503,-7.284929],[20.930743,-7.285239],[20.857982,-7.285342],[20.785222,-7.285549],[20.712565,-7.285859],[20.639804,-7.285962],[20.567044,-7.286169],[20.520535,-7.286376],[20.519398,-7.23718],[20.518261,-7.189741],[20.524463,-7.143129],[20.545443,-7.088558],[20.560946,-7.047837],[20.588128,-6.976834],[20.611486,-6.915959],[20.553711,-6.916166],[20.467308,-6.916373],[20.383696,-6.916683],[20.331089,-6.916786],[20.319514,-6.918543],[20.311246,-6.925054],[20.303184,-6.940144],[20.298637,-6.95451],[20.294192,-6.987479],[20.294296,-7.001949],[20.246237,-7.001949],[20.204069,-7.001949],[20.162107,-7.001949],[20.120146,-7.001949],[20.078185,-7.001949],[20.03612,-7.001949],[19.994056,-7.001949],[19.963079,-7.001949],[19.952094,-7.001949],[19.91003,-7.001949],[19.868068,-7.001949],[19.826107,-7.001949],[19.784043,-7.001949],[19.741978,-7.001949],[19.700017,-7.001949],[19.658055,-7.001949],[19.616094,-7.001949],[19.57403,-7.001949],[19.521836,-7.001949],[19.540233,-7.041636],[19.54261,-7.052282],[19.536202,-7.068405],[19.508607,-7.103235],[19.497032,-7.121735],[19.487213,-7.153877],[19.476361,-7.315935],[19.479462,-7.347664],[19.487213,-7.381977],[19.513775,-7.448433],[19.513155,-7.479439],[19.484733,-7.50197],[19.483906,-7.502383],[19.483079,-7.5029],[19.482356,-7.50352],[19.468713,-7.52109],[19.458274,-7.560261],[19.443908,-7.575247],[19.424685,-7.579691],[19.355645,-7.57411],[19.353681,-7.600258],[19.361846,-7.627027],[19.373215,-7.653795],[19.380966,-7.679737],[19.38138,-7.703921],[19.377762,-7.73007],[19.358022,-7.791565],[19.348514,-7.821537],[19.333838,-7.867322],[19.330944,-7.898638],[19.334044,-7.92427],[19.355542,-8.001991],[19.328256,-8.001991],[19.200616,-8.001991],[19.073078,-8.001991],[18.945437,-8.001991],[18.818003,-8.001991],[18.773768,-8.001991],[18.758265,-7.97822],[18.752064,-7.965921],[18.74731,-7.937809],[18.738525,-7.932331],[18.666901,-7.932331],[18.588663,-7.932331],[18.516523,-7.932228],[18.504327,-7.940703],[18.50226,-7.960133],[18.507635,-7.997547],[18.487894,-7.99827],[18.481797,-7.99734],[18.420508,-7.99827],[18.403868,-8.000647],[18.381958,-8.012326],[18.366558,-8.016771],[18.353639,-8.015944],[18.316225,-8.001681],[18.267339,-7.999821],[18.192719,-7.996927],[18.176596,-7.999201],[18.135771,-8.018528],[18.120372,-8.022455],[18.102181,-8.033307],[18.09288,-8.056355],[18.091743,-8.084157],[18.098151,-8.109271],[18.008544,-8.111235],[17.981879,-8.105344],[17.930822,-8.062142],[17.901367,-8.048086],[17.867984,-8.044469],[17.851757,-8.047776],[17.789539,-8.081779],[17.77724,-8.08333],[17.74334,-8.070721],[17.713265,-8.068344],[17.628412,-8.098006],[17.600197,-8.098523],[17.544283,-8.084777],[17.536531,-8.075992],[17.536219,-8.075402],[17.528366,-8.060592],[17.540045,-8.032067],[17.536531,-8.015117],[17.528366,-8.007779],[17.506352,-7.996513],[17.496224,-7.987212],[17.490953,-7.977496],[17.481858,-7.945664],[17.477207,-7.950521],[17.471109,-7.955586],[17.468318,-7.959926],[17.465218,-7.952588],[17.463047,-7.949798],[17.463564,-7.946904],[17.468318,-7.939463],[17.446821,-7.928921],[17.437829,-7.922409],[17.434109,-7.915795],[17.43938,-7.902152],[17.448681,-7.89285],[17.452402,-7.883962],[17.44093,-7.871146],[17.426357,-7.875487],[17.42305,-7.867942],[17.423567,-7.855127],[17.420569,-7.843861],[17.410854,-7.841484],[17.397625,-7.841381],[17.3907,-7.83921],[17.400002,-7.830219],[17.400002,-7.823397],[17.380985,-7.823191],[17.376128,-7.814096],[17.376954,-7.801693],[17.375404,-7.792288],[17.365482,-7.787327],[17.342435,-7.78402],[17.337887,-7.778646],[17.334063,-7.769654],[17.315976,-7.753634],[17.310602,-7.740818],[17.314219,-7.731827],[17.320627,-7.722422],[17.32042,-7.713637],[17.303781,-7.706712],[17.308121,-7.702371],[17.308121,-7.701854],[17.305951,-7.700097],[17.303781,-7.692449],[17.288898,-7.699477],[17.286521,-7.683664],[17.287451,-7.660203],[17.282697,-7.643977],[17.286417,-7.625167],[17.266574,-7.610387],[17.217791,-7.585996],[17.202908,-7.564292],[17.186268,-7.516336],[17.172832,-7.493805],[17.163427,-7.485227],[17.154952,-7.479129],[17.148545,-7.472618],[17.146167,-7.463109],[17.151542,-7.451224],[17.163117,-7.445539],[17.1749,-7.441612],[17.180274,-7.435411],[17.176553,-7.428176],[17.167458,-7.423525],[17.146167,-7.418047],[17.138209,-7.413707],[17.132215,-7.409572],[17.12622,-7.411433],[17.118159,-7.425489],[17.103999,-7.416084],[17.098108,-7.402338],[17.097895,-7.378294],[17.097798,-7.367404],[17.093354,-7.352315],[17.082502,-7.34229],[17.056664,-7.329887],[17.022867,-7.306013],[16.996099,-7.297951],[16.991655,-7.286066],[16.991655,-7.270563],[16.989071,-7.254853],[16.972845,-7.232219],[16.960546,-7.219093],[16.950831,-7.213202],[16.945663,-7.204624],[16.947523,-7.151087],[16.927059,-7.085665],[16.929126,-7.060653],[16.961166,-7.069231],[16.962303,-7.047424],[16.969331,-7.030371],[16.973155,-7.014765],[16.964576,-6.997195],[16.959305,-6.989443],[16.955275,-6.981485],[16.949074,-6.975387],[16.937601,-6.97301],[16.928713,-6.968669],[16.92861,-6.959264],[16.932124,-6.949859],[16.934501,-6.945725],[16.926956,-6.888571],[16.914967,-6.864076],[16.890783,-6.847126],[16.879414,-6.844646],[16.855332,-6.842165],[16.84448,-6.838445],[16.832905,-6.827799],[16.828564,-6.814363],[16.82691,-6.799791],[16.823086,-6.785114],[16.768103,-6.708323],[16.760351,-6.691994],[16.755907,-6.674113],[16.753013,-6.637216],[16.748672,-6.619543],[16.733996,-6.586057],[16.730792,-6.56983],[16.734513,-6.552364],[16.746812,-6.53159],[16.747329,-6.521978],[16.738337,-6.510609],[16.728002,-6.501101],[16.721697,-6.491799],[16.721284,-6.480534],[16.727795,-6.465961],[16.706091,-6.465031],[16.706091,-6.455212],[16.715186,-6.441363],[16.720974,-6.42834],[16.718907,-6.415318],[16.713636,-6.413974],[16.707021,-6.415421],[16.700407,-6.411287],[16.694722,-6.402192],[16.692965,-6.398368],[16.693585,-6.359817],[16.697409,-6.349792],[16.706091,-6.346692],[16.715289,-6.345968],[16.720974,-6.342351],[16.722317,-6.332429],[16.720147,-6.32261],[16.716943,-6.313309],[16.715393,-6.304834],[16.714773,-6.231556],[16.717253,-6.215123],[16.724384,-6.202411],[16.726762,-6.189182],[16.717873,-6.174092],[16.700407,-6.154352],[16.695859,-6.140916],[16.68511,-6.134301],[16.671778,-6.130167],[16.660099,-6.123966],[16.643046,-6.100712],[16.630953,-6.09172],[16.61111,-6.089756],[16.632194,-6.065262],[16.62837,-6.05534],[16.619481,-6.05658],[16.610076,-6.061231],[16.604288,-6.061851],[16.601188,-6.050586],[16.597157,-5.98785],[16.595297,-5.978549],[16.590336,-5.968007],[16.580724,-5.955398],[16.580621,-5.94899],[16.594056,-5.933177],[16.597364,-5.924702],[16.56026,-5.906408],[16.552922,-5.902378],[16.515095,-5.887081],[16.497318,-5.882844],[16.479335,-5.882224],[16.459491,-5.885221],[16.427452,-5.894626],[16.412465,-5.896797],[16.396136,-5.894109],[16.374328,-5.882844],[16.358515,-5.870235],[16.341255,-5.859796],[16.315727,-5.854629],[16.257023,-5.855559],[16.165659,-5.857006],[16.100856,-5.858108],[16.074502,-5.858556],[15.983241,-5.860106],[15.892084,-5.861657],[15.80072,-5.863207],[15.709563,-5.864757],[15.618302,-5.866204],[15.527041,-5.867754],[15.435781,-5.869201],[15.34452,-5.870752],[15.253363,-5.872199],[15.162102,-5.873749],[15.070842,-5.875299],[14.979581,-5.876746],[14.888424,-5.878296],[14.797164,-5.879847],[14.759652,-5.880469],[14.703733,-5.881397],[14.576609,-5.904651],[14.545706,-5.901654],[14.482144,-5.885531],[14.436669,-5.893386],[14.346132,-5.891526],[14.241849,-5.889562],[14.222212,-5.886978],[14.163094,-5.866101],[14.140149,-5.863517],[14.02119,-5.872509],[14.006307,-5.866928],[13.98233,-5.853285],[13.943572,-5.841606],[13.807146,-5.852458],[13.641523,-5.865791],[13.562562,-5.857419],[13.553053,-5.859383],[13.53476,-5.867031],[13.522668,-5.867548],[13.493212,-5.858453],[13.41332,-5.857006],[13.380454,-5.856386],[13.37384,-5.860933],[13.353582,-5.882637],[13.342524,-5.890595],[13.311001,-5.873956],[13.26935,-5.863517],[13.184911,-5.856386],[13.183849,-5.856459],[13.184337,-5.856215],[13.170665,-5.849867],[13.154796,-5.852146],[13.122895,-5.862481],[13.107758,-5.86297],[13.089854,-5.86061],[13.067227,-5.862629],[13.036351,-5.857209],[12.989268,-5.835707],[12.975841,-5.832778],[12.940929,-5.819106],[12.924327,-5.81463],[12.896169,-5.814548],[12.858735,-5.819513],[12.822439,-5.829767],[12.79713,-5.845392],[12.789236,-5.849216],[12.76648,-5.86531],[12.754393,-5.881752],[12.74341,-5.900382],[12.71754,-5.931329],[12.722607,-5.979263],[12.671982,-6.000132],[12.607012,-5.998019],[12.556377,-6.025472],[12.475953,-6.045312],[12.449498,-6.051928],[12.435164,-6.050853],[12.431854,-6.034414],[12.436263,-6.026734],[12.457204,-6.013552],[12.457367,-5.989679],[12.457194,-5.981772],[12.447273,-5.976306],[12.430746,-5.975227],[12.414201,-5.97854],[12.410895,-5.986215],[12.40428,-5.990608],[12.396563,-6.005963],[12.384776,-5.984308],[12.379568,-5.966078],[12.376231,-5.958673],[12.371104,-5.954197],[12.358897,-5.947686],[12.355154,-5.945001],[12.334158,-5.91839],[12.266612,-5.850844],[12.249278,-5.82879],[12.210541,-5.763442],[12.258972,-5.736703],[12.344445,-5.724611],[12.435499,-5.725541],[12.508983,-5.726264],[12.512497,-5.63366],[12.514977,-5.568755],[12.519731,-5.444214],[12.524382,-5.324738],[12.52769,-5.239472],[12.530687,-5.162681],[12.524072,-5.129091],[12.51198,-5.120513],[12.450382,-5.098809],[12.444697,-5.093538],[12.44077,-5.08403],[12.43891,-5.073281],[12.439426,-5.064806],[12.444387,-5.055091],[12.450692,-5.053127],[12.458133,-5.054161],[12.466505,-5.053127],[12.550427,-5.024188],[12.587738,-5.000314],[12.603964,-4.96259],[12.606961,-4.94223],[12.61585,-4.93546],[12.6544,-4.932566],[12.678895,-4.924298],[12.686233,-4.912826],[12.6883,-4.897013],[12.696982,-4.875619],[12.711968,-4.86332],[12.756926,-4.837275],[12.766228,-4.825182],[12.768295,-4.801928],[12.774806,-4.7795],[12.786175,-4.758416],[12.802918,-4.739813],[12.833201,-4.722656],[13.029571,-4.676871],[13.065331,-4.663952],[13.073703,-4.635323],[13.071532,-4.60163],[13.087966,-4.579513],[13.112357,-4.576929],[13.134061,-4.602354],[13.142122,-4.61734],[13.160002,-4.643385],[13.172405,-4.676148],[13.18212,-4.686069],[13.208785,-4.703123],[13.255811,-4.743947],[13.274001,-4.755833],[13.334565,-4.777537],[13.349345,-4.785598],[13.35875,-4.794797],[13.364124,-4.806889],[13.371359,-4.841719],[13.39265,-4.885334],[13.403192,-4.876859],[13.430787,-4.843372],[13.482257,-4.805545],[13.493522,-4.799654],[13.496416,-4.792109],[13.492385,-4.783531],[13.482257,-4.77485],[13.51471,-4.755936],[13.526182,-4.754282],[13.538894,-4.759967],[13.558634,-4.780431],[13.570727,-4.785908],[13.57986,-4.783031],[13.591397,-4.779397],[13.613101,-4.739193],[13.633979,-4.725654],[13.643694,-4.726274],[13.666535,-4.732682],[13.67532,-4.731751],[13.680591,-4.724723],[13.6778,-4.706327],[13.681934,-4.695371],[13.690099,-4.691134],[13.698368,-4.693511],[13.705861,-4.694338],[13.712475,-4.685656],[13.699091,-4.642661],[13.702605,-4.62075],[13.71816,-4.580339],[13.721777,-4.561012],[13.711028,-4.464481],[13.714956,-4.453009],[13.726531,-4.446704],[13.78999,-4.424587],[13.810454,-4.426654],[13.832881,-4.441227],[13.84208,-4.453422],[13.856136,-4.479674],[13.867091,-4.489286],[13.87629,-4.491663],[13.904401,-4.489802],[13.905436,-4.4901],[13.934581,-4.498484],[13.944502,-4.498071],[13.954941,-4.491869],[13.971788,-4.471612],[13.987704,-4.46014],[13.989874,-4.45797],[13.991631,-4.455076],[14.021087,-4.415388],[14.058397,-4.400505],[14.146351,-4.38986],[14.184694,-4.377458],[14.222212,-4.359784],[14.259625,-4.326918],[14.279986,-4.312759],[14.325461,-4.301803],[14.368559,-4.278446],[14.387059,-4.277102],[14.392847,-4.281753],[14.395328,-4.289711],[14.395224,-4.300357],[14.393467,-4.313172],[14.389126,-4.327538],[14.385716,-4.332913],[14.386026,-4.338287],[14.392744,-4.352756],[14.409074,-4.377561],[14.428607,-4.400402],[14.46323,-4.422623],[14.469742,-4.429341],[14.466538,-4.448048],[14.452482,-4.467995],[14.435739,-4.486702],[14.424576,-4.502308],[14.412588,-4.514504],[14.37476,-4.530213],[14.358947,-4.544579],[14.350783,-4.559049],[14.349956,-4.566904],[14.3575,-4.589124],[14.365769,-4.627262],[14.380962,-4.646175],[14.395844,-4.660128],[14.406903,-4.676044],[14.410934,-4.701056],[14.409177,-4.710564],[14.401529,-4.728134],[14.399048,-4.737539],[14.399668,-4.749321],[14.403699,-4.75883],[14.408763,-4.767822],[14.412588,-4.778157],[14.396464,-4.855878],[14.400702,-4.886264],[14.418169,-4.883163],[14.437289,-4.880166],[14.449484,-4.873965],[14.470052,-4.852157],[14.481937,-4.845853],[14.501471,-4.840685],[14.519868,-4.841305],[14.528033,-4.852157],[14.532477,-4.856188],[14.553871,-4.855155],[14.562139,-4.855878],[14.566893,-4.860529],[14.575058,-4.873655],[14.579606,-4.876342],[14.592111,-4.88058],[14.623324,-4.899493],[14.634486,-4.903627],[14.672727,-4.899907],[14.702182,-4.889571],[14.768431,-4.84823],[14.815457,-4.827973],[14.831167,-4.815054],[14.841399,-4.800171],[14.849047,-4.783738],[14.931005,-4.646899],[15.00821,-4.571038],[15.014618,-4.558015],[15.022783,-4.54706],[15.076113,-4.520085],[15.09792,-4.499931],[15.150678,-4.425151],[15.188044,-4.372187],[15.193418,-4.358751],[15.20396,-4.339011],[15.228352,-4.324851],[15.25574,-4.313069],[15.275274,-4.300357],[15.386585,-4.244339],[15.425446,-4.23018],[15.45025,-4.217261],[15.458932,-4.21385],[15.462859,-4.207132],[15.484977,-4.183878],[15.490351,-4.175196],[15.52115,-4.076804],[15.533759,-4.057994],[15.549056,-4.046212],[15.566832,-4.038047],[15.711216,-3.992158],[15.755141,-3.985647],[15.799996,-3.978826],[15.844231,-3.965597],[15.882989,-3.945339],[15.888019,-3.940523],[15.912134,-3.917434],[15.930324,-3.858626],[15.936112,-3.848498],[15.94314,-3.840746],[15.974249,-3.786486],[15.991096,-3.738944],[16.005255,-3.724784],[16.012697,-3.702254],[16.053314,-3.619985],[16.115533,-3.544227],[16.137857,-3.500715],[16.158424,-3.447282],[16.207723,-3.361913],[16.220746,-3.331733],[16.225603,-3.313233],[16.227464,-3.289876],[16.222089,-3.279127],[16.210411,-3.271065],[16.198628,-3.25949],[16.193357,-3.238406],[16.199455,-3.194791],[16.199248,-3.171847],[16.189947,-3.153036],[16.185709,-3.136397],[16.189843,-3.082343],[16.184469,-3.026119],[16.188293,-2.976406],[16.183981,-2.940449],[16.177028,-2.882459],[16.178165,-2.868093],[16.180852,-2.85414],[16.204519,-2.782723],[16.225603,-2.635239],[16.192324,-2.39515],[16.191704,-2.346884],[16.189843,-2.337479],[16.187466,-2.332311],[16.178268,-2.318462],[16.174857,-2.303062],[16.176924,-2.286836],[16.189947,-2.241878],[16.19005,-2.23547],[16.188603,-2.227718],[16.187363,-2.204567],[16.194598,-2.182036],[16.206793,-2.160952],[16.231288,-2.129016],[16.256093,-2.106795],[16.284411,-2.087572],[16.340222,-2.034138],[16.382596,-2.002202],[16.445642,-1.940501],[16.460938,-1.920864],[16.470033,-1.912699],[16.474787,-1.910115],[16.49029,-1.903604],[16.507757,-1.890271],[16.513958,-1.887377],[16.517162,-1.873735],[16.522536,-1.861746],[16.524971,-1.858535],[16.604185,-1.754052],[16.617207,-1.728731],[16.623099,-1.699172],[16.622478,-1.665169],[16.623822,-1.6538],[16.628886,-1.637263],[16.636224,-1.62083],[16.655971,-1.59029],[16.669504,-1.56936],[16.692552,-1.522955],[16.725521,-1.47996],[16.762728,-1.405856],[16.779265,-1.382395],[16.794664,-1.345498],[16.817815,-1.304157],[16.828667,-1.276252],[16.833215,-1.269017],[16.839726,-1.262506],[16.862567,-1.248863],[16.909179,-1.211139],[16.940495,-1.174759],[16.979563,-1.140239],[17.003127,-1.112851],[17.005918,-1.106753],[17.012015,-1.104273],[17.022557,-1.097038],[17.028655,-1.094454],[17.060488,-1.089183],[17.10865,-1.075644],[17.175416,-1.048255],[17.194847,-1.042984],[17.245386,-1.035853],[17.297683,-1.021074],[17.308018,-1.014976],[17.327655,-0.991721],[17.330446,-0.986554],[17.357317,-0.973531],[17.364965,-0.967227],[17.385429,-0.942422],[17.411474,-0.918341],[17.545863,-0.756491],[17.60216,-0.688691],[17.623038,-0.673291],[17.635853,-0.658512],[17.647636,-0.649933],[17.650943,-0.646316],[17.652493,-0.642182],[17.654457,-0.627506],[17.658694,-0.619754],[17.664172,-0.612726],[17.728044,-0.553092],[17.741997,-0.533351],[17.749541,-0.523429],[17.740756,-0.346179],[17.716262,-0.246237],[17.713678,-0.220916],[17.716365,-0.195801],[17.757086,-0.009456],[17.77538,0.026408],[17.854031,0.241072],[17.939917,0.361271],[17.945498,0.377291],[17.95201,0.474339],[17.949943,0.491496],[17.943638,0.510823],[17.933096,0.527049],[17.91842,0.535214],[17.8993,0.583273],[17.893202,0.607664],[17.892582,0.63588],[17.907568,0.713084],[17.907671,0.740473],[17.877906,0.867907],[17.878216,0.947178],[17.86664,1.016632],[17.873255,1.039628],[17.892478,1.077403],[17.914803,1.102001],[17.956247,1.171661],[17.963379,1.191453],[17.966996,1.253723],[18.002033,1.365783],[18.006683,1.402396],[18.012264,1.421956],[18.071382,1.551457],[18.073656,1.572334],[18.066111,1.858983],[18.068178,1.876217],[18.078307,1.90929],[18.081511,1.92655],[18.081718,1.942415],[18.076033,1.988484],[18.080787,2.084163],[18.078307,2.114807],[18.072416,2.145193],[18.072416,2.160024],[18.111173,2.265289],[18.118615,2.276968],[18.142696,2.3057],[18.146727,2.315932],[18.16378,2.321048],[18.174012,2.336138],[18.187964,2.370916],[18.199126,2.389106],[18.207808,2.407968],[18.214113,2.427657],[18.225171,2.486464],[18.233026,2.502587],[18.246152,2.518917],[18.303513,2.572557],[18.313745,2.575968],[18.316742,2.584339],[18.393223,2.713686],[18.418338,2.781743],[18.421852,2.808822],[18.425159,2.822154],[18.44924,2.873004],[18.467327,2.898894],[18.471771,2.909229],[18.475802,2.931192],[18.479626,2.941372],[18.495336,2.966073],[18.528409,3.064775],[18.541431,3.08281],[18.562102,3.096815],[18.597345,3.114643],[18.613055,3.128182],[18.619669,3.14477],[18.62184,3.156656],[18.631141,3.17898],[18.642407,3.323829],[18.634552,3.449222],[18.626387,3.476869]]],[[[12.90529,-5.869488],[12.933939,-5.873823],[12.953782,-5.8716],[12.972522,-5.868281],[12.99459,-5.868244],[12.969299,-5.888014],[12.940631,-5.896824],[12.884423,-5.907862],[12.870114,-5.917741],[12.839276,-5.92764],[12.807373,-5.95397],[12.783151,-5.960572],[12.761119,-5.958406],[12.745128,-5.940199],[12.765464,-5.920067],[12.795161,-5.89703],[12.828161,-5.871794],[12.854595,-5.86847],[12.90529,-5.869488]]]]}},{"type":"Feature","properties":{"name":"Sudan","orig":"Sudan","pop_m":50.0,"basin_share":79},"geometry":{"type":"MultiPolygon","coordinates":[[[[22.861064,10.919154],[22.900235,11.059895],[22.906539,11.069894],[22.922352,11.087076],[22.925143,11.097954],[22.92566,11.118134],[22.928967,11.137926],[22.935168,11.155883],[22.952015,11.191049],[22.956459,11.2088],[22.954536,11.237843],[22.953668,11.250942],[22.928347,11.32515],[22.914808,11.396101],[22.900442,11.408245],[22.87698,11.40884],[22.781792,11.398892],[22.771871,11.403181],[22.771561,11.433308],[22.76877,11.442326],[22.743035,11.466097],[22.662523,11.493072],[22.628107,11.509841],[22.592347,11.543663],[22.561754,11.586012],[22.541704,11.632986],[22.537053,11.68089],[22.592863,11.988933],[22.610537,12.039628],[22.613534,12.05725],[22.612397,12.072804],[22.607333,12.077714],[22.598858,12.063244],[22.585525,12.071357],[22.546458,12.064433],[22.481449,12.044279],[22.470494,12.036114],[22.464499,12.032962],[22.458091,12.03043],[22.483826,12.140345],[22.484756,12.152541],[22.484033,12.164737],[22.481449,12.176674],[22.407965,12.399761],[22.374892,12.450869],[22.372825,12.463116],[22.395873,12.496086],[22.445689,12.611066],[22.43246,12.62383],[22.33014,12.661451],[22.204877,12.743358],[22.176248,12.7015],[22.144105,12.671269],[22.105865,12.650392],[22.058736,12.636697],[22.019668,12.631426],[21.97719,12.63184],[21.935953,12.63954],[21.900813,12.656438],[21.880142,12.676282],[21.840868,12.748939],[21.813686,12.782296],[21.809449,12.793665],[21.811826,12.799969],[21.827846,12.831104],[21.85296,12.905725],[21.935126,13.059152],[21.964065,13.098349],[21.998378,13.130595],[22.016051,13.140233],[22.123435,13.182168],[22.139971,13.193511],[22.232265,13.289035],[22.267612,13.334562],[22.275984,13.376316],[22.263995,13.399183],[22.228648,13.441119],[22.215625,13.464993],[22.211181,13.484191],[22.210561,13.541733],[22.195885,13.580464],[22.132116,13.638652],[22.11434,13.677383],[22.11434,13.699708],[22.116303,13.715185],[22.112893,13.729835],[22.09708,13.749756],[22.073722,13.771357],[22.074962,13.780323],[22.099353,13.819416],[22.180762,13.920555],[22.190614,13.932794],[22.214695,13.956617],[22.243531,13.975427],[22.402281,14.049299],[22.421608,14.06214],[22.458711,14.096117],[22.481449,14.108546],[22.508217,14.113636],[22.531472,14.122627],[22.546355,14.139707],[22.547698,14.169033],[22.540877,14.201176],[22.531885,14.220632],[22.514109,14.231458],[22.457678,14.241147],[22.441038,14.249855],[22.429049,14.264608],[22.419954,14.286235],[22.41706,14.298095],[22.418094,14.30595],[22.426982,14.323003],[22.431323,14.327214],[22.444862,14.333364],[22.449926,14.338377],[22.45096,14.345792],[22.447343,14.351632],[22.442382,14.356928],[22.439074,14.362923],[22.424915,14.470436],[22.417164,14.484104],[22.386364,14.506532],[22.363523,14.543532],[22.382334,14.579111],[22.422745,14.609084],[22.465429,14.629289],[22.666347,14.681741],[22.676579,14.688975],[22.681437,14.702928],[22.67968,14.711816],[22.66459,14.743752],[22.659009,14.761271],[22.650844,14.816151],[22.650844,14.841938],[22.658906,14.857415],[22.695493,14.88147],[22.715337,14.899428],[22.721021,14.915938],[22.721951,14.934671],[22.727222,14.959036],[22.738901,14.97981],[22.829025,15.071639],[22.848765,15.087504],[22.871606,15.0997],[22.905506,15.112567],[22.913257,15.121688],[22.958009,15.201631],[22.965657,15.223904],[22.97837,15.340202],[22.976406,15.373636],[22.966484,15.404823],[22.944987,15.433116],[22.923593,15.455569],[22.906849,15.481408],[22.899511,15.510191],[22.906746,15.541404],[22.92566,15.563935],[23.004518,15.611425],[23.068493,15.686692],[23.094642,15.704262],[23.119249,15.707224],[23.166782,15.712944],[23.320571,15.681318],[23.395812,15.688346],[23.52707,15.735165],[23.592699,15.749014],[23.707524,15.748859],[23.829067,15.731031],[23.945546,15.692222],[23.972624,15.691085],[23.984406,15.72116],[23.984406,15.72194],[23.984406,15.779658],[23.984303,16.011944],[23.983993,16.244229],[23.983786,16.476515],[23.983683,16.7088],[23.983476,16.941138],[23.983269,17.173371],[23.983063,17.405657],[23.982856,17.637943],[23.982753,17.870228],[23.982443,18.102514],[23.982236,18.334799],[23.982133,18.567033],[23.981926,18.799293],[23.981719,19.031553],[23.981512,19.263838],[23.981306,19.496124],[23.981306,19.621026],[23.981306,19.745824],[23.981306,19.870597],[23.981306,19.995421],[24.142433,19.995421],[24.227906,19.995318],[24.34087,19.995292],[24.474609,19.995189],[24.599149,19.99506],[24.721312,19.995034],[24.867247,19.994956],[24.968016,19.994956],[24.970186,19.995189],[24.972356,19.995421],[24.974527,19.995654],[24.976801,19.995964],[24.977731,19.997463],[24.978661,19.999013],[24.979591,20.000512],[24.980521,20.002062],[24.980521,20.008391],[24.980521,20.120013],[24.980625,20.215098],[24.980625,20.310234],[24.980728,20.405319],[24.980831,20.500352],[24.980831,20.624944],[24.980831,20.749536],[24.980935,20.874128],[24.980935,20.998719],[24.980935,21.123311],[24.981038,21.247851],[24.981141,21.372443],[24.981141,21.497035],[24.981141,21.621575],[24.981141,21.746167],[24.981245,21.870811],[24.981245,21.995351],[25.0785,21.995299],[25.175858,21.995299],[25.273217,21.995299],[25.370678,21.995299],[25.467933,21.995299],[25.56524,21.995248],[25.662599,21.995248],[25.759854,21.995248],[25.857109,21.995248],[25.954467,21.995196],[26.051929,21.995144],[26.149184,21.995144],[26.246542,21.995144],[26.343797,21.995093],[26.441052,21.995093],[26.538411,21.995093],[26.635769,21.995093],[26.733127,21.995041],[26.830383,21.994989],[26.927741,21.994989],[27.024996,21.994989],[27.122354,21.994989],[27.219713,21.994989],[27.316968,21.994938],[27.414326,21.994938],[27.511685,21.994938],[27.609043,21.994938],[27.706401,21.994938],[27.803656,21.994938],[27.901015,21.994886],[27.998373,21.994834],[28.095732,21.994834],[28.192935,21.994834],[28.290345,21.994783],[28.387703,21.994783],[28.484907,21.994783],[28.582317,21.994783],[28.679675,21.994783],[28.777034,21.994783],[28.874392,21.994731],[28.971647,21.994679],[29.069006,21.994679],[29.166364,21.994679],[29.263619,21.994679],[29.360822,21.994679],[29.458232,21.994628],[29.555591,21.994628],[29.652949,21.994628],[29.750308,21.994628],[29.847563,21.994576],[29.944818,21.994524],[30.042176,21.994524],[30.13938,21.994524],[30.236893,21.994524],[30.334251,21.994524],[30.431506,21.994473],[30.528761,21.994473],[30.62612,21.994473],[30.723478,21.994473],[30.820733,21.994473],[30.918143,21.994473],[31.015553,21.994421],[31.112912,21.994369],[31.210115,21.994369],[31.248407,21.994369],[31.261637,22.001759],[31.310936,22.095707],[31.314388,22.102273],[31.359512,22.188104],[31.38535,22.214459],[31.404057,22.223761],[31.42328,22.226965],[31.442504,22.224174],[31.460901,22.215493],[31.482915,22.195442],[31.491803,22.173221],[31.490563,22.14821],[31.467412,22.084131],[31.435476,21.995351],[31.494719,21.995387],[31.521776,21.995403],[31.624095,21.995403],[31.726518,21.995403],[31.828837,21.995403],[31.93126,21.995403],[32.033579,21.995403],[32.136002,21.995403],[32.238321,21.995403],[32.340744,21.995403],[32.443063,21.995403],[32.524519,21.995403],[32.545434,21.995403],[32.647857,21.995403],[32.750331,21.995403],[32.852651,21.995403],[32.955073,21.995403],[33.057393,21.995403],[33.158728,21.995403],[33.15976,21.995403],[33.181136,21.995409],[33.303681,21.903022],[33.439577,21.80057],[33.558442,21.710957],[33.560882,21.709118],[33.866456,21.749724],[33.999118,21.767353],[34.084179,21.995454],[34.090456,21.995454],[34.323103,21.995454],[34.555751,21.995506],[34.788501,21.995558],[35.021149,21.995558],[35.253796,21.995558],[35.486443,21.995558],[35.719194,21.995609],[35.951841,21.995609],[36.184592,21.995609],[36.417239,21.995661],[36.649887,21.995713],[36.883637,21.995714],[36.880626,21.980699],[36.87794,21.97602],[36.873709,21.974066],[36.857758,21.971991],[36.840099,21.966132],[36.863943,21.949368],[36.873546,21.936103],[36.874197,21.815253],[36.896821,21.677883],[36.887869,21.650133],[36.902029,21.641059],[36.905284,21.629381],[36.905935,21.617092],[36.91212,21.606106],[36.923188,21.595526],[36.930431,21.585924],[36.98406,21.465806],[37.113617,21.278062],[37.198985,21.202135],[37.305431,21.074449],[37.312999,21.057685],[37.310883,21.038153],[37.303966,21.020901],[37.291352,21.012641],[37.272146,21.020168],[37.251964,21.006049],[37.233897,21.02025],[37.206554,21.064887],[37.199718,21.073554],[37.192231,21.086086],[37.189301,21.097235],[37.1963,21.102118],[37.209321,21.098619],[37.216482,21.090399],[37.221039,21.08039],[37.227061,21.071682],[37.250011,21.054999],[37.26352,21.04975],[37.272146,21.054267],[37.27003,21.062567],[37.245372,21.089057],[37.229747,21.127834],[37.218923,21.14175],[37.203136,21.136868],[37.175141,21.156724],[37.167003,21.146186],[37.15919,21.148017],[37.15268,21.157782],[37.148611,21.170966],[37.151052,21.183051],[37.157563,21.194648],[37.159516,21.206448],[37.148611,21.218736],[37.12143,21.22427],[37.104991,21.207506],[37.098399,21.180894],[37.100759,21.156724],[37.105805,21.151109],[37.118175,21.150336],[37.120616,21.143704],[37.117198,21.131781],[37.11378,21.123236],[37.118175,21.097846],[37.117849,21.086127],[37.11378,21.074774],[37.10377,21.065334],[37.093598,21.062405],[37.086681,21.057115],[37.086436,21.040595],[37.091563,21.031643],[37.120616,20.999701],[37.147309,20.940863],[37.160004,20.878241],[37.169119,20.746405],[37.183604,20.684394],[37.228038,20.565009],[37.230479,20.499986],[37.227712,20.484076],[37.222423,20.468248],[37.212738,20.458686],[37.182302,20.462836],[37.178884,20.449937],[37.182628,20.420233],[37.175141,20.349189],[37.182302,20.308743],[37.182628,20.293931],[37.206234,20.235371],[37.214248,20.200116],[37.21958,20.167429],[37.224892,20.119532],[37.209646,20.08161],[37.209972,20.074856],[37.206309,20.06387],[37.194102,20.049506],[37.189464,20.040107],[37.188813,20.01317],[37.196137,19.979153],[37.259451,19.820705],[37.26531,19.786851],[37.26531,19.721666],[37.263357,19.703762],[37.258067,19.692857],[37.241384,19.670478],[37.238292,19.65526],[37.245372,19.595038],[37.243826,19.576158],[37.245372,19.567776],[37.249278,19.558295],[37.26531,19.532375],[37.285818,19.475287],[37.32545,19.262844],[37.333507,19.159654],[37.337169,19.147691],[37.345551,19.140815],[37.354747,19.135484],[37.36085,19.128323],[37.36085,19.121649],[37.355642,19.108547],[37.355235,19.10163],[37.379562,19.069301],[37.391576,19.019453],[37.412364,18.955268],[37.425955,18.913479],[37.434337,18.861721],[37.447602,18.843573],[37.469177,18.805424],[37.492286,18.76751],[37.525238,18.738511],[37.530772,18.726874],[37.539806,18.715888],[37.551036,18.709947],[37.563162,18.71369],[37.574392,18.719916],[37.581798,18.718166],[37.641512,18.726744],[37.674725,18.740953],[37.679371,18.722502],[37.701671,18.711168],[37.720225,18.707831],[37.740733,18.709174],[37.747125,18.69768],[37.749469,18.681389],[37.765573,18.667295],[37.758067,18.628648],[37.773611,18.636664],[37.785159,18.64016],[37.796397,18.631741],[37.812755,18.615627],[37.925505,18.585044],[37.966936,18.546964],[37.994884,18.502021],[38.038198,18.461086],[38.065716,18.44371],[38.109251,18.427425],[38.121858,18.413301],[38.109275,18.395924],[38.082957,18.382879],[38.076119,18.348119],[38.103624,18.291663],[38.151674,18.249331],[38.205417,18.237394],[38.245434,18.243906],[38.251161,18.280825],[38.271251,18.286607],[38.306163,18.306545],[38.312348,18.295966],[38.303884,18.287543],[38.289806,18.280219],[38.27947,18.273017],[38.278005,18.26496],[38.278819,18.253974],[38.276215,18.242011],[38.264496,18.23078],[38.24936,18.22663],[38.236013,18.227444],[38.224864,18.226549],[38.217296,18.217719],[38.230317,18.217841],[38.265147,18.223944],[38.278331,18.221666],[38.287364,18.216295],[38.295665,18.209784],[38.306163,18.204088],[38.319347,18.200873],[38.347504,18.197577],[38.361095,18.193183],[38.376231,18.190619],[38.386567,18.195258],[38.388031,18.203192],[38.375662,18.210354],[38.391449,18.224189],[38.411143,18.204901],[38.443207,18.155707],[38.433849,18.142279],[38.45045,18.132392],[38.475597,18.130561],[38.49171,18.141425],[38.502289,18.126044],[38.505707,18.086371],[38.512218,18.073717],[38.531993,18.070705],[38.541677,18.085883],[38.54005,18.10871],[38.52589,18.128363],[38.542817,18.118394],[38.584483,18.077135],[38.591075,18.061754],[38.590994,18.045966],[38.593435,18.0362],[38.603852,18.013861],[38.601573,18.004828],[38.459285,17.890744],[38.431587,17.851986],[38.371332,17.698817],[38.343737,17.655926],[38.323479,17.640888],[38.27387,17.617789],[38.25661,17.602544],[38.251546,17.582804],[38.252786,17.561617],[38.250202,17.541824],[38.233356,17.525701],[38.209688,17.522291],[38.192015,17.532729],[38.176822,17.547561],[38.160595,17.557327],[38.125352,17.546527],[38.119461,17.545597],[38.114913,17.536657],[38.116154,17.530301],[38.118737,17.523428],[38.118427,17.512937],[38.107989,17.493817],[38.091452,17.480019],[38.076466,17.479864],[38.070782,17.501465],[38.072229,17.521464],[38.071195,17.538104],[38.06179,17.548077],[38.038846,17.548181],[38.015385,17.539964],[38.014424,17.539344],[37.946862,17.495729],[37.915546,17.457023],[37.895909,17.442554],[37.872034,17.437283],[37.849193,17.444001],[37.819221,17.4717],[37.79886,17.477126],[37.763927,17.45909],[37.720415,17.38385],[37.679591,17.363437],[37.63918,17.358011],[37.506785,17.318479],[37.496036,17.312174],[37.493556,17.300754],[37.504718,17.254969],[37.505648,17.236778],[37.500997,17.195076],[37.494693,17.174612],[37.472782,17.136991],[37.468028,17.114667],[37.45976,17.09472],[37.403432,17.029918],[37.309795,17.055343],[37.280959,17.052965],[37.233417,17.024647],[37.203134,17.022786],[37.188252,17.024905],[37.133991,17.01643],[37.124069,17.018032],[37.085415,17.040873],[37.07508,17.044542],[37.049345,17.04878],[37.031465,17.055808],[37.016376,17.065833],[37.000459,17.072602],[36.980099,17.070019],[36.973484,17.062526],[36.97337,17.062083],[36.971314,17.054102],[36.973588,17.045214],[36.993431,17.018652],[36.997049,16.999532],[36.992398,16.980205],[36.96811,16.946615],[36.971521,16.935815],[36.981959,16.925996],[36.990641,16.913646],[36.993121,16.900933],[36.991261,16.860781],[36.992605,16.856957],[36.998496,16.847965],[36.999736,16.842126],[36.997876,16.837991],[36.990641,16.829982],[36.988781,16.825537],[36.984957,16.765696],[36.960359,16.705648],[36.94961,16.69185],[36.91664,16.668958],[36.901447,16.655729],[36.892352,16.636867],[36.890699,16.619142],[36.892559,16.586534],[36.889562,16.567207],[36.877263,16.527313],[36.876539,16.513567],[36.883361,16.490416],[36.896383,16.472742],[36.912093,16.456619],[36.926252,16.438274],[36.927313,16.435393],[36.933693,16.418069],[36.933177,16.400395],[36.929663,16.382464],[36.928216,16.361121],[36.933383,16.340089],[36.951574,16.299575],[36.954261,16.278284],[36.944029,16.252859],[36.902171,16.211001],[36.885944,16.184853],[36.852665,16.093644],[36.8075,15.969311],[36.759544,15.837484],[36.732672,15.794748],[36.683269,15.74519],[36.670971,15.723124],[36.61671,15.531534],[36.614126,15.489262],[36.627872,15.445622],[36.595109,15.424331],[36.575576,15.393428],[36.524933,15.247908],[36.506743,15.220338],[36.433156,15.150859],[36.425094,15.133444],[36.423647,15.111508],[36.435119,15.01663],[36.45548,14.849069],[36.462199,14.793766],[36.47398,14.696804],[36.489173,14.571231],[36.504262,14.447336],[36.52638,14.263523],[36.436566,13.991214],[36.432122,13.969924],[36.432535,13.944499],[36.438013,13.919952],[36.455376,13.870007],[36.458167,13.820139],[36.439942,13.776176],[36.398429,13.67604],[36.394812,13.655938],[36.391298,13.599352],[36.382099,13.571033],[36.233581,13.36164],[36.136946,13.032436],[36.138393,13.013315],[36.146351,12.997373],[36.149555,12.988821],[36.149865,12.980242],[36.140874,12.96554],[36.125991,12.950968],[36.114415,12.933889],[36.115346,12.911719],[36.138703,12.871851],[36.143044,12.856942],[36.143251,12.832551],[36.123614,12.721447],[36.115035,12.70181],[36.099429,12.69566],[36.072144,12.70305],[36.063049,12.707908],[36.057261,12.712145],[36.050647,12.715452],[36.038451,12.717468],[36.029976,12.717158],[35.728392,12.67437],[35.702761,12.66605],[35.70137,12.665421],[35.687671,12.659228],[35.684054,12.656076],[35.684261,12.650753],[35.677439,12.625225],[35.675992,12.614528],[35.672375,12.604296],[35.662453,12.593651],[35.653772,12.590034],[35.634445,12.588587],[35.625866,12.585124],[35.616875,12.575151],[35.428772,12.266953],[35.418127,12.238996],[35.41544,12.211142],[35.412546,12.198636],[35.403348,12.185097],[35.392909,12.176726],[35.371102,12.165512],[35.361283,12.157347],[35.353738,12.14603],[35.335962,12.102312],[35.32604,12.047483],[35.317358,12.023712],[35.297824,12.001594],[35.260411,11.980407],[35.251419,11.971725],[35.248525,11.962475],[35.248379,11.957858],[35.247802,11.939634],[35.245734,11.929867],[35.215555,11.896588],[35.148556,11.871229],[35.126672,11.862946],[35.088018,11.838193],[35.072722,11.818866],[35.059079,11.79587],[35.048227,11.771376],[35.041199,11.747604],[35.040579,11.727399],[35.048124,11.68952],[35.046263,11.648644],[35.053498,11.628077],[35.074375,11.587356],[35.076856,11.568649],[35.073135,11.54896],[34.947148,11.274868],[34.944254,11.253242],[34.953969,11.226112],[34.971436,11.206888],[34.984148,11.186398],[34.980324,11.155263],[34.914282,10.963957],[34.913558,10.952976],[34.92317,10.939928],[34.952832,10.91843],[34.95831,10.903418],[34.950662,10.869183],[34.933816,10.845308],[34.879762,10.804613],[34.861572,10.787586],[34.857438,10.775674],[34.857334,10.763556],[34.85134,10.745753],[34.838524,10.72914],[34.827569,10.72777],[34.815373,10.73131],[34.798527,10.729656],[34.786228,10.718985],[34.772895,10.688263],[34.764834,10.680254],[34.754395,10.684129],[34.752948,10.698728],[34.756979,10.728804],[34.750674,10.743945],[34.737445,10.755391],[34.708093,10.774072],[34.587067,10.879285],[34.574768,10.884143],[34.557818,10.877787],[34.437308,10.795673],[34.420048,10.780816],[34.404235,10.759835],[34.365582,10.685783],[34.279489,10.565506],[34.271737,10.530082],[34.276181,10.488715],[34.32486,10.268651],[34.325894,10.223563],[34.317419,10.181266],[34.314215,10.175452],[34.304603,10.165634],[34.301813,10.160285],[34.301606,10.148994],[34.305017,10.124603],[34.303466,10.113544],[34.280832,10.080109],[34.221921,10.02603],[34.098208,9.67972],[34.066892,9.531176],[34.070698,9.454592],[33.900855,9.45529],[33.897755,9.456582],[33.894809,9.459475],[33.892019,9.464281],[33.888711,9.470818],[33.881425,9.499215],[33.877704,9.543424],[33.883905,9.619853],[33.904886,9.7107],[33.96912,9.838341],[33.972376,9.848883],[33.973254,9.854852],[33.973254,9.861776],[33.96726,9.884514],[33.959818,9.904203],[33.956097,9.933994],[33.96726,10.000269],[33.968345,10.020811],[33.966794,10.047269],[33.961782,10.064038],[33.916978,10.174522],[33.902096,10.192041],[33.685545,10.367973],[33.468995,10.543905],[33.389827,10.639248],[33.3813,10.645785],[33.370603,10.650901],[33.15072,10.730974],[33.140023,10.739036],[33.141418,10.750818],[33.14824,10.766036],[33.174646,10.812287],[33.178367,10.824534],[33.182088,10.843241],[33.132504,11.213903],[33.082921,11.584565],[33.083231,11.599164],[33.087727,11.608853],[33.091447,11.614796],[33.104573,11.630583],[33.115994,11.646939],[33.129016,11.67549],[33.132427,11.686213],[33.146018,11.81866],[33.144984,11.934673],[33.203017,12.128098],[33.209218,12.210367],[32.731779,12.216155],[32.728834,12.211917],[32.728524,12.206853],[32.729712,12.201065],[32.730384,12.194864],[32.730074,12.181893],[32.726198,12.157941],[32.725268,12.145255],[32.725733,12.132336],[32.73302,12.085982],[32.745577,12.051126],[32.747592,12.039525],[32.748213,12.026812],[32.746662,12.002731],[32.414434,12.001271],[32.082207,11.999811],[32.34524,11.709106],[32.34834,11.703163],[32.352991,11.687376],[32.354852,11.675774],[32.359812,11.573481],[32.345705,11.41163],[32.348754,11.30758],[32.364153,11.240013],[32.435363,11.107023],[32.430713,11.082193],[32.414073,11.050851],[32.17848,10.853202],[31.942887,10.655552],[31.929865,10.636923],[31.864184,10.472127],[31.801965,10.376241],[31.774215,10.348775],[31.664816,10.214236],[31.449816,10.003279],[31.234817,9.792323],[31.164382,9.764005],[30.950234,9.752455],[30.94991,9.752446],[30.83696,9.749354],[30.824092,9.746176],[30.804817,9.738942],[30.793035,9.728012],[30.779082,9.719873],[30.765284,9.724291],[30.749265,9.735763],[30.484578,9.972028],[30.248779,10.121257],[30.012979,10.270485],[29.967814,10.243329],[29.700957,10.115017],[29.64587,10.081711],[29.615432,10.058147],[29.613882,9.914461],[29.567321,9.841364],[29.483089,9.761679],[29.252354,9.711165],[29.132258,9.667731],[29.009474,9.603239],[28.989476,9.58709],[28.913833,9.529031],[28.84933,9.465901],[28.828745,9.427474],[28.827372,9.38493],[28.831489,9.349248],[28.843841,9.324545],[28.84255,9.324556],[28.44383,9.327981],[28.04511,9.331407],[27.997076,9.38493],[27.895072,9.59541],[27.884788,9.591379],[27.868355,9.588511],[27.769602,9.583318],[27.641496,9.601947],[27.635915,9.601379],[27.615089,9.595798],[27.609301,9.595178],[27.528066,9.605358],[27.385129,9.60479],[27.33924,9.612799],[27.080393,9.606831],[26.694318,9.476942],[26.683621,9.476012],[26.625744,9.480663],[26.600887,9.49198],[26.556859,9.520454],[26.368163,9.739717],[26.179466,9.95898],[26.102623,9.987841],[26.102313,9.988163],[26.088206,10.002827],[26.076423,10.01771],[26.016685,10.114862],[26.010794,10.122691],[26.007229,10.125998],[26.000872,10.131062],[25.998082,10.132458],[25.9709,10.140312],[25.955707,10.146901],[25.919689,10.167856],[25.911937,10.174212],[25.905426,10.181266],[25.902791,10.185529],[25.90093,10.191059],[25.894884,10.34583],[25.893644,10.351333],[25.891628,10.355984],[25.886512,10.364304],[25.843053,10.417815],[25.839332,10.420554],[25.82848,10.419546],[25.78378,10.407893],[25.762799,10.397739],[25.753962,10.395336],[25.745901,10.394405],[25.705748,10.395956],[25.699961,10.395026],[25.684148,10.390685],[25.661358,10.387016],[25.629061,10.386706],[25.623324,10.385853],[25.58033,10.375311],[25.506484,10.349628],[25.503383,10.349163],[25.490826,10.345597],[25.479509,10.343814],[25.439305,10.345209],[25.427212,10.344124],[25.415844,10.342031],[25.400961,10.336993],[25.391504,10.332652],[25.381272,10.329448],[25.369335,10.328208],[25.362927,10.32813],[25.351145,10.326813],[25.346029,10.325262],[25.327425,10.316581],[25.321999,10.315651],[25.316211,10.315573],[25.305359,10.317123],[25.299778,10.316658],[25.290166,10.313093],[25.28474,10.311852],[25.278694,10.312007],[25.272803,10.313015],[25.267067,10.314798],[25.25699,10.319216],[25.251512,10.320999],[25.239575,10.323014],[25.232754,10.322317],[25.225623,10.320611],[25.216631,10.316968],[25.209965,10.316116],[25.198286,10.317588],[25.19255,10.317433],[25.168365,10.308132],[25.156893,10.306245],[25.131261,10.308287],[25.120564,10.30609],[25.105992,10.300354],[25.090282,10.295755],[25.084081,10.293223],[25.07695,10.286867],[25.067028,10.27493],[25.017057,10.168011],[25.014421,10.157366],[25.013646,10.149072],[25.015816,10.138039],[25.017367,10.133],[25.025583,10.114164],[25.028684,10.103906],[25.029304,10.098248],[25.028994,10.092047],[25.027754,10.086155],[25.016901,10.056752],[24.990702,10.00306],[24.984965,9.985593],[24.976284,9.967351],[24.967861,9.955957],[24.954373,9.942237],[24.926933,9.90521],[24.913859,9.890715],[24.879287,9.869915],[24.844819,9.841674],[24.836292,9.836636],[24.827611,9.832683],[24.816759,9.830745],[24.807302,9.830047],[24.803685,9.829169],[24.799809,9.825215],[24.796398,9.818859],[24.792677,9.798369],[24.794383,9.532184],[24.792522,9.520402],[24.785236,9.497509],[24.723948,9.429219],[24.694957,9.402916],[24.686999,9.391366],[24.680178,9.373357],[24.660954,9.182283],[24.659869,9.176986],[24.655993,9.167297],[24.565353,9.014851],[24.559307,8.999865],[24.558377,8.993354],[24.558377,8.886746],[24.552795,8.880079],[24.542874,8.874653],[24.493833,8.858349],[24.402882,8.848893],[24.380093,8.844216],[24.270849,8.775719],[24.240566,8.761534],[24.182999,8.717919],[24.176953,8.709857],[24.174782,8.695646],[24.170328,8.689327],[24.114011,8.681642],[24.009624,8.698876],[23.981306,8.694173],[23.962082,8.697015],[23.922291,8.713449],[23.866687,8.70779],[23.803436,8.72213],[23.768916,8.721252],[23.737496,8.70686],[23.72127,8.702002],[23.689127,8.710684],[23.657088,8.710012],[23.644065,8.715154],[23.629079,8.725593],[23.61337,8.732233],[23.59642,8.734145],[23.578023,8.730476],[23.56407,8.722699],[23.540506,8.704793],[23.525726,8.701485],[23.505262,8.710736],[23.49007,8.732595],[23.481801,8.759363],[23.482318,8.783393],[23.495444,8.809438],[23.536682,8.85561],[23.553632,8.883154],[23.565931,8.940024],[23.567481,8.974828],[23.560143,8.996455],[23.542573,8.997281],[23.505469,8.961082],[23.478081,8.958912],[23.451416,8.974182],[23.43829,8.994543],[23.435706,9.018934],[23.45772,9.146161],[23.462821,9.153725],[23.474257,9.170682],[23.48945,9.176702],[23.521799,9.175358],[23.537922,9.178149],[23.549498,9.185254],[23.571408,9.207294],[23.610062,9.255457],[23.623291,9.265637],[23.63218,9.277574],[23.630733,9.292173],[23.620501,9.322869],[23.621845,9.34062],[23.646856,9.418393],[23.646339,9.425033],[23.640861,9.43312],[23.63497,9.435394],[23.627529,9.435084],[23.619984,9.447719],[23.617194,9.457176],[23.618537,9.488311],[23.61647,9.501463],[23.606755,9.526241],[23.606135,9.537171],[23.618537,9.566084],[23.655538,9.622463],[23.669077,9.652022],[23.674038,9.69034],[23.644789,9.863068],[23.624015,9.907768],[23.457617,10.173747],[23.291219,10.439726],[23.109421,10.614495],[23.005551,10.686817],[22.863234,10.891817],[22.861064,10.919154]]],[[[37.26531,20.855048],[37.275645,20.848049],[37.279145,20.845649],[37.283539,20.83275],[37.271821,20.766099],[37.264496,20.749986],[37.254405,20.749823],[37.244151,20.77265],[37.243419,20.804023],[37.250824,20.834662],[37.26531,20.855048]]]]}},{"type":"Feature","properties":{"name":"Eritrea","orig":"Eritrea","pop_m":3.7,"basin_share":20},"geometry":{"type":"MultiPolygon","coordinates":[[[[43.117686,12.707913],[42.900358,12.616389],[42.890126,12.615407],[42.877723,12.62507],[42.868835,12.626155],[42.852092,12.611738],[42.828838,12.557633],[42.785223,12.517222],[42.788737,12.487456],[42.798038,12.456088],[42.792251,12.429165],[42.779745,12.422602],[42.749876,12.417073],[42.741401,12.408081],[42.727758,12.388806],[42.696187,12.380126],[42.691482,12.378832],[42.678252,12.360022],[42.521569,12.496241],[42.475681,12.516343],[42.448499,12.523371],[42.430929,12.520322],[42.379459,12.465907],[42.33171,12.515465],[42.250165,12.623985],[42.184949,12.733048],[42.137304,12.77333],[42.0817,12.803922],[42.024649,12.82697],[41.946617,12.876166],[41.894321,12.94797],[41.8166,13.112792],[41.784767,13.164572],[41.750764,13.208316],[41.7118,13.247926],[41.635525,13.309344],[41.530726,13.393783],[41.357093,13.502278],[41.222217,13.586614],[41.192038,13.615863],[41.121345,13.738181],[41.043623,13.872488],[40.93779,13.989922],[40.833197,14.105962],[40.772322,14.148362],[40.704419,14.173219],[40.614089,14.185802],[40.585874,14.19469],[40.479834,14.244403],[40.421646,14.273755],[40.353687,14.335241],[40.277055,14.404574],[40.237678,14.427441],[40.194373,14.444649],[40.104559,14.465966],[40.086886,14.465759],[40.037483,14.451522],[40.023221,14.45116],[39.999839,14.455238],[39.979812,14.458731],[39.961519,14.454209],[39.93072,14.428784],[39.911186,14.42341],[39.892273,14.426562],[39.87708,14.433616],[39.824473,14.478135],[39.796878,14.495111],[39.766906,14.504775],[39.735073,14.503715],[39.722985,14.501717],[39.677712,14.494233],[39.650944,14.496584],[39.599474,14.511648],[39.59379,14.514567],[39.587692,14.520278],[39.567331,14.544307],[39.552138,14.556684],[39.532295,14.567587],[39.515035,14.56782],[39.50718,14.547821],[39.489403,14.524489],[39.448579,14.505111],[39.36662,14.482916],[39.347603,14.481805],[39.293446,14.490305],[39.268538,14.48643],[39.254999,14.474415],[39.233191,14.440438],[39.20818,14.440179],[39.187509,14.477205],[39.158467,14.560146],[39.144721,14.581566],[39.127461,14.602211],[39.107308,14.620116],[39.0855,14.633475],[39.075475,14.637402],[39.04695,14.643758],[39.011189,14.647763],[39.009742,14.651226],[38.996823,14.638901],[38.995273,14.622261],[38.996823,14.60358],[38.993826,14.585157],[38.979667,14.567122],[38.959203,14.554642],[38.917552,14.535703],[38.884582,14.506247],[38.866082,14.493664],[38.821537,14.489478],[38.761902,14.465449],[38.742885,14.461056],[38.724385,14.459403],[38.706195,14.46116],[38.688005,14.467103],[38.668471,14.467723],[38.606563,14.436484],[38.569356,14.426821],[38.492978,14.418294],[38.443679,14.418656],[38.435204,14.416305],[38.426832,14.417183],[38.41443,14.426304],[38.409056,14.43527],[38.402338,14.456871],[38.394276,14.464312],[38.340636,14.492682],[38.32503,14.504594],[38.313351,14.519347],[38.305186,14.536917],[38.295678,14.574874],[38.28927,14.587741],[38.278831,14.595467],[38.267152,14.601771],[38.257644,14.610427],[38.252683,14.62022],[38.247825,14.647712],[38.245841,14.652474],[38.239557,14.667555],[38.229325,14.679725],[38.213925,14.685875],[38.190258,14.687322],[38.13331,14.677762],[38.115223,14.681017],[38.006703,14.7244],[37.998435,14.730911],[37.99275,14.740755],[37.992027,14.749514],[37.989856,14.757317],[37.980038,14.764552],[37.968772,14.766387],[37.964432,14.771193],[37.962261,14.777859],[37.958437,14.785093],[37.957817,14.788194],[37.958127,14.798762],[37.95761,14.802844],[37.954096,14.806255],[37.944381,14.80734],[37.94004,14.81088],[37.92092,14.847519],[37.908828,14.864727],[37.891464,14.879532],[37.85064,14.783879],[37.785631,14.632183],[37.721242,14.481753],[37.658507,14.335173],[37.601043,14.200917],[37.564973,14.116685],[37.553707,14.105497],[37.535724,14.11684],[37.525285,14.128829],[37.520634,14.145443],[37.519498,14.170997],[37.5165,14.180557],[37.508749,14.188127],[37.498517,14.193088],[37.488182,14.194897],[37.475366,14.199574],[37.469371,14.210813],[37.464307,14.235825],[37.456969,14.254609],[37.452628,14.260578],[37.412217,14.293599],[37.397748,14.301738],[37.394957,14.312383],[37.395474,14.335173],[37.394027,14.350081],[37.390203,14.358169],[37.374907,14.373026],[37.33708,14.426356],[37.318166,14.43713],[37.293775,14.457439],[37.280029,14.45545],[37.258221,14.448111],[37.184221,14.449558],[37.149701,14.441936],[37.121072,14.420826],[37.105879,14.399226],[37.097818,14.379511],[37.094407,14.35915],[37.093787,14.335173],[37.090997,14.314218],[37.083452,14.297733],[37.072703,14.285305],[37.060197,14.27683],[37.052446,14.275331],[37.034256,14.277502],[37.026091,14.27683],[37.011518,14.265074],[37.005627,14.263162],[36.995395,14.264092],[36.986714,14.266831],[36.978859,14.27112],[36.970901,14.27683],[36.952814,14.300963],[36.946923,14.304735],[36.913746,14.309024],[36.848531,14.327783],[36.816388,14.332072],[36.748072,14.332072],[36.738357,14.329798],[36.72213,14.320057],[36.713655,14.317784],[36.668593,14.317784],[36.648543,14.31458],[36.61764,14.300446],[36.603791,14.29732],[36.5825,14.296751],[36.565654,14.292927],[36.553045,14.282773],[36.545707,14.263162],[36.52638,14.263523],[36.504262,14.447336],[36.489173,14.571231],[36.47398,14.696804],[36.462199,14.793766],[36.45548,14.849069],[36.435119,15.01663],[36.423647,15.111508],[36.425094,15.133444],[36.433156,15.150859],[36.506743,15.220338],[36.524933,15.247908],[36.575576,15.393428],[36.595109,15.424331],[36.627872,15.445622],[36.614126,15.489262],[36.61671,15.531534],[36.670971,15.723124],[36.683269,15.74519],[36.732672,15.794748],[36.759544,15.837484],[36.8075,15.969311],[36.852665,16.093644],[36.885944,16.184853],[36.902171,16.211001],[36.944029,16.252859],[36.954261,16.278284],[36.951574,16.299575],[36.933383,16.340089],[36.928216,16.361121],[36.929663,16.382464],[36.933177,16.400395],[36.933693,16.418069],[36.927313,16.435393],[36.926252,16.438274],[36.912093,16.456619],[36.896383,16.472742],[36.883361,16.490416],[36.876539,16.513567],[36.877263,16.527313],[36.889562,16.567207],[36.892559,16.586534],[36.890699,16.619142],[36.892352,16.636867],[36.901447,16.655729],[36.91664,16.668958],[36.94961,16.69185],[36.960359,16.705648],[36.984957,16.765696],[36.988781,16.825537],[36.990641,16.829982],[36.997876,16.837991],[36.999736,16.842126],[36.998496,16.847965],[36.992605,16.856957],[36.991261,16.860781],[36.993121,16.900933],[36.990641,16.913646],[36.981959,16.925996],[36.971521,16.935815],[36.96811,16.946615],[36.992398,16.980205],[36.997049,16.999532],[36.993431,17.018652],[36.973588,17.045214],[36.971314,17.054102],[36.97337,17.062083],[36.973484,17.062526],[36.980099,17.070019],[37.000459,17.072602],[37.016376,17.065833],[37.031465,17.055808],[37.049345,17.04878],[37.07508,17.044542],[37.085415,17.040873],[37.124069,17.018032],[37.133991,17.01643],[37.188252,17.024905],[37.203134,17.022786],[37.233417,17.024647],[37.280959,17.052965],[37.309795,17.055343],[37.403432,17.029918],[37.45976,17.09472],[37.468028,17.114667],[37.472782,17.136991],[37.494693,17.174612],[37.500997,17.195076],[37.505648,17.236778],[37.504718,17.254969],[37.493556,17.300754],[37.496036,17.312174],[37.506785,17.318479],[37.63918,17.358011],[37.679591,17.363437],[37.720415,17.38385],[37.763927,17.45909],[37.79886,17.477126],[37.819221,17.4717],[37.849193,17.444001],[37.872034,17.437283],[37.895909,17.442554],[37.915546,17.457023],[37.946862,17.495729],[38.014424,17.539344],[38.015385,17.539964],[38.038846,17.548181],[38.06179,17.548077],[38.071195,17.538104],[38.072229,17.521464],[38.070782,17.501465],[38.076466,17.479864],[38.091452,17.480019],[38.107989,17.493817],[38.118427,17.512937],[38.118737,17.523428],[38.116154,17.530301],[38.114913,17.536657],[38.119461,17.545597],[38.125352,17.546527],[38.160595,17.557327],[38.176822,17.547561],[38.192015,17.532729],[38.209688,17.522291],[38.233356,17.525701],[38.250202,17.541824],[38.252786,17.561617],[38.251546,17.582804],[38.25661,17.602544],[38.27387,17.617789],[38.323479,17.640888],[38.343737,17.655926],[38.371332,17.698817],[38.431587,17.851986],[38.459285,17.890744],[38.601573,18.004828],[38.603689,17.994371],[38.613048,17.983466],[38.620372,17.952582],[38.662934,17.894965],[38.66627,17.884955],[38.667491,17.864447],[38.66977,17.85399],[38.687836,17.829413],[38.690929,17.823635],[38.695811,17.806627],[38.789724,17.668891],[38.85963,17.513251],[38.929047,17.397121],[38.953298,17.312242],[38.964692,17.292304],[38.952647,17.253485],[38.971202,17.223334],[38.998546,17.19595],[39.012462,17.165351],[39.017589,17.126695],[39.026134,17.093085],[39.055919,17.034125],[39.060313,17.014838],[39.06365,16.97427],[39.068858,16.953925],[39.084483,16.924872],[39.090017,16.884223],[39.094981,16.867743],[39.12794,16.794867],[39.149669,16.716946],[39.135997,16.723782],[39.155935,16.679145],[39.161388,16.657172],[39.163341,16.62816],[39.144867,16.609361],[39.160981,16.563788],[39.156505,16.538153],[39.149669,16.544989],[39.15089,16.529446],[39.160655,16.525133],[39.171641,16.524848],[39.177013,16.52143],[39.175548,16.48664],[39.177013,16.477362],[39.180675,16.468207],[39.185069,16.460517],[39.188975,16.451809],[39.190603,16.439439],[39.18922,16.399888],[39.190603,16.387356],[39.194102,16.378119],[39.203136,16.362209],[39.204845,16.349799],[39.20338,16.337551],[39.197276,16.312812],[39.197439,16.29857],[39.228038,16.168036],[39.232188,16.123847],[39.235606,16.10871],[39.258962,16.058987],[39.294119,15.928778],[39.313487,15.893948],[39.37322,15.858466],[39.382498,15.842963],[39.390391,15.83633],[39.427013,15.82038],[39.437022,15.811957],[39.437511,15.799018],[39.432628,15.788153],[39.426443,15.778144],[39.42335,15.767564],[39.426524,15.755805],[39.440684,15.740912],[39.443858,15.73314],[39.445323,15.706529],[39.450857,15.690497],[39.477875,15.661119],[39.460623,15.659613],[39.448741,15.649807],[39.444591,15.63524],[39.450694,15.619574],[39.454926,15.628119],[39.464041,15.638332],[39.474946,15.642646],[39.484874,15.633857],[39.482758,15.614936],[39.46339,15.605902],[39.440929,15.603176],[39.430186,15.603095],[39.432465,15.593655],[39.450694,15.565579],[39.455251,15.531887],[39.45753,15.524604],[39.47169,15.519436],[39.494884,15.517524],[39.516856,15.520087],[39.526378,15.528022],[39.533946,15.539781],[39.551768,15.542304],[39.572032,15.538398],[39.587169,15.531399],[39.611339,15.499986],[39.663585,15.336168],[39.667735,15.332506],[39.686534,15.325629],[39.690766,15.322211],[39.693044,15.304674],[39.698985,15.288031],[39.707693,15.273871],[39.718272,15.263902],[39.70338,15.209377],[39.698253,15.123603],[39.70045,15.119534],[39.709809,15.113023],[39.712087,15.10932],[39.715587,15.094062],[39.725108,15.086168],[39.738129,15.085639],[39.752289,15.092597],[39.762218,15.07392],[39.773692,15.071031],[39.789399,15.075588],[39.81129,15.078925],[39.818207,15.08397],[39.823741,15.095649],[39.826182,15.108222],[39.824718,15.116523],[39.819672,15.1258],[39.823497,15.13227],[39.835623,15.140367],[39.854666,15.173489],[39.856781,15.192939],[39.836762,15.226793],[39.825938,15.266913],[39.817719,15.281236],[39.804454,15.28144],[39.796397,15.266018],[39.789724,15.257473],[39.780935,15.278144],[39.778494,15.297593],[39.780935,15.34927],[39.779633,15.360419],[39.774587,15.379381],[39.773448,15.39053],[39.775727,15.402737],[39.781261,15.406724],[39.787934,15.408677],[39.793793,15.41474],[39.800466,15.44892],[39.80714,15.458889],[39.8213,15.448879],[39.828136,15.448879],[39.829112,15.456855],[39.835623,15.476142],[39.841645,15.476142],[39.842052,15.472968],[39.841645,15.463121],[39.852712,15.471584],[39.865977,15.492987],[39.875255,15.504096],[39.889985,15.478217],[39.910004,15.457424],[40.005138,15.381008],[40.019786,15.373765],[40.042817,15.368883],[40.050792,15.366116],[40.060802,15.360093],[40.072439,15.350735],[40.079926,15.340725],[40.083181,15.330227],[40.081309,15.319159],[40.074067,15.307278],[40.056163,15.293402],[40.047211,15.284369],[40.041759,15.274848],[40.026622,15.237209],[40.037771,15.238186],[40.046235,15.235785],[40.052013,15.22956],[40.053966,15.219224],[40.051524,15.216254],[40.04127,15.21247],[40.039724,15.209296],[40.041515,15.204983],[40.046235,15.200995],[40.047211,15.198432],[40.052501,15.190131],[40.075938,15.173163],[40.081309,15.164537],[40.084158,15.151801],[40.097179,15.125881],[40.101817,15.113023],[40.101248,15.101874],[40.098481,15.088813],[40.097504,15.075832],[40.101817,15.064643],[40.114268,15.069037],[40.12794,15.06623],[40.138927,15.058661],[40.143321,15.048529],[40.145274,15.040188],[40.149669,15.038316],[40.154307,15.037299],[40.157074,15.031155],[40.156505,15.02204],[40.15089,15.007066],[40.149587,15.000067],[40.159434,14.982245],[40.182628,14.970852],[40.256602,14.945258],[40.272634,14.937567],[40.279959,14.93183],[40.286794,14.913479],[40.301768,14.916897],[40.324555,14.935533],[40.347179,14.944078],[40.362966,14.964097],[40.375743,14.986721],[40.389822,15.003241],[40.38852,14.987372],[40.3921,14.973578],[40.401378,14.966132],[40.417735,14.969062],[40.423025,14.977851],[40.420746,14.989244],[40.422699,14.99901],[40.440684,15.003241],[40.451427,15.003852],[40.454438,15.004462],[40.464854,14.997016],[40.463227,14.993598],[40.461111,14.986558],[40.463145,14.979682],[40.475352,14.976508],[40.482595,14.973578],[40.485606,14.967678],[40.489513,14.962551],[40.499034,14.962226],[40.505626,14.965277],[40.511485,14.970526],[40.516368,14.97663],[40.520193,14.982733],[40.515147,14.99079],[40.51295,14.998765],[40.512706,15.017483],[40.518321,15.012519],[40.523123,15.001695],[40.527029,14.997016],[40.55421,14.99018],[40.556651,14.981676],[40.555837,14.972968],[40.555919,14.964097],[40.561046,14.95539],[40.568696,14.950507],[40.573741,14.951483],[40.579356,14.954413],[40.58839,14.95539],[40.6067,14.952948],[40.616384,14.948676],[40.620616,14.939276],[40.624278,14.900092],[40.627696,14.891995],[40.656586,14.880316],[40.652029,14.897121],[40.660411,14.902574],[40.687673,14.900824],[40.694509,14.896226],[40.697439,14.887397],[40.692719,14.881903],[40.677094,14.887152],[40.670909,14.880316],[40.718761,14.831855],[40.719249,14.834174],[40.722667,14.835924],[40.727387,14.834133],[40.732432,14.82567],[40.733735,14.818183],[40.732432,14.790961],[40.724132,14.768256],[40.723888,14.757066],[40.732432,14.74372],[40.757986,14.72602],[40.766368,14.714586],[40.766449,14.695299],[40.777029,14.701809],[40.786632,14.706041],[40.796886,14.706773],[40.808116,14.702826],[40.808116,14.722073],[40.831065,14.712226],[40.884451,14.714545],[40.91391,14.699123],[40.944672,14.677314],[40.972667,14.669623],[41.040212,14.667426],[41.156098,14.641588],[41.167491,14.636949],[41.179535,14.621772],[41.195649,14.58511],[41.208751,14.568101],[41.253184,14.537665],[41.28297,14.517564],[41.306814,14.488918],[41.32252,14.454535],[41.328298,14.417629],[41.335948,14.402004],[41.352387,14.392157],[41.368988,14.384752],[41.376638,14.376288],[41.381033,14.368801],[41.399669,14.346666],[41.412771,14.306545],[41.433604,14.282131],[41.479666,14.242865],[41.50587,14.213446],[41.514496,14.199205],[41.521332,14.181383],[41.528982,14.14883],[41.533458,14.136949],[41.541759,14.126166],[41.555431,14.115912],[41.588634,14.096177],[41.605968,14.081773],[41.620942,14.063625],[41.657237,13.996487],[41.667817,13.955146],[41.676524,13.940253],[41.740082,13.921536],[41.753429,13.920722],[41.785655,13.932807],[41.798106,13.934394],[41.806,13.929674],[41.82545,13.896796],[41.841563,13.880316],[41.848969,13.876166],[41.863292,13.872952],[41.874278,13.873196],[41.896495,13.878811],[41.904307,13.879788],[41.92156,13.873114],[41.956798,13.850531],[41.969737,13.845649],[41.980968,13.837795],[41.986013,13.819485],[41.988943,13.798774],[41.993663,13.783596],[42.034923,13.752265],[42.041352,13.739163],[42.045746,13.739],[42.068696,13.708441],[42.075531,13.69477],[42.07781,13.693427],[42.086762,13.689521],[42.089203,13.687974],[42.093598,13.676459],[42.09962,13.654364],[42.106619,13.643541],[42.116954,13.640774],[42.129242,13.645575],[42.139496,13.65119],[42.143809,13.650377],[42.147309,13.64411],[42.164561,13.632392],[42.171153,13.626532],[42.175141,13.617255],[42.180837,13.594143],[42.184825,13.585598],[42.208018,13.568549],[42.212169,13.567572],[42.215994,13.55386],[42.223888,13.553941],[42.230235,13.560004],[42.229503,13.56387],[42.224294,13.567613],[42.209972,13.585761],[42.206554,13.591742],[42.2046,13.593492],[42.201427,13.59516],[42.198741,13.5987],[42.198497,13.606024],[42.201671,13.606391],[42.215587,13.605658],[42.219005,13.606024],[42.219737,13.632554],[42.206309,13.643866],[42.18922,13.652737],[42.167735,13.653795],[42.159923,13.656562],[42.162364,13.662299],[42.171641,13.667182],[42.184825,13.667467],[42.219005,13.640204],[42.25587,13.591986],[42.270356,13.585598],[42.288422,13.574612],[42.29477,13.549954],[42.294688,13.509223],[42.305919,13.476142],[42.314789,13.461005],[42.32545,13.454576],[42.335216,13.443508],[42.34254,13.418118],[42.358084,13.302476],[42.372325,13.278632],[42.377696,13.230048],[42.376801,13.225491],[42.379405,13.222642],[42.410167,13.204576],[42.431326,13.198391],[42.476817,13.194525],[42.495942,13.197903],[42.507498,13.206977],[42.514415,13.220038],[42.520681,13.2355],[42.533946,13.232571],[42.537771,13.226264],[42.538097,13.217719],[42.541759,13.208197],[42.547699,13.203274],[42.554454,13.199652],[42.559906,13.194322],[42.562185,13.183987],[42.570079,13.170966],[42.620453,13.12934],[42.655447,13.072333],[42.668305,13.064154],[42.688243,13.061347],[42.7046,13.054023],[42.718272,13.044013],[42.729747,13.033149],[42.737641,13.017727],[42.747244,12.961737],[42.763682,12.925238],[42.767589,12.90648],[42.770193,12.87816],[42.773936,12.862128],[42.781261,12.851874],[42.795421,12.848375],[42.808442,12.852281],[42.821544,12.85932],[42.835785,12.864936],[42.849294,12.837836],[42.868907,12.821357],[42.896251,12.813178],[42.93214,12.81094],[42.927419,12.805854],[42.918468,12.790473],[42.927989,12.78974],[42.93572,12.791938],[42.945649,12.797309],[42.944591,12.798489],[42.963227,12.810452],[42.966319,12.81094],[42.978038,12.823961],[42.987315,12.838202],[42.989919,12.847357],[42.989513,12.854071],[42.991466,12.859605],[43.000987,12.864936],[42.994884,12.874905],[42.9935,12.884589],[42.99586,12.893297],[43.000987,12.900295],[43.02947,12.878852],[43.043142,12.865627],[43.048839,12.855292],[43.053233,12.844875],[43.06365,12.836371],[43.076182,12.828762],[43.086436,12.820868],[43.093272,12.807766],[43.094574,12.777533],[43.097179,12.762519],[43.123871,12.715318],[43.117686,12.707913]]],[[[40.386404,15.641262],[40.401134,15.640774],[40.406261,15.638129],[40.414236,15.598293],[40.408051,15.580024],[40.393891,15.572333],[40.393565,15.572496],[40.372895,15.582587],[40.365896,15.584133],[40.356619,15.586168],[40.308116,15.57453],[40.287364,15.572984],[40.265961,15.579983],[40.23113,15.596422],[40.208263,15.599677],[40.158702,15.589545],[40.148774,15.591254],[40.143321,15.592231],[40.139334,15.595852],[40.133393,15.603258],[40.129405,15.608303],[40.127045,15.610338],[40.122895,15.613878],[40.122813,15.613959],[40.11378,15.597561],[40.102224,15.589057],[40.085297,15.587633],[40.060802,15.592231],[40.020356,15.607571],[40.015147,15.608588],[40.001475,15.611274],[39.979015,15.606513],[39.978852,15.606513],[39.970388,15.617662],[39.963878,15.626288],[39.937348,15.702094],[39.948741,15.70185],[39.95574,15.699693],[39.956716,15.69595],[39.956879,15.69538],[39.950938,15.688422],[39.958995,15.683905],[39.965099,15.677924],[39.967296,15.673733],[39.969005,15.670396],[39.971446,15.661119],[39.971528,15.661119],[39.978852,15.661119],[39.988292,15.6647],[40.001475,15.659613],[40.015391,15.651923],[40.026622,15.647447],[40.026703,15.647488],[40.039317,15.648098],[40.081309,15.661119],[40.062999,15.692857],[40.038585,15.71898],[40.0088,15.736558],[39.975108,15.743069],[39.942149,15.736396],[39.930431,15.739569],[39.923595,15.75731],[39.924978,15.777045],[39.933767,15.788235],[39.946788,15.789862],[39.970551,15.774848],[39.976736,15.770982],[39.990001,15.769924],[39.993907,15.777899],[39.981944,15.795233],[39.97641,15.811957],[39.975271,15.815334],[39.994965,15.824693],[40.021251,15.827053],[40.032156,15.826321],[40.033458,15.826239],[40.037446,15.838406],[40.030772,15.854315],[40.019379,15.868109],[40.009369,15.873969],[40.009288,15.87401],[39.974376,15.871772],[39.963145,15.877102],[39.95102,15.893866],[39.950938,15.893948],[39.987478,15.891059],[40.026215,15.882636],[40.062673,15.868842],[40.084809,15.854315],[40.091563,15.84984],[40.101003,15.835639],[40.105642,15.828681],[40.105561,15.82864],[40.100597,15.814154],[40.09018,15.803127],[40.088145,15.792141],[40.095714,15.784613],[40.105154,15.784247],[40.114594,15.787787],[40.122813,15.792141],[40.121104,15.795803],[40.116222,15.802558],[40.115408,15.809027],[40.125987,15.811957],[40.136485,15.80622],[40.138764,15.793321],[40.138927,15.792222],[40.133067,15.711168],[40.135916,15.695868],[40.141287,15.684109],[40.142426,15.681464],[40.160167,15.652411],[40.163829,15.644355],[40.173595,15.643622],[40.232107,15.627021],[40.247406,15.655015],[40.253184,15.661119],[40.261567,15.663235],[40.248057,15.668118],[40.227794,15.674018],[40.219168,15.685329],[40.219086,15.68537],[40.226573,15.696479],[40.244477,15.702094],[40.266938,15.703518],[40.287364,15.702094],[40.298595,15.700019],[40.307628,15.697211],[40.311453,15.695258],[40.315115,15.693427],[40.321544,15.688422],[40.32545,15.680854],[40.326915,15.67182],[40.329926,15.664252],[40.338552,15.661119],[40.352712,15.658026],[40.373546,15.644355],[40.386404,15.641262]]],[[[40.095388,16.047349],[40.080577,16.034166],[40.077403,16.019029],[40.083669,16.013332],[40.092296,16.008775],[40.099376,16.002102],[40.10963,15.995103],[40.114513,15.985907],[40.09669,15.981024],[40.067393,15.990465],[40.042979,16.003404],[40.000011,16.007758],[39.990001,16.017727],[39.990245,16.034247],[39.99822,16.049628],[40.01588,16.056138],[40.038341,16.057929],[40.047211,16.063463],[40.043793,16.071845],[40.041759,16.08161],[40.041352,16.092108],[40.043224,16.103095],[40.050466,16.107245],[40.075694,16.08808],[40.083018,16.08397],[40.092947,16.081732],[40.111013,16.073961],[40.118826,16.061998],[40.11199,16.052883],[40.095388,16.047349]]]]}},{"type":"Feature","properties":{"name":"Burundi","orig":"Burundi","pop_m":13.0,"basin_share":47},"geometry":{"type":"Polygon","coordinates":[[[30.5546,-2.400628],[30.521475,-2.442279],[30.508091,-2.463466],[30.47016,-2.55576],[30.461995,-2.58749],[30.457655,-2.598032],[30.448043,-2.610537],[30.424168,-2.633171],[30.416003,-2.645574],[30.412128,-2.670172],[30.423238,-2.680921],[30.442668,-2.681127],[30.463752,-2.674203],[30.499616,-2.657873],[30.52256,-2.649398],[30.516101,-2.668311],[30.458585,-2.72867],[30.450523,-2.741795],[30.447268,-2.757298],[30.446906,-2.782723],[30.425099,-2.812179],[30.413626,-2.8344],[30.415797,-2.851659],[30.440808,-2.884009],[30.456001,-2.898272],[30.474191,-2.903233],[30.469644,-2.914188],[30.475431,-2.922146],[30.484113,-2.930724],[30.488325,-2.94316],[30.488454,-2.94354],[30.49326,-2.941266],[30.513052,-2.913981],[30.524937,-2.904163],[30.53889,-2.898995],[30.547003,-2.900339],[30.61196,-2.939199],[30.62519,-2.94478],[30.62953,-2.947674],[30.632114,-2.953772],[30.634905,-2.970102],[30.637592,-2.974443],[30.650925,-2.977337],[30.661363,-2.974753],[30.671337,-2.970825],[30.683687,-2.969998],[30.695986,-2.974546],[30.718879,-2.989532],[30.732057,-2.99346],[30.755414,-2.991393],[30.80213,-2.97837],[30.825488,-2.978577],[30.818815,-2.990495],[30.815824,-2.995837],[30.78487,-3.031493],[30.778255,-3.04741],[30.783216,-3.062086],[30.807814,-3.085237],[30.817684,-3.099086],[30.817839,-3.104357],[30.813085,-3.11769],[30.812258,-3.123477],[30.815824,-3.131022],[30.828795,-3.140531],[30.832929,-3.147662],[30.833962,-3.160271],[30.832205,-3.172777],[30.823524,-3.196651],[30.809364,-3.216805],[30.809881,-3.224143],[30.814325,-3.24192],[30.814842,-3.247708],[30.799753,-3.274579],[30.775671,-3.291012],[30.747921,-3.294113],[30.721463,-3.280987],[30.718414,-3.292873],[30.712006,-3.301865],[30.702239,-3.307342],[30.68994,-3.308893],[30.662603,-3.319228],[30.640538,-3.33287],[30.621676,-3.35044],[30.603279,-3.372558],[30.61025,-3.376359],[30.640434,-3.392815],[30.639142,-3.41948],[30.612891,-3.444905],[30.565968,-3.466712],[30.552946,-3.482215],[30.544988,-3.48914],[30.538115,-3.49162],[30.511502,-3.497718],[30.509951,-3.500199],[30.508246,-3.50888],[30.507161,-3.511051],[30.48804,-3.512601],[30.487524,-3.510741],[30.48556,-3.510534],[30.46892,-3.513014],[30.466336,-3.516115],[30.462616,-3.527897],[30.460135,-3.531928],[30.432282,-3.551875],[30.426856,-3.563864],[30.429233,-3.583914],[30.428871,-3.602208],[30.421378,-3.620811],[30.38014,-3.685614],[30.373112,-3.703597],[30.373068,-3.704339],[30.371975,-3.722924],[30.376213,-3.739771],[30.381897,-3.75517],[30.384998,-3.770776],[30.381587,-3.788346],[30.33699,-3.773774],[30.31172,-3.789897],[30.273273,-3.856249],[30.22077,-3.909993],[30.208781,-3.930457],[30.191418,-4.002494],[30.175852,-4.039992],[30.173228,-4.046315],[30.149766,-4.08683],[30.119587,-4.12352],[30.051478,-4.180157],[30.041143,-4.19504],[30.015614,-4.256018],[30.003005,-4.271935],[29.980785,-4.28444],[29.970656,-4.292605],[29.936343,-4.312035],[29.900479,-4.345625],[29.847356,-4.370533],[29.838571,-4.37353],[29.821828,-4.37074],[29.810976,-4.365262],[29.80033,-4.363919],[29.784104,-4.37384],[29.782295,-4.377354],[29.780177,-4.393684],[29.775009,-4.402262],[29.757956,-4.410221],[29.751651,-4.416112],[29.747931,-4.430271],[29.747414,-4.44319],[29.744365,-4.454456],[29.732841,-4.463344],[29.728293,-4.461587],[29.687469,-4.458383],[29.638273,-4.446808],[29.404179,-4.449805],[29.37276,-4.208166],[29.367224,-4.189048],[29.33948,-4.093237],[29.277727,-3.988954],[29.239796,-3.948027],[29.224552,-3.926529],[29.215043,-3.899864],[29.206568,-3.781939],[29.217123,-3.709266],[29.22326,-3.66701],[29.225172,-3.588565],[29.206672,-3.334524],[29.208739,-3.305275],[29.213079,-3.291943],[29.236117,-3.270704],[29.240881,-3.266311],[29.223828,-3.252669],[29.216904,-3.233135],[29.214113,-3.166472],[29.217524,-3.146215],[29.225017,-3.129369],[29.237781,-3.122237],[29.242328,-3.110765],[29.241539,-3.104188],[29.234629,-3.046583],[29.225378,-3.031803],[29.211529,-3.021158],[29.194476,-3.014647],[29.175976,-3.012477],[29.156752,-3.004828],[29.148174,-2.986948],[29.144246,-2.966278],[29.138407,-2.950361],[29.123369,-2.940233],[29.105076,-2.934135],[29.08978,-2.926074],[29.083268,-2.910054],[29.081718,-2.893931],[29.077584,-2.884009],[29.062701,-2.862201],[29.053503,-2.835433],[29.049058,-2.827475],[29.034072,-2.82086],[29.013143,-2.818897],[28.994902,-2.813626],[28.986892,-2.796779],[28.988804,-2.775488],[28.995522,-2.758435],[29.008234,-2.74748],[29.028595,-2.744896],[29.015365,-2.720711],[29.032574,-2.620666],[29.05526,-2.598445],[29.113447,-2.594621],[29.129725,-2.596998],[29.190445,-2.623456],[29.212769,-2.630278],[29.254989,-2.635549],[29.276125,-2.640613],[29.294418,-2.651052],[29.306614,-2.660147],[29.307337,-2.664797],[29.306045,-2.67658],[29.309481,-2.690127],[29.309714,-2.691049],[29.331418,-2.71141],[29.337516,-2.723812],[29.335346,-2.735181],[29.321497,-2.752131],[29.318086,-2.762569],[29.32036,-2.774145],[29.329661,-2.794919],[29.33085,-2.807424],[29.339687,-2.826441],[29.364285,-2.824168],[29.407435,-2.805461],[29.425366,-2.803394],[29.444675,-2.806989],[29.480867,-2.813729],[29.504121,-2.826855],[29.523138,-2.820447],[29.541845,-2.808561],[29.563756,-2.805667],[29.574091,-2.806081],[29.582049,-2.80298],[29.589491,-2.798433],[29.619256,-2.787684],[29.626388,-2.788097],[29.637087,-2.791629],[29.678684,-2.805357],[29.697546,-2.808251],[29.719922,-2.805461],[29.729637,-2.79957],[29.733978,-2.790268],[29.737285,-2.769287],[29.744727,-2.759985],[29.756199,-2.759882],[29.778523,-2.7666],[29.803379,-2.767324],[29.823585,-2.763499],[29.842395,-2.752441],[29.862859,-2.731667],[29.876191,-2.71358],[29.888387,-2.692909],[29.897896,-2.671102],[29.90327,-2.649088],[29.903726,-2.637947],[29.907921,-2.5354],[29.929573,-2.459849],[29.92239,-2.382954],[29.928901,-2.331795],[29.928798,-2.322493],[29.931692,-2.316912],[29.941924,-2.316602],[29.949934,-2.321149],[29.956781,-2.327038],[29.95852,-2.328533],[29.976134,-2.34368],[29.983885,-2.344817],[29.992308,-2.34399],[30.00192,-2.3443],[30.013341,-2.348331],[30.025536,-2.357736],[30.056542,-2.394426],[30.072975,-2.408792],[30.093853,-2.422642],[30.116797,-2.43153],[30.139121,-2.430807],[30.156174,-2.419024],[30.20134,-2.362387],[30.203407,-2.355359],[30.203923,-2.345954],[30.207489,-2.339236],[30.219116,-2.340373],[30.250329,-2.355566],[30.262731,-2.358356],[30.278854,-2.357633],[30.297974,-2.353705],[30.316785,-2.347608],[30.331151,-2.340269],[30.344018,-2.328384],[30.34861,-2.322352],[30.352752,-2.316912],[30.362518,-2.307817],[30.37859,-2.303062],[30.383447,-2.305543],[30.415073,-2.313088],[30.418484,-2.311847],[30.423238,-2.317325],[30.428406,-2.331381],[30.434142,-2.339236],[30.488454,-2.383781],[30.521733,-2.399387],[30.5546,-2.400628]]]}},{"type":"Feature","properties":{"name":"Rwanda","orig":"Rwanda","pop_m":14.0,"basin_share":75},"geometry":{"type":"Polygon","coordinates":[[[29.015365,-2.720711],[29.000121,-2.703658],[28.979605,-2.69353],[28.949736,-2.690326],[28.936404,-2.685055],[28.899093,-2.660663],[28.891342,-2.652705],[28.89806,-2.576327],[28.891342,-2.553073],[28.881058,-2.542634],[28.869845,-2.53726],[28.860956,-2.531162],[28.857236,-2.518346],[28.860853,-2.505221],[28.878216,-2.489718],[28.874702,-2.477522],[28.864574,-2.459435],[28.860853,-2.439592],[28.858838,-2.418198],[28.866331,-2.391946],[28.880387,-2.379854],[28.907258,-2.370552],[28.928136,-2.364454],[28.945447,-2.354222],[28.959658,-2.339753],[28.971234,-2.321666],[28.978779,-2.306783],[28.982189,-2.296034],[28.983378,-2.287353],[28.993661,-2.277741],[29.002136,-2.274744],[29.03092,-2.275674],[29.075413,-2.263892],[29.10983,-2.23671],[29.134841,-2.197746],[29.150551,-2.15041],[29.156339,-2.108656],[29.154272,-2.072689],[29.12771,-1.915696],[29.12554,-1.879109],[29.130501,-1.843349],[29.149311,-1.799321],[29.18664,-1.739618],[29.212253,-1.698655],[29.233337,-1.658657],[29.245429,-1.640984],[29.293695,-1.600986],[29.303823,-1.587861],[29.331212,-1.53143],[29.342787,-1.516547],[29.358497,-1.509933],[29.434926,-1.506832],[29.437407,-1.506212],[29.439629,-1.504765],[29.441696,-1.502595],[29.445065,-1.497287],[29.46433,-1.466938],[29.498747,-1.431074],[29.538641,-1.402342],[29.577915,-1.38839],[29.618119,-1.39056],[29.6391,-1.38901],[29.657703,-1.383945],[29.678322,-1.37237],[29.693774,-1.361208],[29.710517,-1.352526],[29.734805,-1.348185],[29.74669,-1.350872],[29.767981,-1.363792],[29.774906,-1.366272],[29.783174,-1.361414],[29.789168,-1.341674],[29.798212,-1.330925],[29.807462,-1.325138],[29.816143,-1.322554],[29.825024,-1.323881],[29.825135,-1.323897],[29.836091,-1.329478],[29.864203,-1.370303],[29.868647,-1.391283],[29.871024,-1.432418],[29.880739,-1.453605],[29.897896,-1.469625],[29.917429,-1.475206],[29.938462,-1.472932],[29.960424,-1.464767],[30.028327,-1.427147],[30.038662,-1.424977],[30.047757,-1.403169],[30.06078,-1.389733],[30.065984,-1.386945],[30.095506,-1.37113],[30.136331,-1.355213],[30.147183,-1.345085],[30.15235,-1.329892],[30.158448,-1.291135],[30.165579,-1.277492],[30.173434,-1.272841],[30.181392,-1.271497],[30.189351,-1.270877],[30.19674,-1.268707],[30.212192,-1.259509],[30.256685,-1.217237],[30.269759,-1.200494],[30.280508,-1.182407],[30.28242,-1.175793],[30.284642,-1.161427],[30.287536,-1.155432],[30.29095,-1.152621],[30.294564,-1.149644],[30.311307,-1.1421],[30.317405,-1.137035],[30.322572,-1.121843],[30.329032,-1.080501],[30.337455,-1.066239],[30.352752,-1.060761],[30.369288,-1.063241],[30.386341,-1.068202],[30.403188,-1.070373],[30.418897,-1.066445],[30.432023,-1.060554],[30.445614,-1.058694],[30.460829,-1.063428],[30.471786,-1.066837],[30.463856,-1.075127],[30.456156,-1.086082],[30.453004,-1.097348],[30.456311,-1.108097],[30.470884,-1.118122],[30.474191,-1.131764],[30.472072,-1.137656],[30.4683,-1.14334],[30.465613,-1.149334],[30.467266,-1.155329],[30.476051,-1.16122],[30.48401,-1.15998],[30.490521,-1.156466],[30.494655,-1.155329],[30.506954,-1.164217],[30.511191,-1.170418],[30.515119,-1.196257],[30.521217,-1.210829],[30.539407,-1.241008],[30.545298,-1.261369],[30.5546,-1.273461],[30.556615,-1.281626],[30.555633,-1.284727],[30.553359,-1.289067],[30.550982,-1.294959],[30.549949,-1.3024],[30.555323,-1.31842],[30.568242,-1.328135],[30.597698,-1.340331],[30.60824,-1.347772],[30.623226,-1.362035],[30.632424,-1.367616],[30.698467,-1.39211],[30.718104,-1.394901],[30.737534,-1.406683],[30.743219,-1.432831],[30.741358,-1.458876],[30.738258,-1.470658],[30.732935,-1.476446],[30.738878,-1.489469],[30.755414,-1.511586],[30.767817,-1.524815],[30.772261,-1.532463],[30.781976,-1.56843],[30.791588,-1.590961],[30.807246,-1.60326],[30.831017,-1.594165],[30.838303,-1.615352],[30.837476,-1.641087],[30.824557,-1.719946],[30.824247,-1.730694],[30.826521,-1.735862],[30.835409,-1.749504],[30.83789,-1.758703],[30.826418,-1.786195],[30.829932,-1.796737],[30.83789,-1.836838],[30.832412,-1.853788],[30.822232,-1.868774],[30.816599,-1.884173],[30.824247,-1.902053],[30.808021,-1.914766],[30.801923,-1.921277],[30.796962,-1.929338],[30.826934,-1.934093],[30.829932,-1.960551],[30.816754,-2.018739],[30.835461,-2.014708],[30.853496,-2.0237],[30.868741,-2.038996],[30.879438,-2.053465],[30.887809,-2.082507],[30.853393,-2.193818],[30.844711,-2.237847],[30.848949,-2.306266],[30.844711,-2.326627],[30.834376,-2.345334],[30.821353,-2.354739],[30.804559,-2.36218],[30.789107,-2.371069],[30.775155,-2.374479],[30.76792,-2.378613],[30.758825,-2.381094],[30.75066,-2.37913],[30.698467,-2.353395],[30.687718,-2.349985],[30.674799,-2.351742],[30.663327,-2.360733],[30.649064,-2.387605],[30.63785,-2.39701],[30.616921,-2.398147],[30.595217,-2.391946],[30.573927,-2.389259],[30.5546,-2.400628],[30.521733,-2.399387],[30.488454,-2.383781],[30.434142,-2.339236],[30.428406,-2.331381],[30.423238,-2.317325],[30.418484,-2.311847],[30.415073,-2.313088],[30.383447,-2.305543],[30.37859,-2.303062],[30.362518,-2.307817],[30.352752,-2.316912],[30.34861,-2.322352],[30.344018,-2.328384],[30.331151,-2.340269],[30.316785,-2.347608],[30.297974,-2.353705],[30.278854,-2.357633],[30.262731,-2.358356],[30.250329,-2.355566],[30.219116,-2.340373],[30.207489,-2.339236],[30.203923,-2.345954],[30.203407,-2.355359],[30.20134,-2.362387],[30.156174,-2.419024],[30.139121,-2.430807],[30.116797,-2.43153],[30.093853,-2.422642],[30.072975,-2.408792],[30.056542,-2.394426],[30.025536,-2.357736],[30.013341,-2.348331],[30.00192,-2.3443],[29.992308,-2.34399],[29.983885,-2.344817],[29.976134,-2.34368],[29.95852,-2.328533],[29.956781,-2.327038],[29.949934,-2.321149],[29.941924,-2.316602],[29.931692,-2.316912],[29.928798,-2.322493],[29.928901,-2.331795],[29.92239,-2.382954],[29.929573,-2.459849],[29.907921,-2.5354],[29.903726,-2.637947],[29.90327,-2.649088],[29.897896,-2.671102],[29.888387,-2.692909],[29.876191,-2.71358],[29.862859,-2.731667],[29.842395,-2.752441],[29.823585,-2.763499],[29.803379,-2.767324],[29.778523,-2.7666],[29.756199,-2.759882],[29.744727,-2.759985],[29.737285,-2.769287],[29.733978,-2.790268],[29.729637,-2.79957],[29.719922,-2.805461],[29.697546,-2.808251],[29.678684,-2.805357],[29.637087,-2.791629],[29.626388,-2.788097],[29.619256,-2.787684],[29.589491,-2.798433],[29.582049,-2.80298],[29.574091,-2.806081],[29.563756,-2.805667],[29.541845,-2.808561],[29.523138,-2.820447],[29.504121,-2.826855],[29.480867,-2.813729],[29.444675,-2.806989],[29.425366,-2.803394],[29.407435,-2.805461],[29.364285,-2.824168],[29.339687,-2.826441],[29.33085,-2.807424],[29.329661,-2.794919],[29.32036,-2.774145],[29.318086,-2.762569],[29.321497,-2.752131],[29.335346,-2.735181],[29.337516,-2.723812],[29.331418,-2.71141],[29.309714,-2.691049],[29.309481,-2.690127],[29.306045,-2.67658],[29.307337,-2.664797],[29.306614,-2.660147],[29.294418,-2.651052],[29.276125,-2.640613],[29.254989,-2.635549],[29.212769,-2.630278],[29.190445,-2.623456],[29.129725,-2.596998],[29.113447,-2.594621],[29.05526,-2.598445],[29.032574,-2.620666],[29.015365,-2.720711]]]}},{"type":"Feature","properties":{"name":"Uganda","orig":"Uganda","pop_m":49.0,"basin_share":98},"geometry":{"type":"Polygon","coordinates":[[[30.471786,-1.066837],[30.460829,-1.063428],[30.445614,-1.058694],[30.432023,-1.060554],[30.418897,-1.066445],[30.403188,-1.070373],[30.386341,-1.068202],[30.369288,-1.063241],[30.352752,-1.060761],[30.337455,-1.066239],[30.329032,-1.080501],[30.322572,-1.121843],[30.317405,-1.137035],[30.311307,-1.1421],[30.294564,-1.149644],[30.29095,-1.152621],[30.287536,-1.155432],[30.284642,-1.161427],[30.28242,-1.175793],[30.280508,-1.182407],[30.269759,-1.200494],[30.256685,-1.217237],[30.212192,-1.259509],[30.19674,-1.268707],[30.189351,-1.270877],[30.181392,-1.271497],[30.173434,-1.272841],[30.165579,-1.277492],[30.158448,-1.291135],[30.15235,-1.329892],[30.147183,-1.345085],[30.136331,-1.355213],[30.095506,-1.37113],[30.065984,-1.386945],[30.06078,-1.389733],[30.047757,-1.403169],[30.038662,-1.424977],[30.028327,-1.427147],[29.960424,-1.464767],[29.938462,-1.472932],[29.917429,-1.475206],[29.897896,-1.469625],[29.880739,-1.453605],[29.871024,-1.432418],[29.868647,-1.391283],[29.864203,-1.370303],[29.836091,-1.329478],[29.825135,-1.323897],[29.825024,-1.323881],[29.816143,-1.322554],[29.807462,-1.325138],[29.798212,-1.330925],[29.789168,-1.341674],[29.783174,-1.361414],[29.774906,-1.366272],[29.767981,-1.363792],[29.74669,-1.350872],[29.734805,-1.348185],[29.710517,-1.352526],[29.693774,-1.361208],[29.678322,-1.37237],[29.657703,-1.383945],[29.6391,-1.38901],[29.618119,-1.39056],[29.577915,-1.38839],[29.58732,-1.329685],[29.587113,-1.310565],[29.583186,-1.299299],[29.571507,-1.279249],[29.57099,-1.268604],[29.580447,-1.243282],[29.581429,-1.234807],[29.575538,-1.213206],[29.565254,-1.19791],[29.557038,-1.181787],[29.556934,-1.157706],[29.56913,-1.095901],[29.57006,-1.077918],[29.565926,-1.058591],[29.551198,-1.020143],[29.54846,-1.002573],[29.551353,-0.990584],[29.551518,-0.990305],[29.556521,-0.981799],[29.560345,-0.972084],[29.559157,-0.957305],[29.555281,-0.938495],[29.554661,-0.928573],[29.556004,-0.919478],[29.567166,-0.901908],[29.596725,-0.891882],[29.607991,-0.878447],[29.610781,-0.863977],[29.613365,-0.803826],[29.611091,-0.782742],[29.602203,-0.743778],[29.60303,-0.7229],[29.615536,-0.644146],[29.618843,-0.638978],[29.624424,-0.634844],[29.629281,-0.62978],[29.630573,-0.622028],[29.628248,-0.616034],[29.620496,-0.605388],[29.618843,-0.599394],[29.622874,-0.588438],[29.632175,-0.585751],[29.642821,-0.585028],[29.650882,-0.57955],[29.653053,-0.565597],[29.649745,-0.504309],[29.645094,-0.48891],[29.634615,-0.466968],[29.631865,-0.461211],[29.629385,-0.442401],[29.650981,-0.316455],[29.653983,-0.298947],[29.670569,-0.200867],[29.676617,-0.165105],[29.694032,-0.063096],[29.709018,-0.026302],[29.714341,-0.007492],[29.713462,0.011628],[29.701628,0.055243],[29.703075,0.072503],[29.711809,0.099582],[29.755785,0.16087],[29.761263,0.172135],[29.773045,0.167484],[29.780383,0.16118],[29.787205,0.158493],[29.797127,0.164797],[29.800641,0.172445],[29.832628,0.336983],[29.839605,0.358481],[29.851077,0.377187],[29.903909,0.438229],[29.922907,0.46018],[29.926083,0.467073],[29.940477,0.498317],[29.937996,0.537281],[29.919496,0.618103],[29.920013,0.63867],[29.932312,0.723161],[29.926834,0.774889],[29.928281,0.785018],[29.947298,0.824602],[29.960217,0.832095],[29.982194,0.849017],[29.996391,0.859949],[30.038352,0.878914],[30.145116,0.90315],[30.154831,0.90868],[30.165683,0.921444],[30.18377,0.955137],[30.18687,0.958754],[30.191521,0.974877],[30.214052,0.998545],[30.220977,1.017097],[30.215602,1.057766],[30.215292,1.077093],[30.228005,1.08903],[30.231519,1.097764],[30.234102,1.108099],[30.236169,1.129493],[30.238857,1.136004],[30.269346,1.167268],[30.277976,1.171609],[30.286502,1.174296],[30.295701,1.172643],[30.306553,1.163909],[30.323813,1.155848],[30.33606,1.16887],[30.348204,1.189024],[30.364947,1.202047],[30.376626,1.20308],[30.39926,1.2006],[30.412696,1.202047],[30.43161,1.207008],[30.445562,1.212795],[30.458275,1.221684],[30.478274,1.238634],[30.553704,1.335632],[30.597284,1.391673],[30.681724,1.500349],[30.817013,1.609515],[30.95442,1.720671],[31.025837,1.778239],[31.096018,1.866363],[31.119113,1.895363],[31.183295,1.976211],[31.242826,2.051168],[31.271455,2.102999],[31.280096,2.151441],[31.280447,2.15341],[31.27874,2.156021],[31.267476,2.173253],[31.21089,2.205345],[31.190116,2.221519],[31.182468,2.238728],[31.179058,2.25976],[31.177559,2.30291],[31.129242,2.284668],[31.112602,2.282084],[31.099063,2.282704],[31.055241,2.290249],[31.040668,2.297897],[31.035501,2.30694],[31.038808,2.310971],[31.044389,2.313917],[31.045939,2.319653],[31.043562,2.327043],[31.041288,2.331228],[30.984858,2.394635],[30.968011,2.405436],[30.930907,2.405591],[30.914474,2.378151],[30.900573,2.345956],[30.87179,2.332055],[30.854943,2.339703],[30.83634,2.356343],[30.819803,2.37598],[30.809675,2.392362],[30.806987,2.406986],[30.807142,2.422179],[30.80492,2.434374],[30.794998,2.440111],[30.724925,2.440782],[30.710559,2.445123],[30.707665,2.46228],[30.71676,2.483105],[30.729369,2.503466],[30.737017,2.519537],[30.737844,2.537469],[30.73402,2.574469],[30.73526,2.593073],[30.739395,2.603305],[30.758928,2.633794],[30.761254,2.641597],[30.762013,2.645781],[30.764303,2.658392],[30.797686,2.74836],[30.798926,2.753528],[30.799133,2.76345],[30.801613,2.769083],[30.80585,2.771873],[30.817943,2.774199],[30.82187,2.776162],[30.828691,2.786084],[30.853393,2.853367],[30.85484,2.89321],[30.843988,2.932794],[30.82094,2.973153],[30.803628,2.989069],[30.757068,3.02147],[30.745079,3.036302],[30.743839,3.055474],[30.74787,3.076713],[30.763416,3.123437],[30.804197,3.246005],[30.822129,3.281403],[30.825746,3.283677],[30.837786,3.286416],[30.842437,3.288741],[30.845641,3.293909],[30.846882,3.304399],[30.84869,3.309256],[30.868482,3.343337],[30.897318,3.375015],[30.904933,3.386035],[30.91003,3.393412],[30.916335,3.414806],[30.914474,3.426484],[30.904449,3.447465],[30.902899,3.458911],[30.909617,3.487178],[30.909307,3.496144],[30.896388,3.519967],[30.880161,3.514412],[30.861248,3.498211],[30.839543,3.490202],[30.843781,3.505911],[30.865692,3.548958],[30.931734,3.645102],[30.936282,3.656858],[30.939382,3.668408],[30.944447,3.679286],[30.955505,3.689001],[30.965996,3.692618],[30.985788,3.692127],[30.995968,3.693522],[31.009559,3.699775],[31.040358,3.724218],[31.04966,3.727991],[31.068677,3.731737],[31.077668,3.735303],[31.104408,3.756175],[31.141489,3.785119],[31.167585,3.792405],[31.214818,3.792354],[31.255745,3.786669],[31.29502,3.774189],[31.377702,3.729308],[31.505446,3.659855],[31.523739,3.656083],[31.53452,3.665563],[31.535522,3.666444],[31.547201,3.680991],[31.564771,3.689802],[31.668537,3.70502],[31.68683,3.712824],[31.696132,3.721273],[31.775714,3.810699],[31.777884,3.816435],[31.780985,3.815815],[31.801107,3.806472],[31.80703,3.803722],[31.830697,3.783879],[31.901908,3.704297],[31.916274,3.680267],[31.920046,3.661302],[31.923095,3.615284],[31.93002,3.59836],[31.943662,3.591255],[32.022236,3.58642],[32.030168,3.585932],[32.041537,3.57986],[32.054226,3.559572],[32.060864,3.548958],[32.076161,3.53317],[32.093007,3.524463],[32.155846,3.511776],[32.16799,3.512242],[32.174552,3.520897],[32.175929,3.527234],[32.178997,3.541361],[32.179203,3.556864],[32.174863,3.59265],[32.175948,3.605595],[32.187782,3.61916],[32.371801,3.731065],[32.415571,3.741297],[32.599281,3.756283],[32.756429,3.769022],[32.840352,3.794291],[32.9189,3.83416],[32.979568,3.879196],[32.997241,3.885526],[33.01724,3.87718],[33.143486,3.774086],[33.164466,3.763053],[33.19542,3.757059],[33.286526,3.752537],[33.447343,3.744372],[33.490648,3.749746],[33.527716,3.771431],[33.532609,3.774293],[33.606196,3.848087],[33.701901,3.944076],[33.813677,4.056033],[33.896049,4.138353],[33.977078,4.219692],[34.006017,4.205713],[34.028548,4.188014],[34.041054,4.164812],[34.03971,4.134038],[34.04095,4.120421],[34.049735,4.109466],[34.060897,4.09926],[34.069269,4.08802],[34.072369,4.076419],[34.072679,4.064663],[34.069786,4.041357],[34.065858,4.02743],[34.061517,4.017921],[34.061104,4.007767],[34.068959,3.991876],[34.080844,3.980792],[34.09552,3.970999],[34.107096,3.959501],[34.109576,3.943352],[34.098931,3.917721],[34.086219,3.894673],[34.084772,3.877336],[34.108026,3.868938],[34.123736,3.872039],[34.163423,3.886198],[34.182854,3.886095],[34.204971,3.874545],[34.207555,3.860877],[34.196703,3.847389],[34.148954,3.822688],[34.150814,3.81721],[34.166524,3.811319],[34.17903,3.7961],[34.159082,3.783362],[34.152468,3.775636],[34.16518,3.77083],[34.173655,3.771399],[34.190915,3.775843],[34.210552,3.777135],[34.230396,3.782742],[34.240938,3.78362],[34.241558,3.778737],[34.263779,3.750056],[34.278868,3.709723],[34.290444,3.70316],[34.295095,3.707346],[34.299436,3.716932],[34.309874,3.726699],[34.337056,3.734579],[34.35504,3.727371],[34.387492,3.692747],[34.406303,3.682929],[34.425009,3.677193],[34.439686,3.667736],[34.446403,3.646704],[34.443923,3.566295],[34.434518,3.52622],[34.415501,3.497023],[34.406199,3.492294],[34.395967,3.489607],[34.386872,3.485628],[34.381291,3.476869],[34.382118,3.466043],[34.394417,3.444623],[34.398551,3.433642],[34.397001,3.424159],[34.386976,3.399664],[34.383978,3.388347],[34.386562,3.376384],[34.394417,3.365661],[34.403822,3.355404],[34.41116,3.344707],[34.424079,3.304812],[34.434001,3.182029],[34.444853,3.159136],[34.46573,3.145856],[34.512859,3.132368],[34.53384,3.118467],[34.545556,3.097501],[34.545622,3.097383],[34.574664,2.946126],[34.58469,2.928711],[34.616419,2.893416],[34.631405,2.869542],[34.6405,2.860137],[34.654143,2.856519],[34.660344,2.858638],[34.671506,2.867785],[34.67564,2.8698],[34.678121,2.871557],[34.682565,2.87936],[34.685045,2.880962],[34.688869,2.879154],[34.69104,2.875691],[34.692693,2.872229],[34.694657,2.87042],[34.696517,2.867733],[34.724836,2.854142],[34.730107,2.85285],[34.736928,2.844375],[34.740959,2.835539],[34.76132,2.772493],[34.776512,2.685625],[34.81868,2.597982],[34.828086,2.588784],[34.841832,2.58775],[34.849893,2.59514],[34.856508,2.60346],[34.865603,2.604855],[34.875628,2.591212],[34.881312,2.541448],[34.8871,2.522379],[34.914385,2.494371],[34.923584,2.477318],[34.920896,2.454632],[34.906117,2.436907],[34.885963,2.425434],[34.867876,2.411482],[34.859091,2.38678],[34.865603,2.347506],[34.904284,2.254255],[34.922343,2.210719],[34.967509,2.101914],[34.967612,2.082561],[34.958207,2.037965],[34.956657,2.018508],[34.957897,1.997838],[34.962031,1.977813],[34.969162,1.960295],[34.977947,1.949908],[35.001408,1.927997],[35.006473,1.916861],[35.002752,1.906138],[34.984045,1.88247],[34.979704,1.8703],[34.978671,1.675945],[34.972676,1.654241],[34.940947,1.587036],[34.933712,1.575693],[34.92348,1.566107],[34.913558,1.56156],[34.892578,1.55727],[34.882553,1.552232],[34.859505,1.517919],[34.838421,1.437174],[34.778993,1.388547],[34.780747,1.371789],[34.782714,1.352993],[34.800077,1.312324],[34.810516,1.272533],[34.797907,1.231916],[34.766074,1.217498],[34.683805,1.209075],[34.663031,1.196362],[34.628925,1.163599],[34.580452,1.152541],[34.573631,1.134247],[34.571977,1.111716],[34.566883,1.103022],[34.561228,1.093371],[34.560065,1.093149],[34.540351,1.089392],[34.524021,1.098642],[34.507485,1.102518],[34.487021,1.082467],[34.477203,1.064587],[34.468831,1.044227],[34.463663,1.022936],[34.463043,0.978081],[34.457152,0.957617],[34.431211,0.893538],[34.402375,0.856073],[34.388009,0.815817],[34.370852,0.800211],[34.30667,0.768068],[34.298402,0.759283],[34.296252,0.746746],[34.292304,0.72373],[34.276181,0.680838],[34.2521,0.655],[34.219751,0.638567],[34.179133,0.623891],[34.149574,0.603634],[34.132417,0.572834],[34.131588,0.569433],[34.107509,0.470722],[34.104409,0.462247],[34.097381,0.451808],[34.080121,0.431344],[34.075677,0.422249],[34.07671,0.403852],[34.087976,0.367369],[34.085185,0.347008],[34.076607,0.333779],[34.04064,0.305874],[33.960266,0.198677],[33.951757,0.187328],[33.893569,0.109814],[33.890468,0.090073],[33.921578,-0.01297],[33.95248,-0.115702],[33.953514,-0.154356],[33.935117,-0.313106],[33.911346,-0.519295],[33.894809,-0.662749],[33.89853,-0.799072],[33.904214,-1.002573],[33.822255,-1.002573],[33.639269,-1.002573],[33.631777,-1.002573],[33.456128,-1.002573],[33.426415,-1.002573],[33.27309,-1.002573],[33.089949,-1.002573],[32.906963,-1.002573],[32.847225,-1.002573],[32.723873,-1.002573],[32.722268,-1.002573],[32.540835,-1.002573],[32.357642,-1.002573],[32.174552,-1.002573],[31.991411,-1.002573],[31.986193,-1.002573],[31.808373,-1.002573],[31.625335,-1.002573],[31.442246,-1.002573],[31.280493,-1.002573],[31.259156,-1.002573],[31.076118,-1.002573],[30.892977,-1.002573],[30.828381,-1.002573],[30.812465,-0.994719],[30.777118,-0.98583],[30.739498,-1.005467],[30.701567,-1.017456],[30.687098,-1.025001],[30.651338,-1.062828],[30.638626,-1.07337],[30.614544,-1.065825],[30.592737,-1.063448],[30.542301,-1.068099],[30.523697,-1.07244],[30.511657,-1.07337],[30.506024,-1.070786],[30.500856,-1.065205],[30.493415,-1.060244],[30.481012,-1.059107],[30.472951,-1.065619],[30.471786,-1.066837]]]}},{"type":"Feature","properties":{"name":"Egypt","orig":"Egypt","pop_m":113.0,"basin_share":100},"geometry":{"type":"MultiPolygon","coordinates":[[[[33.995453,26.751695],[34.00294,26.731635],[34.003591,26.708197],[33.989594,26.720282],[33.982758,26.734076],[33.955089,26.790025],[33.970551,26.790676],[33.970632,26.790635],[33.975597,26.790025],[33.995453,26.751695]]],[[[34.367855,30.907417],[34.418808,30.7913],[34.480407,30.651205],[34.502214,30.571675],[34.504384,30.530334],[34.510379,30.513332],[34.526295,30.494574],[34.536217,30.482172],[34.53601,30.468581],[34.526502,30.438712],[34.524745,30.421142],[34.526915,30.409618],[34.53384,30.400213],[34.58841,30.35882],[34.599469,30.344506],[34.632645,30.26203],[34.69166,30.114545],[34.730417,30.018169],[34.733208,30.012588],[34.734965,30.006697],[34.735585,30.000702],[34.735068,29.994553],[34.741373,29.940241],[34.785194,29.835699],[34.824365,29.7417],[34.8501,29.63876],[34.848239,29.569643],[34.855267,29.545717],[34.878108,29.504298],[34.886729,29.490058],[34.875336,29.484809],[34.866873,29.479193],[34.859711,29.472154],[34.85255,29.462795],[34.847016,29.451117],[34.843761,29.440823],[34.838145,29.432929],[34.825369,29.428616],[34.828868,29.42772],[34.831716,29.427639],[34.833263,29.426174],[34.832774,29.421129],[34.824229,29.417385],[34.817638,29.412177],[34.815196,29.406399],[34.819102,29.400702],[34.809581,29.399115],[34.805186,29.39643],[34.805919,29.392564],[34.812266,29.387641],[34.800629,29.377875],[34.777599,29.346096],[34.772716,29.341864],[34.761974,29.336859],[34.757009,29.333075],[34.75294,29.327094],[34.749766,29.321194],[34.744965,29.315823],[34.736583,29.311265],[34.736583,29.305121],[34.745291,29.291327],[34.741954,29.277004],[34.734141,29.263129],[34.729015,29.250474],[34.729015,29.19892],[34.723643,29.186672],[34.712087,29.177436],[34.700369,29.170356],[34.694998,29.164496],[34.693858,29.150458],[34.690115,29.134467],[34.683849,29.119045],[34.674571,29.106513],[34.677013,29.094916],[34.674571,29.03441],[34.676606,29.024807],[34.686534,29.012437],[34.688731,29.000393],[34.68572,28.988674],[34.678233,28.98314],[34.669119,28.98017],[34.646739,28.967434],[34.64324,28.962063],[34.64031,28.948798],[34.640961,28.942694],[34.646007,28.922349],[34.647146,28.86286],[34.620453,28.845852],[34.620453,28.839586],[34.623383,28.830552],[34.626313,28.816962],[34.626313,28.802395],[34.620453,28.790595],[34.624034,28.787055],[34.627289,28.782538],[34.633474,28.770697],[34.62436,28.765326],[34.622813,28.759833],[34.625011,28.75373],[34.62672,28.746487],[34.624522,28.735989],[34.619884,28.729193],[34.615245,28.724189],[34.613048,28.719184],[34.607677,28.701483],[34.584239,28.672349],[34.570323,28.626166],[34.530121,28.572699],[34.517345,28.544135],[34.516368,28.54149],[34.516449,28.538967],[34.51531,28.537421],[34.51059,28.537991],[34.523611,28.50731],[34.511567,28.487779],[34.48878,28.472724],[34.469005,28.45539],[34.471934,28.453274],[34.47283,28.452826],[34.475271,28.447943],[34.461681,28.442043],[34.454275,28.4289],[34.444835,28.384467],[34.441173,28.373481],[34.429373,28.356757],[34.427419,28.356106],[34.424327,28.344713],[34.410167,28.320014],[34.406912,28.30801],[34.407888,28.291164],[34.410655,28.278144],[34.41505,28.267076],[34.420584,28.256171],[34.420584,28.249945],[34.412934,28.23314],[34.421153,28.218166],[34.434337,28.204413],[34.443126,28.1883],[34.452485,28.180365],[34.455333,28.174872],[34.455251,28.167467],[34.452647,28.163235],[34.449962,28.160346],[34.448578,28.157172],[34.447765,28.14468],[34.438639,28.109557],[34.426753,28.081544],[34.444027,28.053541],[34.427419,27.983059],[34.434906,27.975572],[34.408865,27.972113],[34.400727,27.968736],[34.397472,27.96308],[34.394379,27.953803],[34.389985,27.945258],[34.376964,27.938178],[34.37086,27.923651],[34.362559,27.920356],[34.354991,27.919501],[34.341156,27.915473],[34.331309,27.91413],[34.333344,27.910102],[34.333507,27.909125],[34.334483,27.908759],[34.338715,27.906684],[34.331228,27.891547],[34.320974,27.861274],[34.31129,27.852037],[34.304454,27.852037],[34.30128,27.857327],[34.292979,27.859849],[34.286388,27.864407],[34.27947,27.858344],[34.272716,27.836168],[34.26352,27.824774],[34.271739,27.812445],[34.259125,27.801703],[34.239513,27.794135],[34.226085,27.791246],[34.216807,27.791938],[34.214122,27.79149],[34.21811,27.775784],[34.221202,27.769843],[34.257335,27.769517],[34.257335,27.763332],[34.249848,27.763332],[34.249848,27.756496],[34.255056,27.752387],[34.258474,27.747789],[34.26352,27.736029],[34.253754,27.740424],[34.249848,27.742825],[34.251231,27.739081],[34.251231,27.73725],[34.252452,27.736477],[34.257335,27.736029],[34.257335,27.728583],[34.249848,27.728583],[34.244965,27.737372],[34.22755,27.758205],[34.208507,27.775946],[34.199962,27.782172],[34.189789,27.78677],[34.174815,27.791246],[34.078461,27.800686],[34.054454,27.814521],[33.987559,27.886664],[33.982432,27.88996],[33.973806,27.889228],[33.916759,27.935736],[33.903982,27.941799],[33.89088,27.942532],[33.879405,27.934638],[33.865571,27.96133],[33.858897,27.955146],[33.849864,27.96483],[33.815115,27.991034],[33.806895,27.994574],[33.80421,27.996039],[33.800466,28.000474],[33.796886,28.009019],[33.793712,28.013129],[33.786794,28.017971],[33.779145,28.020819],[33.763357,28.023993],[33.763927,28.049018],[33.715994,28.075263],[33.715505,28.092922],[33.701427,28.103827],[33.684337,28.124335],[33.672537,28.145982],[33.674571,28.160549],[33.66977,28.163723],[33.665701,28.165717],[33.662446,28.168769],[33.66033,28.174872],[33.654063,28.174872],[33.654063,28.167385],[33.646658,28.167385],[33.643565,28.172309],[33.634776,28.181301],[33.632986,28.184475],[33.618175,28.233303],[33.612804,28.240627],[33.605642,28.236274],[33.597911,28.249742],[33.574392,28.280748],[33.564708,28.297105],[33.43393,28.3664],[33.427501,28.376899],[33.423188,28.378241],[33.400157,28.414455],[33.38087,28.430243],[33.368988,28.442328],[33.369151,28.447943],[33.305186,28.489732],[33.29477,28.499416],[33.290294,28.506903],[33.28712,28.515082],[33.278819,28.527533],[33.267833,28.538886],[33.256196,28.544135],[33.262462,28.551581],[33.262462,28.544135],[33.269786,28.544135],[33.26295,28.577053],[33.246104,28.579495],[33.237641,28.566107],[33.256196,28.551581],[33.239431,28.556586],[33.228689,28.569403],[33.223155,28.587836],[33.219005,28.627997],[33.212576,28.645006],[33.194835,28.675116],[33.204763,28.695014],[33.217784,28.741034],[33.228282,28.763861],[33.215831,28.777167],[33.210134,28.785061],[33.204763,28.805162],[33.19752,28.810004],[33.188731,28.812934],[33.181,28.818508],[33.174571,28.836982],[33.171397,28.881415],[33.167328,28.894232],[33.167328,28.900377],[33.176036,28.909735],[33.177582,28.918362],[33.173595,28.941392],[33.17156,28.946682],[33.167654,28.961086],[33.165863,28.97606],[33.170584,28.982978],[33.177908,28.989569],[33.170746,29.003079],[33.15919,29.014106],[33.153087,29.013373],[33.151052,29.024156],[33.14503,29.031724],[33.136485,29.034613],[33.126475,29.031399],[33.116059,29.043118],[33.089041,29.055976],[33.078624,29.064887],[33.066173,29.090033],[33.064301,29.095933],[33.061209,29.101386],[33.046641,29.111558],[33.043224,29.1164],[33.040212,29.118109],[33.023448,29.140611],[33.020356,29.142483],[33.012055,29.145819],[33.009125,29.147406],[33.007498,29.150336],[33.004893,29.158433],[33.00294,29.161119],[32.957856,29.202094],[32.942068,29.20661],[32.91977,29.217515],[32.898611,29.231024],[32.88559,29.243069],[32.880138,29.258857],[32.875499,29.279486],[32.868337,29.297431],[32.855235,29.305121],[32.845958,29.308336],[32.839366,29.31623],[32.819102,29.359076],[32.817393,29.359768],[32.821056,29.39704],[32.817231,29.414049],[32.790294,29.425442],[32.741547,29.455959],[32.749197,29.455959],[32.745372,29.463121],[32.741059,29.466742],[32.735688,29.468329],[32.728526,29.469631],[32.730968,29.471869],[32.733653,29.473863],[32.735362,29.477281],[32.734711,29.483832],[32.728526,29.483832],[32.723806,29.475287],[32.721446,29.467475],[32.722911,29.460883],[32.728526,29.455959],[32.715017,29.455959],[32.722504,29.492743],[32.724132,29.539537],[32.712413,29.580471],[32.680837,29.599921],[32.680837,29.606147],[32.68686,29.61815],[32.686046,29.63227],[32.682465,29.64704],[32.680837,29.661363],[32.683279,29.676093],[32.691905,29.696519],[32.693858,29.706041],[32.693126,29.722846],[32.690684,29.733629],[32.686778,29.741848],[32.680837,29.7508],[32.656423,29.777086],[32.653005,29.788316],[32.648448,29.794623],[32.625499,29.815253],[32.604503,29.824164],[32.609548,29.833889],[32.619965,29.843166],[32.625499,29.84634],[32.625336,29.874254],[32.612478,29.893744],[32.571544,29.9289],[32.580414,29.934027],[32.584321,29.938707],[32.583507,29.943427],[32.57781,29.948798],[32.583507,29.950629],[32.58546,29.95246],[32.583507,29.954332],[32.57781,29.956204],[32.573741,29.962144],[32.569021,29.967597],[32.563487,29.972398],[32.561615,29.976386],[32.562755,29.978949],[32.566091,29.981024],[32.570079,29.982652],[32.57781,29.983547],[32.57781,29.989691],[32.57545,29.997016],[32.57545,30.002875],[32.57781,30.01142],[32.571544,30.01142],[32.558604,29.987128],[32.557465,29.976467],[32.560069,29.968573],[32.565603,29.963039],[32.570486,29.955756],[32.571544,29.942572],[32.564138,29.942572],[32.561778,29.955227],[32.553966,29.962104],[32.542735,29.962551],[32.53004,29.956204],[32.513438,29.961575],[32.493907,29.950629],[32.476899,29.932196],[32.467947,29.915229],[32.466807,29.896877],[32.472911,29.881985],[32.48699,29.871568],[32.509532,29.866848],[32.491547,29.854071],[32.40797,29.751899],[32.403005,29.743964],[32.392833,29.734361],[32.363943,29.688218],[32.358084,29.671942],[32.357432,29.630561],[32.351573,29.613674],[32.337657,29.599921],[32.337657,29.592475],[32.348318,29.585028],[32.35963,29.571275],[32.368663,29.557196],[32.376801,29.536078],[32.387706,29.525621],[32.43865,29.496772],[32.451345,29.487291],[32.497325,29.44009],[32.528575,29.423651],[32.556977,29.397854],[32.581228,29.369127],[32.591482,29.349514],[32.595388,29.324897],[32.605479,29.291938],[32.618663,29.261176],[32.632335,29.243069],[32.632335,29.236802],[32.628673,29.21894],[32.656179,29.120632],[32.658946,29.110785],[32.659679,29.089097],[32.654145,29.080878],[32.644216,29.072903],[32.638927,29.061347],[32.628184,29.057034],[32.624685,29.048163],[32.632335,29.037584],[32.627208,29.00788],[32.625499,28.972724],[32.632091,28.9619],[32.662771,28.934068],[32.67335,28.921536],[32.676524,28.910956],[32.677257,28.890774],[32.680837,28.880561],[32.703461,28.85871],[32.70753,28.85635],[32.749197,28.804836],[32.784516,28.799384],[32.806895,28.778144],[32.820649,28.74787],[32.865245,28.599555],[32.868907,28.578925],[32.879568,28.575426],[32.927257,28.551581],[32.951427,28.530992],[32.963552,28.517727],[32.972911,28.499823],[32.982595,28.496568],[32.993826,28.494208],[33.00294,28.489488],[33.006196,28.483344],[33.013031,28.463039],[33.041759,28.41413],[33.050792,28.406928],[33.051036,28.402574],[33.049571,28.401353],[33.046723,28.401435],[33.043224,28.400784],[33.087576,28.368598],[33.1067,28.347113],[33.105317,28.325629],[33.112966,28.320014],[33.119802,28.308783],[33.124685,28.296332],[33.126475,28.287502],[33.130544,28.284166],[33.153087,28.256171],[33.200531,28.211371],[33.212169,28.189927],[33.222179,28.184638],[33.233653,28.180325],[33.241954,28.174872],[33.246755,28.161526],[33.246104,28.150458],[33.24936,28.14289],[33.266124,28.140082],[33.283214,28.132392],[33.316417,28.096381],[33.338145,28.085435],[33.336762,28.079169],[33.338145,28.071031],[33.338145,28.065009],[33.336111,28.056789],[33.343598,28.050605],[33.355479,28.048082],[33.366059,28.050686],[33.374685,28.035875],[33.396658,28.027248],[33.441742,28.016547],[33.512543,27.959052],[33.535411,27.916409],[33.547374,27.906684],[33.554373,27.89647],[33.576182,27.850491],[33.57838,27.838446],[33.57838,27.832221],[33.583263,27.82453],[33.587087,27.805121],[33.592052,27.797431],[33.592052,27.791246],[33.585216,27.791246],[33.571544,27.791246],[33.560069,27.813422],[33.536469,27.826077],[33.509776,27.834947],[33.488943,27.845893],[33.482188,27.845893],[33.476085,27.83161],[33.473481,27.823188],[33.475434,27.815863],[33.482188,27.804918],[33.501231,27.787502],[33.511729,27.775092],[33.516287,27.759914],[33.522716,27.751899],[33.53712,27.755764],[33.551443,27.761623],[33.557872,27.759914],[33.556407,27.746283],[33.552501,27.731879],[33.545909,27.718492],[33.536794,27.708075],[33.540782,27.704535],[33.546153,27.698188],[33.550466,27.695054],[33.568533,27.683254],[33.574962,27.681383],[33.577891,27.677436],[33.587576,27.659003],[33.592052,27.653469],[33.592052,27.646633],[33.581554,27.654486],[33.557872,27.681383],[33.550466,27.681383],[33.550466,27.673977],[33.553966,27.668647],[33.557872,27.659654],[33.550466,27.659654],[33.5442,27.679185],[33.526541,27.677558],[33.507172,27.663723],[33.496349,27.646633],[33.519705,27.63581],[33.536306,27.616197],[33.564708,27.571519],[33.560802,27.565172],[33.558279,27.557115],[33.556977,27.547593],[33.557872,27.53677],[33.574474,27.525865],[33.618175,27.508124],[33.632986,27.495836],[33.635916,27.486721],[33.637218,27.464789],[33.640391,27.45482],[33.647146,27.446479],[33.664073,27.430325],[33.671153,27.420396],[33.677501,27.400133],[33.684825,27.355699],[33.691661,27.341864],[33.724783,27.313707],[33.763357,27.290351],[33.805675,27.272121],[33.825369,27.259711],[33.83839,27.24258],[33.840505,27.232082],[33.83839,27.194159],[33.836111,27.190823],[33.826996,27.184149],[33.824718,27.180487],[33.825369,27.174628],[33.830333,27.16592],[33.831554,27.15998],[33.83253,27.137885],[33.836762,27.120754],[33.847179,27.107001],[33.865977,27.09516],[33.883149,27.080797],[33.901378,27.058743],[33.908702,27.042141],[33.893728,27.043931],[33.893891,27.027899],[33.90089,27.014228],[33.920909,26.989325],[33.929454,26.974189],[33.942068,26.944566],[33.951671,26.930976],[33.964366,26.921861],[33.978852,26.914944],[33.990977,26.907416],[33.996104,26.896552],[34.002696,26.864895],[34.003591,26.848944],[33.996104,26.837877],[33.979666,26.837104],[33.968761,26.846381],[33.959646,26.849799],[33.948253,26.831],[33.945811,26.817776],[33.945811,26.799994],[33.947765,26.782416],[33.951671,26.769273],[33.951915,26.743354],[33.93214,26.682603],[33.941417,26.65351],[33.955414,26.643012],[33.987804,26.634101],[34.003591,26.625637],[34.014008,26.61164],[34.023936,26.580715],[34.056407,26.542304],[34.070649,26.514879],[34.104828,26.426663],[34.11964,26.400295],[34.139985,26.372301],[34.153331,26.347113],[34.177501,26.314846],[34.261974,26.139472],[34.301036,26.087795],[34.338715,26.001776],[34.417491,25.903144],[34.424978,25.890204],[34.434744,25.861884],[34.501801,25.771633],[34.538259,25.735663],[34.54656,25.725043],[34.633474,25.569403],[34.647146,25.52204],[34.671397,25.479722],[34.681895,25.428697],[34.699962,25.401028],[34.743337,25.351304],[34.74936,25.338813],[34.7588,25.309638],[34.764985,25.296088],[34.794932,25.254381],[34.806895,25.211615],[34.853201,25.138821],[34.939138,25.003363],[34.943044,24.971259],[34.953725,24.944142],[34.969898,24.926411],[34.989757,24.905015],[34.993012,24.886705],[34.993907,24.849311],[34.996593,24.830552],[35.002208,24.815619],[35.010265,24.804429],[35.021821,24.795152],[35.037608,24.785875],[35.063487,24.764106],[35.08074,24.735419],[35.104015,24.656887],[35.109548,24.643785],[35.126964,24.617662],[35.146014,24.585898],[35.16027,24.574618],[35.160655,24.558498],[35.144445,24.527675],[35.144556,24.500206],[35.18572,24.485663],[35.235455,24.400126],[35.370616,24.306098],[35.391856,24.282782],[35.428645,24.185953],[35.455737,24.158988],[35.493828,24.1089],[35.510509,24.111233],[35.503082,24.125107],[35.493767,24.138989],[35.5039,24.140538],[35.524189,24.121275],[35.552059,24.1105],[35.588372,24.075837],[35.602725,24.048101],[35.605261,24.018817],[35.635631,24.001865],[35.66685,24.007253],[35.691315,24.001078],[35.717479,23.993355],[35.738571,23.983317],[35.753747,23.968659],[35.774825,23.923912],[35.792535,23.902291],[35.785779,23.893046],[35.770597,23.91235],[35.750356,23.932423],[35.736012,23.933209],[35.699718,23.917828],[35.68452,23.910916],[35.664274,23.918649],[35.64575,23.925562],[35.627202,23.928644],[35.613711,23.927102],[35.598533,23.929413],[35.579981,23.936349],[35.573232,23.944825],[35.561778,23.95718],[35.551443,23.960395],[35.550548,23.965481],[35.535275,23.97179],[35.513927,23.977118],[35.504921,23.971001],[35.491222,23.947577],[35.483871,23.917787],[35.490658,23.869996],[35.481425,23.828348],[35.474768,23.797915],[35.483224,23.772487],[35.501721,23.768695],[35.510148,23.756379],[35.509322,23.741729],[35.506114,23.734565],[35.507663,23.717832],[35.508516,23.706272],[35.510221,23.683922],[35.505544,23.642483],[35.503673,23.55565],[35.501475,23.539944],[35.49171,23.512152],[35.489431,23.497016],[35.493337,23.482367],[35.502615,23.467231],[35.524181,23.438951],[35.541352,23.409573],[35.547537,23.393988],[35.551443,23.377509],[35.550304,23.330227],[35.55817,23.282089],[35.567393,23.245429],[35.57468,23.212565],[35.621087,23.139293],[35.635171,23.110925],[35.654642,23.07375],[35.667817,22.982611],[35.675059,22.96662],[35.695305,22.932126],[35.737071,22.883979],[35.763682,22.870429],[35.751638,22.885972],[35.723399,22.931871],[35.742931,22.931301],[35.755707,22.922309],[35.764415,22.90766],[35.771169,22.890286],[35.781912,22.841132],[35.784923,22.833197],[35.80128,22.822577],[35.809581,22.811347],[35.816661,22.798896],[35.8296,22.784817],[35.847547,22.762989],[35.885964,22.735695],[35.922172,22.722116],[35.940196,22.71662],[35.943126,22.712795],[35.955821,22.704495],[35.969493,22.697984],[35.984386,22.693793],[36.04005,22.690172],[36.120616,22.675686],[36.197765,22.651679],[36.226085,22.635443],[36.274669,22.592353],[36.290538,22.568183],[36.296368,22.521999],[36.313416,22.491613],[36.343177,22.467129],[36.374522,22.445258],[36.389898,22.438752],[36.404755,22.432884],[36.401556,22.448571],[36.406859,22.448577],[36.4281,22.426045],[36.422823,22.397605],[36.439823,22.356443],[36.507698,22.328048],[36.540572,22.310405],[36.562839,22.296677],[36.623303,22.249568],[36.713715,22.169135],[36.732758,22.159613],[36.747569,22.160956],[36.751313,22.166938],[36.753266,22.173163],[36.756847,22.176907],[36.764903,22.174954],[36.782237,22.164455],[36.790375,22.15762],[36.795665,22.150784],[36.809418,22.120754],[36.818207,22.108832],[36.833263,22.095852],[36.87194,22.074112],[36.895383,22.066133],[36.899181,22.029853],[36.898448,22.017483],[36.891856,22.006741],[36.8838,21.996649],[36.883637,21.995714],[36.649887,21.995713],[36.417239,21.995661],[36.184592,21.995609],[35.951841,21.995609],[35.719194,21.995609],[35.486443,21.995558],[35.253796,21.995558],[35.021149,21.995558],[34.788501,21.995558],[34.555751,21.995506],[34.323103,21.995454],[34.090456,21.995454],[34.084179,21.995454],[34.076127,21.995454],[33.857706,21.995454],[33.625058,21.995454],[33.392359,21.995454],[33.181136,21.995409],[33.15976,21.995403],[33.158728,21.995403],[33.057393,21.995403],[32.955073,21.995403],[32.852651,21.995403],[32.750331,21.995403],[32.647857,21.995403],[32.545434,21.995403],[32.524519,21.995403],[32.443063,21.995403],[32.340744,21.995403],[32.238321,21.995403],[32.136002,21.995403],[32.033579,21.995403],[31.93126,21.995403],[31.828837,21.995403],[31.726518,21.995403],[31.624095,21.995403],[31.521776,21.995403],[31.494719,21.995387],[31.435476,21.995351],[31.467412,22.084131],[31.490563,22.14821],[31.491803,22.173221],[31.482915,22.195442],[31.460901,22.215493],[31.442504,22.224174],[31.42328,22.226965],[31.404057,22.223761],[31.38535,22.214459],[31.359512,22.188104],[31.314388,22.102273],[31.310936,22.095707],[31.261637,22.001759],[31.248407,21.994369],[31.210115,21.994369],[31.112912,21.994369],[31.015553,21.994421],[30.918143,21.994473],[30.820733,21.994473],[30.723478,21.994473],[30.62612,21.994473],[30.528761,21.994473],[30.431506,21.994473],[30.334251,21.994524],[30.236893,21.994524],[30.13938,21.994524],[30.042176,21.994524],[29.944818,21.994524],[29.847563,21.994576],[29.750308,21.994628],[29.652949,21.994628],[29.555591,21.994628],[29.458232,21.994628],[29.360822,21.994679],[29.263619,21.994679],[29.166364,21.994679],[29.069006,21.994679],[28.971647,21.994679],[28.874392,21.994731],[28.777034,21.994783],[28.679675,21.994783],[28.582317,21.994783],[28.484907,21.994783],[28.387703,21.994783],[28.290345,21.994783],[28.192935,21.994834],[28.095732,21.994834],[27.998373,21.994834],[27.901015,21.994886],[27.803656,21.994938],[27.706401,21.994938],[27.609043,21.994938],[27.511685,21.994938],[27.414326,21.994938],[27.316968,21.994938],[27.219713,21.994989],[27.122354,21.994989],[27.024996,21.994989],[26.927741,21.994989],[26.830383,21.994989],[26.733127,21.995041],[26.635769,21.995093],[26.538411,21.995093],[26.441052,21.995093],[26.343797,21.995093],[26.246542,21.995144],[26.149184,21.995144],[26.051929,21.995144],[25.954467,21.995196],[25.857109,21.995248],[25.759854,21.995248],[25.662599,21.995248],[25.56524,21.995248],[25.467933,21.995299],[25.370678,21.995299],[25.273217,21.995299],[25.175858,21.995299],[25.0785,21.995299],[24.981245,21.995351],[24.981245,22.287168],[24.981245,22.578985],[24.981245,22.870801],[24.981245,23.16267],[24.981245,23.454435],[24.981245,23.746278],[24.981245,24.038146],[24.981245,24.329963],[24.981245,24.621728],[24.981245,24.913571],[24.981245,25.205439],[24.981245,25.497256],[24.981245,25.78897],[24.981245,26.080838],[24.981245,26.372707],[24.981245,26.664523],[24.981245,26.859964],[24.981245,27.049239],[24.981245,27.138035],[24.981245,27.475456],[24.981245,27.627824],[24.981245,27.666503],[24.981245,28.018549],[24.981245,28.096701],[24.981245,28.491544],[24.981245,28.890176],[24.981245,29.057917],[24.981245,29.181372],[24.97432,29.23894],[24.956647,29.292683],[24.873758,29.468332],[24.863836,29.502903],[24.861562,29.541557],[24.870554,29.614007],[24.870657,29.638347],[24.856188,29.679482],[24.804925,29.7548],[24.798207,29.796425],[24.81495,29.848567],[24.81619,29.868411],[24.811643,29.89089],[24.72555,30.078372],[24.697334,30.122607],[24.688343,30.144156],[24.688653,30.182758],[24.704672,30.217898],[24.746117,30.282752],[24.76286,30.317065],[24.772369,30.331018],[24.799447,30.360835],[24.829729,30.387552],[24.888124,30.464343],[24.907658,30.498656],[24.917063,30.532453],[24.92037,30.552348],[24.950652,30.621233],[24.961194,30.676268],[24.973597,30.716266],[24.988583,30.750579],[24.994887,30.785099],[24.981245,30.825406],[24.93763,30.905763],[24.924607,30.956768],[24.889571,31.018831],[24.882646,31.039088],[24.859495,31.145955],[24.858565,31.227914],[24.848643,31.312043],[24.848953,31.34863],[24.861252,31.38036],[25.023723,31.494409],[25.060413,31.579366],[25.088422,31.613524],[25.15089,31.65648],[25.149425,31.648871],[25.161794,31.583564],[25.172862,31.551581],[25.190929,31.53148],[25.212576,31.526353],[25.263438,31.523668],[25.302094,31.506537],[25.322765,31.506415],[25.3685,31.512274],[25.378103,31.509711],[25.389659,31.505113],[25.401866,31.50316],[25.420177,31.512193],[25.444835,31.517646],[25.473888,31.520494],[25.636485,31.560696],[25.824067,31.614936],[25.868826,31.620917],[25.966807,31.616604],[26.362153,31.521918],[26.650645,31.488756],[26.667247,31.480943],[26.683116,31.476223],[26.732921,31.479234],[26.753184,31.477484],[26.824718,31.447821],[26.865733,31.436835],[26.911632,31.43651],[26.947927,31.448228],[26.965505,31.449652],[26.982595,31.439927],[26.99643,31.428697],[27.006521,31.425035],[27.015798,31.424465],[27.027029,31.422268],[27.054373,31.408637],[27.117361,31.390448],[27.185069,31.384345],[27.209972,31.378119],[27.226248,31.367662],[27.232432,31.37226],[27.242035,31.377346],[27.246104,31.381293],[27.257986,31.380032],[27.320649,31.381008],[27.327485,31.379218],[27.334809,31.375149],[27.342296,31.368232],[27.34197,31.364651],[27.340099,31.360989],[27.342296,31.35399],[27.349783,31.341295],[27.35434,31.335761],[27.359386,31.333482],[27.362315,31.330512],[27.36378,31.315497],[27.366466,31.309638],[27.373546,31.298407],[27.383474,31.2685],[27.393565,31.254706],[27.417491,31.237209],[27.4463,31.223212],[27.478038,31.213935],[27.540538,31.205756],[27.56544,31.196967],[27.587738,31.193101],[27.609874,31.203192],[27.66033,31.180243],[27.719493,31.189276],[27.835704,31.237942],[27.852875,31.240302],[27.863292,31.233547],[27.8685,31.219387],[27.869884,31.199774],[27.872732,31.191596],[27.89031,31.155422],[27.894298,31.122626],[27.897146,31.114407],[27.926931,31.099026],[27.975108,31.093085],[28.154552,31.093329],[28.16627,31.090766],[28.175304,31.084906],[28.183279,31.078315],[28.191417,31.073432],[28.203868,31.070502],[28.233572,31.073432],[28.256358,31.071275],[28.299083,31.061957],[28.31837,31.059801],[28.338634,31.064114],[28.382091,31.08275],[28.404959,31.086493],[28.424327,31.083441],[28.442231,31.076402],[28.457774,31.06684],[28.469737,31.056057],[28.478526,31.051825],[28.514171,31.052314],[28.527599,31.050116],[28.538259,31.046536],[28.555024,31.038723],[28.732677,30.984076],[28.76824,30.966702],[28.787771,30.959662],[28.812022,30.956773],[28.818044,30.951158],[28.824962,30.924465],[28.828868,30.915188],[28.835704,30.910793],[28.85434,30.905951],[29.028087,30.827053],[29.18922,30.833238],[29.218923,30.838039],[29.355724,30.895087],[29.503266,30.956692],[29.556326,30.990912],[29.598074,31.009508],[29.60377,31.01203],[29.611013,31.021918],[29.618663,31.029283],[29.765961,31.121568],[29.781505,31.147935],[29.809337,31.14232],[29.83839,31.15412],[29.884613,31.189521],[29.875662,31.200873],[29.871837,31.200141],[29.863536,31.196357],[29.869151,31.206488],[29.876964,31.213568],[29.884776,31.213772],[29.89088,31.203192],[29.898204,31.203192],[29.909679,31.214097],[29.956228,31.250067],[29.969981,31.257799],[29.983165,31.263251],[30.003103,31.287095],[30.011241,31.292548],[30.025076,31.294867],[30.03297,31.30036],[30.039561,31.307115],[30.049083,31.313056],[30.045909,31.314154],[30.043224,31.314154],[30.041677,31.315497],[30.042247,31.320502],[30.069591,31.333482],[30.066661,31.304877],[30.0949,31.28559],[30.098481,31.284654],[30.135997,31.274848],[30.172618,31.27143],[30.164399,31.266995],[30.153087,31.255845],[30.144705,31.251614],[30.144054,31.246568],[30.145518,31.245103],[30.148611,31.245063],[30.15211,31.244127],[30.140147,31.23725],[30.143728,31.229478],[30.154633,31.222154],[30.165212,31.216783],[30.206798,31.237942],[30.201671,31.226508],[30.207205,31.220893],[30.215831,31.219387],[30.22047,31.220201],[30.224376,31.226874],[30.254568,31.251614],[30.257335,31.246812],[30.258067,31.246405],[30.261404,31.244127],[30.263845,31.249905],[30.265961,31.253241],[30.267751,31.25731],[30.268809,31.265286],[30.275076,31.265286],[30.274587,31.254543],[30.276622,31.246405],[30.281423,31.240912],[30.288748,31.237942],[30.292735,31.244574],[30.302989,31.27143],[30.287608,31.278225],[30.273448,31.275295],[30.258637,31.268866],[30.240896,31.265286],[30.240896,31.27143],[30.243988,31.271918],[30.251313,31.271064],[30.254568,31.27143],[30.254568,31.278266],[30.238455,31.273993],[30.179454,31.27143],[30.179454,31.278266],[30.216563,31.286444],[30.25172,31.303412],[30.312836,31.350572],[30.334483,31.381008],[30.348399,31.421332],[30.352387,31.463202],[30.343923,31.497992],[30.350759,31.497992],[30.355724,31.478827],[30.364594,31.46011],[30.378429,31.446682],[30.398611,31.443345],[30.370616,31.461615],[30.355724,31.491116],[30.362153,31.508734],[30.398611,31.491156],[30.425629,31.473619],[30.456391,31.462714],[30.492524,31.459215],[30.535818,31.463853],[30.676524,31.496161],[30.973888,31.586737],[30.973888,31.579901],[30.958751,31.57807],[30.866384,31.548285],[30.789073,31.510321],[30.736095,31.488715],[30.69337,31.463853],[30.687755,31.461615],[30.674083,31.459662],[30.666026,31.457017],[30.628103,31.434312],[30.610688,31.429145],[30.570974,31.426581],[30.562348,31.422268],[30.557872,31.422187],[30.542654,31.402411],[30.542654,31.394965],[30.563243,31.390204],[30.570323,31.390082],[30.576671,31.394965],[30.583507,31.394965],[30.598643,31.387356],[30.62672,31.388658],[30.653819,31.395819],[30.666026,31.405504],[30.675059,31.421576],[30.695079,31.416897],[30.715994,31.402086],[30.72755,31.388129],[30.734386,31.388129],[30.740733,31.405504],[30.756196,31.423],[30.774669,31.436835],[30.789561,31.443345],[30.798513,31.446479],[30.809581,31.442084],[30.822602,31.434719],[30.837413,31.429145],[30.846853,31.430162],[30.859711,31.433336],[30.873709,31.434516],[30.885753,31.429145],[30.88266,31.428127],[30.879893,31.428168],[30.878429,31.426988],[30.878917,31.422268],[30.892426,31.419094],[30.909434,31.423814],[30.926443,31.433051],[30.939708,31.443345],[30.937266,31.444403],[30.934825,31.444241],[30.933279,31.445136],[30.933604,31.449612],[30.937022,31.451728],[30.937511,31.452623],[30.937673,31.453803],[30.939708,31.457017],[30.973969,31.444078],[30.980724,31.43651],[30.990001,31.443264],[30.996918,31.451117],[31.008067,31.47134],[31.002208,31.479641],[31.005707,31.486233],[31.021739,31.497992],[31.024669,31.504055],[31.023611,31.509182],[31.023285,31.513821],[31.029145,31.5185],[31.034923,31.51968],[31.0713,31.51732],[31.08074,31.514228],[31.097423,31.504828],[31.100108,31.501044],[31.099783,31.496405],[31.101573,31.492499],[31.111095,31.491156],[31.119151,31.493109],[31.125255,31.497789],[31.129242,31.504462],[31.111095,31.512274],[31.117524,31.516018],[31.123546,31.51789],[31.130382,31.516995],[31.111095,31.53974],[31.070811,31.565375],[31.023204,31.582994],[30.978038,31.584296],[30.987559,31.588935],[31.01238,31.59691],[31.097423,31.607896],[31.128673,31.604926],[31.220958,31.579901],[31.349946,31.529649],[31.378591,31.5185],[31.419607,31.491156],[31.523692,31.449652],[31.556814,31.443345],[31.571625,31.443752],[31.597423,31.444485],[31.748302,31.481594],[31.837901,31.525336],[31.87436,31.53559],[31.912934,31.534898],[31.944835,31.520941],[31.959158,31.49433],[31.964203,31.482408],[31.995779,31.445746],[32.009044,31.417182],[32.024913,31.400051],[32.056977,31.375149],[32.067556,31.37108],[32.09197,31.3664],[32.093761,31.365668],[32.104259,31.361477],[32.129161,31.337388],[32.135265,31.333482],[32.149669,31.327786],[32.189464,31.300767],[32.199555,31.295071],[32.168956,31.300727],[32.070079,31.35399],[32.075694,31.353502],[32.080089,31.35399],[32.082774,31.352769],[32.090587,31.347154],[32.088145,31.354438],[32.083507,31.358832],[32.076508,31.360907],[32.056,31.36286],[32.051443,31.366441],[32.048839,31.370998],[32.043956,31.375149],[32.017345,31.387519],[32.006602,31.395331],[32.002452,31.394965],[31.994965,31.394965],[31.991954,31.408515],[31.985688,31.420356],[31.97755,31.429877],[31.968272,31.43651],[31.981293,31.43651],[31.9935,31.437812],[31.943126,31.491645],[31.932384,31.507758],[31.917979,31.523993],[31.906586,31.529608],[31.906261,31.525336],[31.889496,31.53205],[31.882986,31.52851],[31.878917,31.5185],[31.865245,31.525336],[31.865001,31.522121],[31.865733,31.515326],[31.865245,31.512274],[31.861664,31.51435],[31.854747,31.516506],[31.850922,31.5185],[31.851329,31.510647],[31.849457,31.505072],[31.844737,31.497992],[31.865245,31.497992],[31.859711,31.486884],[31.875011,31.463324],[31.872081,31.449612],[31.878917,31.449612],[31.878917,31.443345],[31.872081,31.443345],[31.874278,31.43891],[31.877452,31.434149],[31.878917,31.429145],[31.872081,31.429145],[31.868663,31.441352],[31.862071,31.450588],[31.851899,31.456122],[31.837901,31.457017],[31.841645,31.464504],[31.837657,31.465481],[31.830414,31.458808],[31.824229,31.443345],[31.830414,31.442572],[31.833751,31.443793],[31.837901,31.449612],[31.844981,31.44481],[31.850597,31.442939],[31.858409,31.443345],[31.858409,31.43651],[31.850922,31.43651],[31.850922,31.429145],[31.854828,31.423163],[31.860606,31.419013],[31.868419,31.416571],[31.878917,31.416083],[31.871837,31.409817],[31.861664,31.40762],[31.851736,31.409654],[31.844737,31.416083],[31.837901,31.416083],[31.838552,31.410834],[31.836681,31.409654],[31.833669,31.409817],[31.830414,31.408637],[31.834972,31.405748],[31.838552,31.402493],[31.844737,31.394965],[31.83074,31.379788],[31.827891,31.368354],[31.836925,31.361884],[31.858409,31.361477],[31.858409,31.35399],[31.845063,31.356187],[31.834158,31.359931],[31.825043,31.360663],[31.816742,31.35399],[31.810557,31.35399],[31.803884,31.360053],[31.797211,31.359524],[31.792247,31.353583],[31.790212,31.343451],[31.794281,31.338446],[31.80128,31.334866],[31.802745,31.331285],[31.790212,31.326646],[31.790212,31.320502],[31.795909,31.310981],[31.78891,31.30744],[31.777517,31.304999],[31.769054,31.298774],[31.766938,31.284654],[31.773204,31.275865],[31.78419,31.273383],[31.794932,31.277696],[31.796397,31.278266],[31.794444,31.280015],[31.793142,31.280463],[31.79184,31.28144],[31.790212,31.285102],[31.804373,31.279975],[31.811209,31.278713],[31.820567,31.278266],[31.828624,31.274115],[31.830251,31.264879],[31.830333,31.255764],[31.834158,31.251614],[31.845388,31.248969],[31.861013,31.242377],[31.875987,31.233303],[31.885753,31.223619],[31.893403,31.239936],[31.898611,31.246649],[31.906261,31.251614],[31.90211,31.242336],[31.900645,31.23607],[31.902029,31.230618],[31.906261,31.223619],[31.892589,31.223619],[31.892589,31.216783],[31.906261,31.216783],[31.903005,31.214586],[31.900157,31.213039],[31.898448,31.209906],[31.899425,31.203192],[31.904145,31.203843],[31.906912,31.205634],[31.90919,31.208075],[31.912934,31.210639],[31.914236,31.20897],[31.91391,31.206488],[31.91505,31.20425],[31.91977,31.203192],[31.91977,31.210639],[31.926606,31.210639],[31.921641,31.196479],[31.926443,31.186998],[31.934744,31.187567],[31.940278,31.203192],[31.951915,31.204576],[31.96754,31.218817],[31.986583,31.230292],[32.009288,31.223619],[31.994965,31.223619],[31.994965,31.216783],[32.009288,31.210639],[32.011974,31.214789],[32.01824,31.219062],[32.022797,31.223619],[32.03712,31.216783],[32.03712,31.210639],[32.03297,31.206204],[32.031261,31.202867],[32.029633,31.189521],[32.040782,31.193915],[32.043956,31.196357],[32.042328,31.187934],[32.040375,31.182318],[32.036794,31.178616],[32.029633,31.175849],[32.029633,31.169623],[32.036388,31.161078],[32.036876,31.150295],[32.016124,31.134914],[32.016124,31.128079],[32.026866,31.127672],[32.035167,31.129706],[32.041026,31.134263],[32.043956,31.14175],[32.050141,31.14175],[32.051443,31.131171],[32.052338,31.12877],[32.054535,31.122992],[32.060557,31.117377],[32.070079,31.114407],[32.070079,31.10692],[32.059906,31.104641],[32.052582,31.100775],[32.047618,31.094875],[32.043956,31.086493],[32.049001,31.08454],[32.056977,31.079657],[32.06658,31.084947],[32.075531,31.086371],[32.083751,31.084418],[32.090587,31.079657],[32.090587,31.073432],[32.083751,31.073432],[32.083751,31.065985],[32.093761,31.058539],[32.106456,31.053371],[32.119802,31.052924],[32.132091,31.059801],[32.132091,31.065985],[32.117442,31.066311],[32.107432,31.072821],[32.101248,31.08275],[32.097992,31.093329],[32.112966,31.090562],[32.133149,31.081732],[32.142589,31.080268],[32.146332,31.079657],[32.138357,31.093329],[32.154307,31.093817],[32.159434,31.093329],[32.159434,31.100775],[32.154959,31.101752],[32.154063,31.102525],[32.154307,31.10399],[32.152843,31.106594],[32.154307,31.107733],[32.16627,31.114407],[32.16684,31.108344],[32.169688,31.107123],[32.174164,31.107571],[32.179942,31.10692],[32.176036,31.117825],[32.183849,31.124945],[32.194835,31.1258],[32.20574,31.109198],[32.218516,31.105211],[32.234141,31.104885],[32.24822,31.10692],[32.272227,31.118883],[32.283458,31.136542],[32.280528,31.154975],[32.262462,31.169623],[32.286469,31.170356],[32.287364,31.170152],[32.289806,31.169623],[32.29477,31.199368],[32.295095,31.213365],[32.289806,31.230455],[32.27296,31.248847],[32.270518,31.257554],[32.28297,31.265286],[32.267914,31.27265],[32.246755,31.279242],[32.226329,31.28205],[32.214122,31.278266],[32.207042,31.295071],[32.219493,31.293769],[32.232677,31.292873],[32.256602,31.288804],[32.300466,31.28144],[32.313813,31.272691],[32.320079,31.272691],[32.331391,31.27143],[32.333832,31.254706],[32.344249,31.241889],[32.359141,31.233466],[32.389903,31.226508],[32.401378,31.217108],[32.420177,31.196357],[32.462657,31.161038],[32.481212,31.148871],[32.509532,31.10692],[32.535818,31.086615],[32.565684,31.070543],[32.599701,31.06151],[32.601573,31.060981],[32.645518,31.059801],[32.687511,31.064439],[32.761974,31.081204],[32.850759,31.118801],[32.868012,31.130276],[32.90919,31.148179],[32.920421,31.155422],[32.927257,31.155422],[32.927257,31.147935],[32.895356,31.137397],[32.83961,31.101223],[32.80714,31.093329],[32.752452,31.071357],[32.666515,31.052314],[32.715017,31.052314],[32.715017,31.045559],[32.700694,31.038723],[32.731293,31.038764],[32.742849,31.042629],[32.749197,31.052314],[32.755382,31.052314],[32.756196,31.046536],[32.759451,31.0456],[32.763845,31.046332],[32.769542,31.045559],[32.831065,31.079657],[32.882823,31.093573],[32.893077,31.100775],[32.899262,31.100775],[32.903494,31.095445],[32.917735,31.092231],[32.914399,31.087307],[32.906749,31.086493],[32.906749,31.079657],[32.917247,31.082831],[32.940929,31.093329],[32.940929,31.100775],[32.913585,31.100775],[32.913585,31.10692],[32.927094,31.111802],[32.944021,31.107896],[32.959483,31.098456],[32.968761,31.086493],[32.971202,31.080878],[32.973318,31.071031],[32.975108,31.065985],[32.961274,31.065985],[32.994477,31.055569],[33.009939,31.056301],[33.023448,31.065985],[33.023448,31.073432],[33.013927,31.078192],[33.009125,31.079657],[33.009125,31.086493],[33.047862,31.09512],[33.057465,31.100775],[33.052501,31.108303],[33.054698,31.115546],[33.060069,31.123928],[33.064301,31.134914],[33.057465,31.134914],[33.051036,31.128119],[33.030284,31.114407],[33.02711,31.110745],[33.023774,31.107733],[33.023774,31.104641],[33.030284,31.100775],[33.016938,31.098131],[32.994151,31.098456],[32.970551,31.101467],[32.954438,31.10692],[32.98463,31.109524],[33.001801,31.124823],[33.014415,31.144965],[33.030284,31.162177],[33.042328,31.167222],[33.067068,31.170966],[33.078624,31.175849],[33.09783,31.191555],[33.109386,31.196438],[33.126475,31.196357],[33.126475,31.189521],[33.098643,31.189521],[33.098643,31.183295],[33.111095,31.17536],[33.146983,31.134914],[33.157725,31.117865],[33.153575,31.112372],[33.140961,31.109605],[33.126475,31.100775],[33.125255,31.103258],[33.125255,31.105902],[33.124034,31.107571],[33.118988,31.10692],[33.118988,31.100775],[33.135753,31.090766],[33.144705,31.077867],[33.144298,31.062567],[33.133311,31.045559],[33.169119,31.05801],[33.187673,31.061672],[33.200938,31.059801],[33.207693,31.061021],[33.212413,31.060981],[33.221446,31.059801],[33.221446,31.065985],[33.207774,31.073432],[33.200938,31.073432],[33.200938,31.065985],[33.194835,31.065985],[33.194835,31.073432],[33.247895,31.091254],[33.262462,31.100775],[33.269786,31.100775],[33.262462,31.093329],[33.269786,31.086493],[33.277192,31.092108],[33.285411,31.092719],[33.292491,31.088446],[33.29656,31.079657],[33.303966,31.079657],[33.304861,31.088121],[33.304535,31.098212],[33.303233,31.099799],[33.317638,31.100775],[33.308116,31.105129],[33.298188,31.103909],[33.288748,31.104885],[33.277192,31.10692],[33.386485,31.114407],[33.377696,31.132554],[33.390636,31.136217],[33.406423,31.137274],[33.406423,31.155422],[33.417247,31.150784],[33.420665,31.147935],[33.427501,31.147935],[33.440929,31.15119],[33.480805,31.133246],[33.499522,31.128079],[33.57252,31.121568],[33.592052,31.114407],[33.592052,31.121283],[33.614757,31.115383],[33.64796,31.117255],[33.85434,31.163479],[34.047048,31.229193],[34.198497,31.3133],[34.200269,31.314267],[34.224608,31.275715],[34.230396,31.25923],[34.248351,31.211449],[34.258611,31.184144],[34.297989,31.078776],[34.329511,30.994492],[34.367855,30.907417]],[[35.429207,22.97833],[35.212088,22.786263],[35.345756,22.901639],[35.486665,23.023266],[35.621087,23.139293],[35.429207,22.97833]],[[34.777558,22.499765],[34.828226,22.60689],[34.861952,22.680182],[34.777558,22.499765]],[[34.501684,22.262124],[34.682088,22.297912],[34.42276,22.249207],[34.147476,22.191856],[34.321075,22.226294],[34.501684,22.262124]]],[[[34.05128,27.45482],[34.05128,27.448635],[34.0442,27.449612],[34.031098,27.451483],[34.013031,27.469957],[34.007091,27.47606],[33.98585,27.482123],[33.976085,27.487372],[33.966563,27.497626],[33.956391,27.504381],[33.956309,27.504381],[33.933767,27.494696],[33.92449,27.50141],[33.917491,27.51317],[33.913585,27.523749],[33.9192,27.530219],[33.925792,27.534329],[33.933116,27.536363],[33.941417,27.53677],[33.964122,27.534125],[33.971934,27.529649],[33.980724,27.524604],[33.98878,27.518256],[33.993907,27.514309],[34.006602,27.509467],[34.028494,27.502021],[34.034923,27.485012],[34.038422,27.46662],[34.05128,27.45482]]],[[[34.661786,27.930218],[34.681773,27.958703],[34.731882,27.957141],[34.732162,27.918943],[34.704695,27.908368],[34.681039,27.915174],[34.661786,27.930218]]],[[[34.620453,27.920356],[34.582205,27.917914],[34.547211,27.919664],[34.518077,27.930406],[34.498139,27.953111],[34.496349,27.955146],[34.497813,27.968736],[34.494395,27.988227],[34.489513,27.996039],[34.493012,28.0008],[34.494395,28.001776],[34.494477,28.001654],[34.496349,27.996039],[34.49643,27.996202],[34.500011,28.003811],[34.504893,28.009914],[34.510753,28.014146],[34.517345,28.016547],[34.517426,28.016506],[34.534841,28.008246],[34.540538,28.003119],[34.5442,27.996039],[34.51824,27.99136],[34.506847,27.986233],[34.503184,27.975572],[34.507904,27.971177],[34.511892,27.967475],[34.528819,27.965888],[34.557953,27.97016],[34.570567,27.974107],[34.572765,27.972154],[34.57488,27.972113],[34.5796,27.965522],[34.583995,27.957953],[34.585134,27.955146],[34.585216,27.955064],[34.601329,27.942613],[34.620453,27.927802],[34.620453,27.920356]]],[[[32.983084,31.089911],[32.98699,31.083645],[32.989268,31.073432],[32.978526,31.081692],[32.975108,31.086493],[32.969737,31.086575],[32.977061,31.091254],[32.983084,31.089911]]],[[[33.454356,31.15469],[33.298676,31.212795],[33.269786,31.216783],[33.301117,31.215888],[33.35255,31.194892],[33.375987,31.189521],[33.406016,31.184475],[33.432953,31.172065],[33.475922,31.14175],[33.454356,31.15469]]],[[[33.2435,31.219306],[33.212576,31.224311],[33.182872,31.228013],[33.153087,31.231757],[33.118988,31.223619],[33.10255,31.226752],[33.076427,31.218736],[32.955903,31.163153],[32.934744,31.147935],[32.946462,31.163275],[32.969737,31.173041],[32.989106,31.182074],[33.001475,31.1883],[33.014822,31.196723],[33.066905,31.217434],[33.078624,31.227118],[33.104747,31.240302],[33.262462,31.223619],[33.256114,31.219306],[33.2435,31.219306]]]]}}]}