{"type":"FeatureCollection","features":[{"type":"Feature","properties":{"name":"White Nile (Bahr el Jebel)","orig":"Bahr el Jebel","branch":"white"},"geometry":{"type":"LineString","coordinates":[[32.01587975352123,3.613633530723206],[31.94035892018792,3.696112371869035],[31.923106316021233,3.727118231244035],[31.865244987896233,3.799139715619035],[31.795909050396233,3.855658270306535],[31.748545769146233,3.909002996869035],[31.682627800396233,3.968532619264877],[31.672862175396233,3.980739650514877],[31.667246941021233,3.991237697389877],[31.609629753521233,4.054754949994035],[31.591400586854576,4.080389715619035],[31.576426628521233,4.111151434369035],[31.545664909771233,4.207831121869035],[31.53948001393792,4.217474676556535],[31.537608269146233,4.221380926556535],[31.521983269146233,4.241074936973206],[31.521983269146233,4.285752671348206],[31.509857618104576,4.342881577598206],[31.508311394146233,4.364935614056535],[31.511485222271233,4.379421291139877],[31.525645378521233,4.420925197389877],[31.53264407643792,4.498806056764877],[31.528819206646233,4.519151108848206],[31.507334831646233,4.560370184369035],[31.502533399354576,4.580877996869035],[31.532806836854576,4.610052801556535],[31.55071048268792,4.646022853639877],[31.562998894146233,4.663153387494035],[31.572520378521233,4.669134832806535],[31.584239128521233,4.674831447389877],[31.593028191021233,4.681463934369035],[31.594004753521233,4.690497137494035],[31.591400586854576,4.698757228639877],[31.590912305604576,4.766180731244035],[31.59709720143792,4.806504624473206],[31.60393313893792,4.826280015098206],[31.631846550396233,4.875433660931535],[31.636973503521233,4.891872463014877],[31.643646680604576,4.926865952598206],[31.72063235768792,5.105821030723206],[31.732920769146233,5.177354233848206],[31.73918704518792,5.192084051556535],[31.76164798268792,5.221991278119035],[31.764170769146233,5.236273504681535],[31.762217644146233,5.348415431764877],[31.760264519146233,5.362250067181535],[31.750580274354576,5.394110418744035],[31.748545769146233,5.409857489056535],[31.756114128521233,5.440700588014877],[31.788828972271233,5.499945379681535],[31.796397331646233,5.533026434369035],[31.79387454518792,5.613104559369035],[31.76701907643792,5.758815822389877],[31.753509961854576,5.790147202598206],[31.714121941021233,5.839382228639877],[31.681162956646233,5.903102931764877],[31.672862175396233,5.929999090619035],[31.665537956646233,5.941921291139877],[31.65862063893792,5.941961981244035],[31.652110222271233,5.937811590619035],[31.646088086854576,5.937445379681535],[31.637461784771233,5.945827541139877],[31.62834720143792,5.957953192181535],[31.621104362896233,5.970974025514877],[31.618174675396233,5.981797593223206],[31.615244987896233,6.001776434369035],[31.584727409771233,6.079901434369035],[31.574799024354576,6.095770574994035],[31.56340579518792,6.109645900514877],[31.552989128521233,6.115545965619035],[31.54143313893792,6.126410223431535],[31.53264407643792,6.151434637494035],[31.521983269146233,6.197536525514877],[31.498057487896233,6.248480535931535],[31.493662956646233,6.288275457806535],[31.48967532643792,6.306341864056535],[31.483002149354576,6.322455145306535],[31.474864128521233,6.335272528119035],[31.410655144146233,6.411810614056535],[31.39909915456292,6.437689520306535],[31.395599805604576,6.480047918744035],[31.389659050396233,6.498806056764877],[31.375091993104576,6.506618556764877],[31.356944206646233,6.509833074994035],[31.344737175396233,6.519232489056535],[31.336680534771233,6.534247137494035],[31.33073977956292,6.554388739056535],[31.323985222271233,6.601019598431535],[31.317881706646233,6.621608791139877],[31.306651237896233,6.630153713014877],[31.299815300396233,6.633734442181535],[31.298106316021233,6.642401434369035],[31.297129753521233,6.652451890098206],[31.292979362896233,6.660508530723206],[31.261810743104576,6.690944728639877],[31.254161003521233,6.708604233848206],[31.24944095143792,6.726385809369035],[31.24162845143792,6.740098374473206],[31.224375847271233,6.745550848431535],[31.21184329518792,6.751328843223206],[31.202159050396233,6.765082098431535],[31.18694095143792,6.793972072389877],[31.163828972271233,6.817490952598206],[31.14836673268792,6.829657293744035]]}},{"type":"Feature","properties":{"name":"White Nile (Bahr el Jebel)","orig":"Bahr el Jebel","branch":"white"},"geometry":{"type":"LineString","coordinates":[[31.14836673268792,6.829657293744035],[31.128428581646233,6.837429103639877],[31.121592644146233,6.843532619264877],[31.107432487896233,6.859157619264877],[31.10002688893792,6.864203192181535],[31.082530144146233,6.871893621869035],[31.07707767018792,6.875921942181535],[31.073252800396233,6.885077215619035],[31.069590691021233,6.907294012494035],[31.06340579518792,6.917507228639877],[31.052744987896233,6.923651434369035],[31.028086784771233,6.929063218223206],[31.018321159771233,6.934597072389877],[31.00383548268792,6.944932358848206],[30.97063235768792,6.960272528119035],[30.902842644146233,7.016465561973206],[30.895274284771233,7.020209051556535],[30.87004642018792,7.025824285931535],[30.861338737896233,7.026719468223206],[30.852305534771233,7.028753973431535],[30.846202019146233,7.033799546348206],[30.818858269146233,7.072780666139877],[30.812510612896233,7.087469793744035],[30.810069206646233,7.106227931764877],[30.802744987896233,7.117743231244035],[30.754893425396233,7.143418686973206],[30.734385612896233,7.170721746869035],[30.72160892018792,7.180039780723206],[30.716563347271233,7.185736395306535],[30.711924675396233,7.217067775514877],[30.70549563893792,7.229600327598206],[30.696381055604576,7.241319077598206],[30.686534050396233,7.260768947389877],[30.679698112896233,7.287420965619035],[30.663096550396233,7.306260483848206],[30.656504753521233,7.321844793744035],[30.651866081646233,7.362494207806535],[30.641856316021233,7.382635809369035],[30.610606316021233,7.415838934369035],[30.604014519146233,7.434515692181535],[30.60100345143792,7.447577215619035],[30.593516472271233,7.449977931764877],[30.584483269146233,7.449082749473206],[30.576670769146233,7.452500718223206],[30.57585696706292,7.456732489056535],[30.577728711854576,7.468532619264877],[30.576670769146233,7.472357489056535],[30.565440300396233,7.482367254681535],[30.56242923268792,7.486029364056535],[30.55754642018792,7.489284572389877],[30.546966993104576,7.498806056764877],[30.540049675396233,7.508734442181535],[30.545909050396233,7.513373114056535],[30.558116081646233,7.514349676556535],[30.565440300396233,7.517930405723206],[30.568858269146233,7.525336004681535],[30.569834831646233,7.537543035931535],[30.566661003521233,7.556423244264877],[30.55803470143792,7.575384832806535],[30.54582767018792,7.590033270306535],[30.523041211854576,7.600043035931535],[30.522064649354576,7.609727280723206],[30.52336673268792,7.621161199994035],[30.522064649354576,7.630072332806535],[30.515635612896233,7.636419989056535],[30.499603711854576,7.648504949994035],[30.494151237896233,7.657334702598206],[30.496104362896233,7.665635483848206],[30.50383548268792,7.671738999473206],[30.509369336854576,7.678412176556535],[30.50139407643792,7.696885483848206],[30.509043816021233,7.742295640098206],[30.512461784771233,7.748236395306535],[30.517100456646233,7.752468166139877],[30.522064649354576,7.760362046348206],[30.527598503521233,7.766953843223206],[30.534434441021233,7.773545640098206],[30.536713086854576,7.780585028119035],[30.528330925396233,7.788356838014877],[30.528330925396233,7.795192775514877],[30.53581790456292,7.796087957806535],[30.540131055604576,7.797552801556535],[30.543955925396233,7.799424546348206],[30.549327019146233,7.801336981244035],[30.530284050396233,7.807318426556535],[30.522064649354576,7.807562567181535],[30.522064649354576,7.815008856244035],[30.53581790456292,7.824245509889877],[30.52922610768792,7.830837306764877],[30.515391472271233,7.837266343223206],[30.507823112896233,7.845729884889877],[30.507823112896233,7.873643296348206],[30.505625847271233,7.880804754681535],[30.496185743104576,7.887071030723206],[30.485850456646233,7.922796942181535],[30.425873243104576,7.993190822389877],[30.437103711854576,8.002386785931535],[30.425303581646233,8.021185614056535],[30.405284050396233,8.043280340619035],[30.392344597271233,8.062038478639877],[30.39104251393792,8.075995184369035],[30.392100456646233,8.091091213014877],[30.391123894146233,8.105088608848206],[30.384287956646233,8.116034246869035],[30.372162305604576,8.116888739056535],[30.359466993104576,8.111639715619035],[30.350840691021233,8.112127996869035],[30.350677930604576,8.130316473431535],[30.32463626393792,8.118434963014877],[30.310801628521233,8.149522202598206],[30.307627800396233,8.191717840619035],[30.31291751393792,8.212917384889877],[30.329193555604576,8.218085028119035],[30.326914909771233,8.229600327598206],[30.319590691021233,8.241156317181535],[30.320078972271233,8.246405340619035],[30.337982618104576,8.252875067181535],[30.336924675396233,8.268174546348206],[30.316661003521233,8.301052150514877],[30.323985222271233,8.303981838014877],[30.343841993104576,8.315252996869035],[30.337657097271233,8.325547593223206],[30.333018425396233,8.353827215619035],[30.323496941021233,8.363714910931535],[30.330332878521233,8.390977280723206],[30.335459831646233,8.396185614056535],[30.342295769146233,8.399847723431535],[30.348155144146233,8.404893296348206],[30.353770378521233,8.431911525514877],[30.358897331646233,8.445868231244035],[30.359873894146233,8.460231838014877],[30.350677930604576,8.479112046348206],[30.346934441021233,8.480169989056535],[30.33440188893792,8.478338934369035],[30.330332878521233,8.479112046348206],[30.329356316021233,8.483425197389877],[30.331309441021233,8.496161199994035],[30.330332878521233,8.500270900514877],[30.30119876393792,8.519639390098206],[30.296153191021233,8.524196681764877],[30.29289798268792,8.534776108848206],[30.278330925396233,8.549627996869035],[30.274994336854576,8.558620509889877],[30.278330925396233,8.571356512494035],[30.283946159771233,8.581732489056535],[30.28508548268792,8.589951890098206],[30.274994336854576,8.596462306764877],[30.274912956646233,8.593085028119035],[30.275482618104576,8.586045640098206],[30.274994336854576,8.582831121869035],[30.268809441021233,8.582831121869035],[30.26921634206292,8.594997463014877],[30.272227409771233,8.607611395306535],[30.276947461854576,8.619818426556535],[30.282481316021233,8.630560614056535],[30.301849805604576,8.655462957806535],[30.309580925396233,8.670233465619035],[30.309174024354576,8.685166733848206],[30.303314649354576,8.693060614056535],[30.296478711854576,8.695583400514877],[30.289154493104576,8.696234442181535],[30.282481316021233,8.698838608848206],[30.242686394146233,8.735907293744035],[30.23430423268792,8.746771551556535],[30.227142774354576,8.760321356244035],[30.239756706646233,8.770046291139877],[30.24992923268792,8.781073309369035],[30.253998243104576,8.793809311973206],[30.24822024831292,8.808701890098206],[30.240814649354576,8.801865952598206],[30.235362175396233,8.818141994264877],[30.23674563893792,8.852809963014877],[30.234629753521233,8.870184637494035],[30.230235222271233,8.878485418744035],[30.218272331646233,8.890163478639877],[30.213633659771233,8.898138739056535],[30.212494336854576,8.904242254681535],[30.213633659771233,8.917995509889877],[30.213633659771233,8.925401108848206],[30.20989017018792,8.940985418744035],[30.198252800396233,8.961371160931535],[30.193125847271233,8.973211981244035],[30.191009961854576,8.990342515098206],[30.19377688893792,9.006537176556535],[30.199473503521233,9.019842840619035],[30.20671634206292,9.028428452598206],[30.212901237896233,9.031032619264877],[30.22942142018792,9.033636785931535],[30.234629753521233,9.035264390098206],[30.25237063893792,9.053534246869035],[30.254486524354576,9.055202541139877],[30.256114128521233,9.060736395306535],[30.258799675396233,9.077337957806535],[30.261322461854576,9.083075262494035],[30.266856316021233,9.086778061973206],[30.281016472271233,9.091416733848206],[30.288666211854576,9.096136785931535],[30.29973392018792,9.107936916139877],[30.303802930604576,9.118475653119035],[30.309174024354576,9.151393947389877],[30.31877688893792,9.169623114056535],[30.332286003521233,9.179510809369035],[30.346690300396233,9.187445379681535],[30.358164909771233,9.199774481244035],[30.351166211854576,9.207098699994035],[30.353607618104576,9.212754624473206],[30.359873894146233,9.218573309369035],[30.364349805604576,9.226426499473206],[30.364349805604576,9.291612046348206],[30.362071159771233,9.306463934369035],[30.35588626393792,9.311835028119035],[30.34709720143792,9.314886785931535],[30.337006055604576,9.322617905723206],[30.324717644146233,9.347723699994035],[30.335948112896233,9.357530015098206],[30.354502800396233,9.364528713014877],[30.364349805604576,9.380967515098206],[30.369395378521233,9.403509832806535],[30.38078860768792,9.417100327598206],[30.394134961854576,9.427272853639877],[30.404795769146233,9.439317124473206],[30.41594485768792,9.471706447389877],[30.42473392018792,9.482855535931535],[30.442881706646233,9.487127996869035],[30.45671634206292,9.492132879681535],[30.468028191021233,9.503851629681535],[30.47795657643792,9.517442124473206],[30.487884961854576,9.528102931764877],[30.50481204518792,9.536240952598206],[30.523203972271233,9.540065822389877],[30.645599805604576,9.534979559369035],[30.77336673268792,9.504828192181535],[30.816172722271233,9.500189520306535],[30.895762566021233,9.500189520306535],[30.911143425396233,9.503444728639877],[30.923920118104576,9.509955145306535],[30.938487175396233,9.515204168744035],[30.959727409771233,9.514471746869035],[31.003998243104576,9.499375718223206],[31.124766472271233,9.432481186973206]]}},{"type":"Feature","properties":{"name":"White Nile","orig":"El Bahr el Abyad","branch":"white"},"geometry":{"type":"LineString","coordinates":[[31.124766472271233,9.432481186973206],[31.282969597271233,9.391546942181535],[31.327891472271233,9.386419989056535],[31.349131706646233,9.379950262494035],[31.358164909771233,9.367377020306535],[31.36614017018792,9.359483140098206],[31.384369336854576,9.351629949994035],[31.404877149354576,9.345526434369035],[31.419525586854576,9.343125718223206],[31.463959180604576,9.348944403119035],[31.50969485768792,9.364447332806535],[31.551361524354576,9.386501369264877],[31.583994987896233,9.412054754681535],[31.612803581646233,9.448309637494035],[31.626231316021233,9.471258856244035],[31.631846550396233,9.490545965619035],[31.63493899831292,9.495794989056535],[31.64909915456292,9.508978582806535],[31.652354362896233,9.517889715619035],[31.649424675396233,9.527207749473206],[31.635752800396233,9.543727931764877],[31.631846550396233,9.555446681764877],[31.635834180604576,9.575018621869035],[31.660166862896233,9.599147853639877],[31.669037305604576,9.620062567181535],[31.676849805604576,9.623155015098206],[31.697276237896233,9.624335028119035],[31.704844597271233,9.629095770306535],[31.72063235768792,9.658474025514877],[31.73967532643792,9.670274155723206],[31.760508659771233,9.676377671348206],[31.806895378521233,9.678981838014877],[31.828135612896233,9.684271551556535],[31.920502149354576,9.751491603639877],[31.939952019146233,9.758368231244035],[31.964610222271233,9.760850327598206],[31.975677930604576,9.767523504681535],[31.986338737896233,9.783148504681535],[32.00245201914623,9.816107489056535],[32.02540123789623,9.845648504681535],[32.09221438893792,9.889105535931535],[32.12525475352123,9.919134832806535],[32.15528405039623,9.957464910931535],[32.16838626393792,9.979030666139877],[32.17652428477123,10.007635809369035],[32.18352298268792,10.015244858848206],[32.19336998789623,10.019964910931535],[32.20411217539623,10.021551824994035],[32.21216881602123,10.025336004681535],[32.218353711854576,10.034531968223206],[32.23853600352123,10.089300848431535],[32.24659264414623,10.104112046348206],[32.25904381602123,10.110296942181535],[32.266205274354576,10.119818426556535],[32.280365430604576,10.167059637494035],[32.28296959727123,10.185410874473206],[32.27857506602123,10.203070379681535],[32.259857618104576,10.231716213014877],[32.25342858164623,10.249863999473206],[32.24415123789623,10.268377996869035],[32.24195397227123,10.278835353639877],[32.24317467539623,10.289740301556535],[32.24797610768792,10.311061916139877],[32.248138868104576,10.323187567181535],[32.24586022227123,10.334499416139877],[32.23503665456292,10.364203192181535],[32.23340905039623,10.376532293744035],[32.23503665456292,10.408555405723206],[32.231537305604576,10.429632879681535],[32.22087649831292,10.440863348431535],[32.203705274354576,10.445339259889877],[32.13331139414623,10.444769598431535],[32.10865319102123,10.451442775514877],[32.09807376393792,10.470322983848206],[32.100677930604576,10.511419989056535],[32.10499108164623,10.529893296348206],[32.11174563893792,10.549139715619035],[32.135834180604576,10.584784246869035],[32.24195397227123,10.680121160931535],[32.30079186289623,10.749090887494035],[32.33643639414623,10.779608465619035],[32.37232506602123,10.796210028119035],[32.38225345143792,10.796494858848206],[32.40381920664623,10.794501043744035],[32.41325931081292,10.796210028119035],[32.42530358164623,10.804551499473206],[32.49073326914623,10.892401434369035],[32.50538170664623,10.918972072389877],[32.516205274354576,10.933539129681535],[32.52320397227123,10.939561265098206],[32.558685743104576,10.951483465619035],[32.57268313893792,10.967230535931535],[32.61280358164623,10.986639715619035],[32.62549889414623,10.994818426556535],[32.64690188893792,11.034002996869035],[32.65276126393792,11.071356512494035],[32.652924024354576,11.244655666139877],[32.65080813893792,11.254095770306535],[32.64153079518792,11.274033921348206],[32.639252149354576,11.285589910931535],[32.64087975352123,11.309108791139877],[32.64551842539623,11.330633856244035],[32.67628014414623,11.395860093223206],[32.680756055604576,11.416286525514877],[32.68702233164623,11.501898504681535],[32.70704186289623,11.574896551556535],[32.72234134206292,11.608913478639877],[32.74162845143792,11.638495184369035],[32.76124108164623,11.678819077598206],[32.76856530039623,11.728379624473206],[32.76587975352123,11.779405015098206],[32.75538170664623,11.824042059369035],[32.72437584727123,11.908718166139877],[32.72217858164623,11.957627671348206],[32.749115430604576,11.995306707806535],[32.746674024354576,12.028021551556535],[32.72852623789623,12.104559637494035],[32.730072461854576,12.202256577598206],[32.72120201914623,12.221258856244035],[32.72307376393792,12.254909572389877],[32.72925865977123,12.292181707806535],[32.74097740977123,12.327419338014877],[32.76750735768792,12.367987371869035],[32.77287845143792,12.385321356244035],[32.77873782643792,12.440456447389877],[32.79688561289623,12.495632228639877],[32.80364017018792,12.566961981244035],[32.75538170664623,12.769964910931535],[32.75489342539623,12.787949936973206],[32.75904381602123,12.801621811973206],[32.76490319102123,12.814805405723206],[32.76954186289623,12.831406968223206],[32.76978600352123,12.850287176556535],[32.76587975352123,12.870225327598206],[32.75220787852123,12.906805731244035],[32.75562584727123,12.930934963014877],[32.79786217539623,12.991522528119035],[32.81055748789623,13.016384181764877],[32.81006920664623,13.036729233848206],[32.80274498789623,13.049017645306535],[32.79240970143792,13.058620509889877],[32.78321373789623,13.070990301556535],[32.77442467539623,13.122422593223206],[32.766205274354576,13.136175848431535],[32.760345899354576,13.143622137494035],[32.753509961854576,13.159857489056535],[32.74854576914623,13.167181707806535],[32.74073326914623,13.171820379681535],[32.72502688893792,13.173407293744035],[32.71802819102123,13.177110093223206],[32.66651451914623,13.215033270306535],[32.62867272227123,13.249579168744035],[32.61939537852123,13.262233791139877],[32.61329186289623,13.278102931764877],[32.60499108164623,13.313259181764877],[32.57658938893792,13.357041733848206],[32.57081139414623,13.393622137494035],[32.577728711854576,13.468288478639877],[32.58733157643792,13.502508856244035],[32.61402428477123,13.569525457806535],[32.61939537852123,13.605414129681535],[32.61255944102123,13.626410223431535],[32.59660892018792,13.630479233848206],[32.577240430604576,13.629828192181535],[32.560638868104576,13.636501369264877],[32.55030358164623,13.644883530723206],[32.52222740977123,13.662624416139877],[32.50953209727123,13.673692124473206],[32.48186282643792,13.709580796348206],[32.47535240977123,13.722113348431535],[32.47266686289623,13.740057684369035],[32.47437584727123,13.782294012494035],[32.47169030039623,13.794053452598206],[32.38428795664623,13.860622463014877],[32.358002149354576,13.887233791139877],[32.34026126393792,13.916367905723206],[32.33000735768792,13.947577215619035],[32.32512454518792,13.980902410931535],[32.32398522227123,14.016628322389877],[32.32129967539623,14.029893296348206],[32.30713951914623,14.064276434369035],[32.29224694102123,14.088324285931535],[32.282806836854576,14.124823309369035],[32.27613365977123,14.140448309369035],[32.23406009206292,14.192002671348206],[32.21558678477123,14.221380926556535],[32.20061282643792,14.283880926556535],[32.16773522227123,14.347031968223206],[32.15943444102123,14.379421291139877],[32.16236412852123,14.409043686973206],[32.18401126393792,14.475165106244035],[32.19703209727123,14.503526108848206],[32.20191490977123,14.531520900514877],[32.18506920664623,14.590358791139877],[32.17986087331292,14.619655666139877],[32.18401126393792,14.650702215619035],[32.19426517018792,14.687811590619035],[32.20850670664623,14.722683009889877],[32.22461998789623,14.746852931764877],[32.30469811289623,14.820868231244035],[32.32398522227123,14.852362371869035],[32.33643639414623,14.885931707806535],[32.34449303477123,14.900173244264877],[32.358002149354576,14.913845119264877],[32.41081790456292,14.946356512494035],[32.42359459727123,14.962225653119035],[32.42815188893792,14.987901108848206],[32.41985110768792,15.050563869264877],[32.42017662852123,15.078924871869035],[32.43669681081292,15.145453192181535],[32.47510826914623,15.241807358848206],[32.48340905039623,15.274684963014877],[32.48902428477123,15.346136785931535],[32.482513868104576,15.381862697389863],[32.45411217539623,15.443548895306535],[32.44752037852123,15.476141668744035],[32.45256595143792,15.508327541139863],[32.476166211854576,15.571356512494035],[32.48479251393792,15.623358465619035],[32.49016360768792,15.634548244264863]]}},{"type":"Feature","properties":{"name":"Atbara","orig":"Atbara","branch":"atbara"},"geometry":{"type":"LineString","coordinates":[[35.90154056081292,14.935573634889877],[35.895111524354576,14.882269598431535],[35.896088086854576,14.861151434369035],[35.90284264414623,14.840033270306535],[35.92408287852123,14.821844793744035],[35.93547610768792,14.803574936973206],[35.93238365977123,14.782741603639877],[35.92774498789623,14.763291733848206],[35.92628014414623,14.746283270306535],[35.921966993104576,14.724961655723206],[35.90088951914623,14.682806707806535],[35.89136803477123,14.659776108848206],[35.89543704518792,14.619655666139877]]}},{"type":"Feature","properties":{"name":"Atbara","orig":"Atbara","branch":"atbara"},"geometry":{"type":"MultiLineString","coordinates":[[[35.58570397227123,16.003729559369035],[35.58716881602123,15.986924546348206],[35.59587649831292,15.976752020306535],[35.60661868581292,15.968125718223206],[35.61353600352123,15.955918686973206],[35.61223392018792,15.948187567181535],[35.602142774354576,15.929022528119035],[35.599213086854576,15.921210028119035],[35.599701368104576,15.911444403119035],[35.60523522227123,15.894395249473206],[35.60661868581292,15.884304103639863],[35.59986412852123,15.871405340619035],[35.587006055604576,15.865342515098206],[35.57960045664623,15.858465887494035],[35.58936608164623,15.842962957806535],[35.59514407643792,15.830023504681535],[35.623138868104576,15.703680731244035],[35.626068555604576,15.666205145306535],[35.61670983164623,15.637518621869035],[35.62183678477123,15.619655666139863],[35.67505944102123,15.531358140098206],[35.70728600352123,15.501532293744035],[35.715912305604576,15.490423895306535],[35.709076368104576,15.469671942181535],[35.71045983164623,15.463080145306535],[35.71412194102123,15.461004949994035],[35.71876061289623,15.459743556764863],[35.72339928477123,15.455674546348206],[35.72828209727123,15.449245509889863],[35.74699954518792,15.432074285931535],[35.76368248789623,15.405951239056535],[35.76246178477123,15.347479559369035],[35.771088086854576,15.319159246869035],[35.78296959727123,15.305528061973206],[35.80803470143792,15.284206447389877],[35.818939649354576,15.270697332806535],[35.82585696706292,15.256537176556535],[35.84351647227123,15.208685614056535],[35.85303795664623,15.200384832806535],[35.86809329518792,15.192979233848206],[35.88184655039623,15.184108791139877],[35.893158399354576,15.156439520306535],[35.90626061289623,15.146063543744035],[35.921966993104576,15.137315171348206],[35.935638868104576,15.127305405723206],[35.95647220143792,15.099717515098206],[35.96583092539623,15.082546291139877],[35.97405032643792,15.052435614056535],[35.99219811289623,15.018622137494035],[35.99651126393792,15.003241278119035],[35.98406009206292,14.969346421348206],[35.920502149354576,14.964422918744035],[35.90154056081292,14.935573634889877]],[[35.58342532643792,16.000026759889863],[35.56926517018792,16.023057358848206],[35.51563561289623,16.078640041139863],[35.50586998789623,16.095160223431535],[35.46436608164623,16.208441473431535],[35.45069420664623,16.230536199994035],[35.426361524354576,16.246527410931535],[35.39966881602123,16.258124090619035],[35.38030032643792,16.270290431764863],[35.364349805604576,16.287420965619035],[35.27531985768792,16.416693426556535],[35.26490319102123,16.450628973431535],[35.26710045664623,16.471543686973206],[35.27149498789623,16.490668035931535],[35.27295983164623,16.509955145306535],[35.266205274354576,16.531195379681535],[35.24683678477123,16.558783270306535],[35.19914798268792,16.611599025514863],[35.16187584727123,16.673122463014863],[35.14380944102123,16.695257879681535],[35.09766686289623,16.738470770306535],[35.07007897227123,16.772487697389863],[35.00530032643792,16.882839259889863],[34.97193444102123,16.916612046348206],[34.95989017018792,16.934271551556535],[34.95435631602123,16.959662176556535],[34.957611524354576,17.005723374473206],[34.95460045664623,17.026678778119035],[34.94068444102123,17.048285223431535],[34.920990430604576,17.062770900514863],[34.89991295664623,17.069281317181535],[34.85523522227123,17.075954494264863],[34.835052930604576,17.082790431764863],[34.77808678477123,17.113308009889863],[34.73292076914623,17.146185614056535],[34.65471438893792,17.227728582806535],[34.60686282643792,17.253851629681535],[34.58741295664623,17.256944077598206],[34.54664147227123,17.257635809369035],[34.52678470143792,17.260768947389863],[34.247162305604576,17.408758856244035],[34.215912305604576,17.436061916139863],[34.20142662852123,17.467840887494035],[34.20728600352123,17.517401434369035],[34.203705274354576,17.533270574994035],[34.18702233164623,17.563421942181535],[34.16838626393792,17.585516668744035],[34.14592532643792,17.600612697389863],[34.08326256602123,17.623968817181535],[34.01612389414623,17.662176824994035],[33.98479251393792,17.665961004681535]]]}},{"type":"Feature","properties":{"name":"White Nile (Bahr el Zeraf)","orig":"Bahr el  Zeraf","branch":"white"},"geometry":{"type":"LineString","coordinates":[[30.535736524354576,7.767197983848206],[30.560150586854576,7.770046291139877],[30.571543816021233,7.815049546348206],[30.576670769146233,7.903753973431535],[30.589121941021233,7.962103582806535],[30.590342644146233,7.983221746869035],[30.59367923268792,7.999457098431535],[30.610443555604576,8.025458074994035],[30.617686394146233,8.041571356244035],[30.62541751393792,8.080349025514877],[30.632090691021233,8.100449936973206],[30.641856316021233,8.109198309369035],[30.64909915456292,8.118516343223206],[30.644786003521233,8.263210353639877],[30.657969597271233,8.343207098431535],[30.66081790456292,8.348008530723206],[30.66570071706292,8.353135483848206],[30.67033938893792,8.359727280723206],[30.67229251393792,8.369248765098206],[30.669932487896233,8.380479233848206],[30.660166862896233,8.399033921348206],[30.657969597271233,8.407782293744035],[30.655039909771233,8.431016343223206],[30.641856316021233,8.473456121869035],[30.638194206646233,8.493434963014877],[30.65227298268792,8.537217515098206],[30.689463737896233,8.557074285931535],[30.731944206646233,8.567328192181535],[30.761729362896233,8.582831121869035],[30.76848392018792,8.599310614056535],[30.775889519146233,8.638495184369035],[30.790537956646233,8.663194077598206],[30.79436282643792,8.686102606244035],[30.799408399354576,8.695746160931535],[30.81169681081292,8.712754624473206],[30.823741081646233,8.733669338014877],[30.82903079518792,8.750799871869035],[30.83537845143792,8.798773504681535],[30.83391360768792,8.808701890098206],[30.850840691021233,8.816229559369035],[30.85051517018792,8.833278713014877],[30.837412956646233,8.863348699994035],[30.839447461854576,8.868109442181535],[30.844330274354576,8.876166082806535],[30.849213086854576,8.886542059369035],[30.851084831646233,8.898138739056535],[30.84905032643792,8.907782293744035],[30.844737175396233,8.918809311973206],[30.839366081646233,8.927842515098206],[30.83391360768792,8.931667384889877],[30.821787956646233,8.936550197389877],[30.80754642018792,8.948675848431535],[30.795176628521233,8.964422918744035],[30.789561394146233,8.980047918744035],[30.791026237896233,8.987982489056535],[30.808360222271233,9.042263088014877],[30.812103711854576,9.049750067181535],[30.819916211854576,9.058539129681535],[30.826752149354576,9.059637762494035],[30.837901237896233,9.058783270306535],[30.85051517018792,9.059637762494035],[30.861338737896233,9.065700588014877],[30.864024284771233,9.069769598431535],[30.870209180604576,9.082058009889877],[30.871592644146233,9.086493231244035],[30.874278191021233,9.090033270306535],[30.887299024354576,9.093817449994035],[30.89201907643792,9.096136785931535],[30.898041211854576,9.114325262494035],[30.895762566021233,9.168402410931535],[30.90617923268792,9.176092840619035],[30.926280144146233,9.187282619264877],[30.936615430604576,9.196356512494035],[30.94377688893792,9.206122137494035],[30.953135612896233,9.224920965619035],[30.959727409771233,9.233262436973206],[30.96526126393792,9.236924546348206],[31.002940300396233,9.256211655723206],[31.018321159771233,9.271104233848206],[31.02531985768792,9.275824285931535],[31.052744987896233,9.288519598431535],[31.055756055604576,9.292425848431535],[31.069590691021233,9.315863348431535],[31.083262566021233,9.326931056764877],[31.094818555604576,9.333604233848206],[31.104258659771233,9.343369858848206],[31.111094597271233,9.363592840619035],[31.11369876393792,9.406195379681535],[31.120127800396233,9.419623114056535],[31.13908938893792,9.425726629681535]]}},{"type":"Feature","properties":{"name":"Nile","orig":"Nile","branch":"main"},"geometry":{"type":"LineString","coordinates":[[32.87940514414623,23.987656968223206],[32.87785892018792,23.976833400514863],[32.87623131602123,23.954779364056535],[32.87232506602123,23.930731512494035],[32.86329186289623,23.893825588014863],[32.871185743104576,23.867865301556535],[32.88843834727123,23.839178778119035],[32.900970899354576,23.809515692181535],[32.918549024354576,23.785183009889863],[32.91846764414623,23.748724676556535],[32.889740430604576,23.661810614056535],[32.87297610768792,23.631699936973206],[32.86622155039623,23.599717515098206],[32.86085045664623,23.557196356244035],[32.85637454518792,23.538926499473206],[32.86565188893792,23.526475327598206],[32.88233483164623,23.510362046348206],[32.89405358164623,23.491766668744035],[32.900970899354576,23.454535223431535],[32.89869225352123,23.425808009889863],[32.91211998789623,23.396185614056535],[32.93873131602123,23.362494207806535],[32.94573001393792,23.335313218223206],[32.94280032643792,23.306748765098206],[32.92961673268792,23.289374090619035],[32.88111412852123,23.250921942181535],[32.86646569102123,23.225612697389863],[32.841400586854576,23.205023504681535],[32.800873243104576,23.196600653119035],[32.78174889414623,23.164007879681535],[32.75294030039623,23.109686590619035],[32.722259961854576,23.079616603639863],[32.705170118104576,23.055528061973206],[32.68336022227123,22.994574285931535],[32.667572461854576,22.971625067181535],[32.64771569102123,22.949082749473206],[32.63404381602123,22.936835028119035],[32.62208092539623,22.931260483848206],[32.608002149354576,22.921942449994035],[32.59229576914623,22.910264390098206],[32.58204186289623,22.888454494264863],[32.58497155039623,22.856024481244035],[32.58326256602123,22.822617905723206],[32.57756595143792,22.794378973431535],[32.57081139414623,22.771755275514863],[32.55591881602123,22.760443426556535],[32.52979576914623,22.751898504681535],[32.50294030039623,22.737412827598206],[32.47901451914623,22.722031968223206],[32.454193555604576,22.708563543744035],[32.43799889414623,22.696071681764863],[32.42115319102123,22.672308660931535],[32.40324954518792,22.643866278119035],[32.39421634206292,22.626532293744035],[32.37346438893792,22.620306707806535],[32.340424024354576,22.619696356244035],[32.31128990977123,22.626532293744035],[32.29151451914623,22.634100653119035],[32.27540123789623,22.653835353639863],[32.27344811289623,22.682684637494035],[32.253021680604576,22.709662176556535],[32.21656334727123,22.738063869264863],[32.184662305604576,22.750677801556535],[32.135345899354576,22.745469468223206],[32.10279381602123,22.735703843223206],[32.07447350352123,22.725856838014863],[32.03215579518792,22.704697983848206],[31.99406985768792,22.681911525514863],[31.934092644146233,22.627142645306535],[31.914154493104576,22.601670640098206],[31.896250847271233,22.572943426556535],[31.883067253521233,22.539618231244035],[31.877940300396233,22.500189520306535],[31.86076907643792,22.473822332806535],[31.82756595143792,22.454291082806535],[31.784922722271233,22.440252996869035],[31.757334831646233,22.428534246869035],[31.724131706646233,22.401800848431535],[31.602305534771233,22.312567449994035],[31.530772331646233,22.241034246869035],[31.487071159771233,22.203192449994035],[31.44133548268792,22.168565171348206],[31.41887454518792,22.149766343223206],[31.394623243104576,22.113552150514863],[31.37541751393792,22.075303452598206],[31.363291862896233,22.021063543744035],[31.353037956646233,21.957383530723206],[31.343353711854576,21.923122463014863],[31.316986524354576,21.880438543744035],[31.295420769146233,21.849880275514863],[31.247325066021233,21.820868231244035],[31.222666862896233,21.797308660931535],[31.20085696706292,21.766669012494035],[31.19402102956292,21.750067449994035],[31.191498243104576,21.722276108848206],[31.184174024354576,21.695502020306535],[31.176361524354576,21.672796942181535],[31.159434441021233,21.655707098431535],[31.13127688893792,21.647528387494035],[31.109629753521233,21.634629624473206],[31.097911003521233,21.617743231244035],[31.090586784771233,21.609198309369035]]}},{"type":"Feature","properties":{"name":"Nile","orig":"Nile","branch":"main"},"geometry":{"type":"MultiLineString","coordinates":[[[32.87940514414623,23.987656968223206],[32.88005618581292,24.008246160931535],[32.872650586854576,24.073309637494035],[32.87549889414623,24.090155340619035],[32.88624108164623,24.126247463014863],[32.88567142018792,24.144720770306535],[32.872650586854576,24.186306056764863],[32.87053470143792,24.199042059369035],[32.872650586854576,24.230983791139863],[32.87737063893792,24.245184637494035],[32.899506055604576,24.283474025514863],[32.90674889414623,24.303005275514863],[32.90870201914623,24.323675848431535],[32.90723717539623,24.410467840619035],[32.91016686289623,24.419501043744035],[32.91700280039623,24.428981838014863],[32.92424563893792,24.442002671348206],[32.918549024354576,24.448024806764863],[32.89934329518792,24.453192449994035],[32.87785892018792,24.489854233848206],[32.88323001393792,24.529852606244035],[32.92042076914623,24.610866603639863],[32.93010501393792,24.648952541139863],[32.93401126393792,24.688584702598206],[32.92725670664623,24.769110418744035],[32.914154493104576,24.809271551556535],[32.877533399354576,24.872870184369035],[32.86524498789623,24.905056056764863],[32.864838086854576,24.927557684369035],[32.88135826914623,24.956854559369035],[32.88567142018792,24.977647202598206],[32.88209069102123,25.014960028119035],[32.872650586854576,25.050319728639863],[32.85718834727123,25.082627671348206],[32.83619225352123,25.104925848431535],[32.74122155039623,25.154160874473206],[32.68645267018792,25.195339259889863],[32.61622155039623,25.231553452598206],[32.58342532643792,25.253444728639863],[32.55958092539623,25.283148504681535],[32.55054772227123,25.324042059369035],[32.55738365977123,25.402207749473206],[32.55372155039623,25.424139715619035],[32.544525586854576,25.440863348431535],[32.52320397227123,25.467352606244035],[32.49781334727123,25.508653061973206],[32.48283938893792,25.549831447389863],[32.487884961854576,25.585964259889863],[32.52320397227123,25.612005926556535],[32.57154381602123,25.624375718223206],[32.59546959727123,25.636419989056535],[32.66602623789623,25.758124090619035],[32.68213951914623,25.775417384889863],[32.70411217539623,25.782741603639863],[32.72706139414623,25.783880926556535],[32.74878990977123,25.789333400514863],[32.76441490977123,25.801703192181535],[32.76954186289623,25.823675848431535],[32.76246178477123,25.839178778119035],[32.73479251393792,25.865668035931535],[32.72852623789623,25.882025457806535],[32.73161868581292,25.906317449994035],[32.73975670664623,25.920843817181535],[32.762787305604576,25.947129624473206],[32.78052819102123,25.982733465619035],[32.78581790456292,26.00661855676487],[32.77979576914623,26.0259870463482],[32.77051842539623,26.0450300150982],[32.76807701914623,26.090887762494035],[32.762787305604576,26.111639715619035],[32.75066165456292,26.125067449994035],[32.73161868581292,26.1385358744732],[32.71168053477123,26.1490339213482],[32.67815188893792,26.1597761088482],[32.66456139414623,26.172308660931535],[32.64909915456292,26.180487371869035],[32.62549889414623,26.1736921244732],[32.61719811289623,26.1653913432232],[32.61304772227123,26.155462957806535],[32.61028079518792,26.146063543744035],[32.60572350352123,26.139593817181535],[32.59644615977123,26.1373151713482],[32.56975345143792,26.133856512494035],[32.564056836854576,26.128729559369035],[32.55225670664623,26.12112050988987],[32.45215905039623,26.1170514994732],[32.43409264414623,26.111639715619035],[32.41692142018792,26.100165106244035],[32.39592532643792,26.080633856244035],[32.374603711854576,26.068304754681535],[32.358978711854576,26.073919989056535],[32.34376061289623,26.083807684369035],[32.32398522227123,26.0843366557232],[32.307220899354576,26.07058340051487],[32.30071048268792,26.0523542338482],[32.291107618104576,26.0364850932232],[32.26587975352123,26.029730535931535],[32.248138868104576,26.03567129113987],[32.241791211854576,26.050604559369035],[32.23975670664623,26.070502020306535],[32.23503665456292,26.0911725932232],[32.22706139414623,26.102362371869035],[32.21265709727123,26.115912176556535],[32.19670657643792,26.1273054057232],[32.183685743104576,26.132147528119035],[32.16570071706292,26.142645574994035],[32.13209069102123,26.2078718119732],[32.11711673268792,26.218329168744035],[32.10132897227123,26.222113348431535],[32.06047610768792,26.221502996869035],[32.05705813893792,26.20949941613987],[32.05298912852123,26.1858991557232],[32.04151451914623,26.16994863488987],[32.01612389414623,26.1805280619732],[32.00920657643792,26.197699285931535],[32.01807701914623,26.24050527551487],[32.01270592539623,26.258734442181535],[31.963877800396233,26.306219793744035],[31.892670118104576,26.3506940775982],[31.885752800396233,26.36184316613987],[31.877452019146233,26.381048895306535],[31.858409050396233,26.39480215051487],[31.83781985768792,26.404852606244035],[31.824229362896233,26.41335683801487],[31.811127149354576,26.45119863488987],[31.808360222271233,26.541327215619035],[31.790131055604576,26.564154364056535],[31.77580813893792,26.566717840619035],[31.768321159771233,26.564642645306535],[31.748545769146233,26.550482489056535],[31.735443555604576,26.54494863488987],[31.725189649354576,26.543036199994035],[31.703868034771233,26.543646551556535],[31.698252800396233,26.555975653119035],[31.714366081646233,26.6255964213482],[31.702647331646233,26.641180731244035],[31.682627800396233,26.641180731244035],[31.660655144146233,26.63772207238987],[31.64250735768792,26.642645574994035],[31.63567142018792,26.6497663432232],[31.63249759206292,26.6563581400982],[31.631846550396233,26.664618231244035],[31.631846550396233,26.6771100932232],[31.62834720143792,26.690741278119035],[31.619395378521233,26.699896551556535],[31.59709720143792,26.7149518900982],[31.545176628521233,26.76882558801487],[31.52336673268792,26.799383856244035],[31.508311394146233,26.83108144738987],[31.49162845143792,26.88698965051487],[31.481537305604576,26.906805731244035],[31.467865430604576,26.925238348431535],[31.381602409771233,26.991888739056535],[31.352793816021233,27.023749090619035],[31.30364017018792,27.098578192181535],[31.297373894146233,27.1375593119732],[31.279795769146233,27.157904364056535],[31.252533399354576,27.165594793744035],[31.217295769146233,27.166815496869035],[31.198496941021233,27.174383856244035],[31.187754753521233,27.1910261088482],[31.181244336854576,27.207709051556535],[31.176280144146233,27.215277410931535],[31.169444206646233,27.216864324994035],[31.163828972271233,27.2191022807232],[31.157318555604576,27.218573309369035],[31.141693555604576,27.20656972863987],[31.133067253521233,27.203558660931535],[31.123545769146233,27.2020124369732],[31.114512566021233,27.201605535931535],[31.112803581646233,27.211493231244035],[31.113047722271233,27.25686269738987],[31.111094597271233,27.2698835307232],[31.096934441021233,27.276312567181535],[31.054209831646233,27.2791608744732],[31.035411003521233,27.283514715619035],[31.022959831646233,27.293158270306535],[31.00774173268792,27.3189557963482],[30.99504642018792,27.33132558801487],[30.96623782643792,27.3467878275982],[30.963145378521233,27.355902410931535],[30.973887566021233,27.372259832806535],[30.940928581646233,27.384100653119035],[30.907318555604576,27.401068426556535],[30.878184441021233,27.4207624369732],[30.857920769146233,27.44118886926487],[30.848887566021233,27.459784246869035],[30.852305534771233,27.470770574994035],[30.86028079518792,27.481634832806535],[30.864756706646233,27.49953847863987],[30.86150149831292,27.519354559369035],[30.850189649354576,27.554388739056535],[30.851084831646233,27.577704168744035],[30.857513868104576,27.597113348431535],[30.87541751393792,27.631903387494035],[30.878916862896233,27.6500104838482],[30.88225345143792,27.65530019738987],[30.889170769146233,27.661078192181535],[30.896250847271233,27.66823965051487],[30.899424675396233,27.677679754681535],[30.897552930604576,27.687567449994035],[30.888682487896233,27.710760809369035],[30.885752800396233,27.722357489056535],[30.885752800396233,27.8011335307232],[30.881439649354576,27.806341864056535],[30.86223392018792,27.8155378275982],[30.857920769146233,27.821356512494035],[30.85637454518792,27.829901434369035],[30.848236524354576,27.84328847863987],[30.844248894146233,27.85207754113987],[30.841563347271233,27.8704694682232],[30.844248894146233,27.886908270306535],[30.848643425396233,27.902167059369035],[30.851084831646233,27.91726308801487],[30.849131706646233,27.97390371301487],[30.842377149354576,28.006537176556535],[30.840424024354576,28.027777410931535],[30.837412956646233,28.037665106244035],[30.832611524354576,28.0435651713482],[30.81902102956292,28.056708074994035],[30.816172722271233,28.061590887494035],[30.808848503521233,28.0713972025982],[30.761729362896233,28.105902410931535],[30.75285892018792,28.118963934369035],[30.746348503521233,28.133246160931535],[30.742442253521233,28.150213934369035],[30.741221550396233,28.17116933801487],[30.74211673268792,28.179388739056535],[30.744232618104576,28.18947988488987],[30.747650586854576,28.197943426556535],[30.756439649354576,28.20754629113987],[30.752452019146233,28.2210554057232],[30.741221550396233,28.243109442181535],[30.737884961854576,28.262152410931535],[30.741221550396233,28.32229238488987],[30.74333743581292,28.327215887494035],[30.748057487896233,28.3318952494732],[30.752696159771233,28.338568426556535],[30.756358269146233,28.357245184369035],[30.759857618104576,28.366156317181535],[30.76457767018792,28.37429433801487],[30.769053581646233,28.380316473431535],[30.816905144146233,28.41530996301487],[30.823741081646233,28.424994207806535],[30.825775586854576,28.43044668176487],[30.835215691021233,28.44778066613987],[30.837412956646233,28.458807684369035],[30.836192253521233,28.4710554057232],[30.83293704518792,28.4771589213482],[30.82829837331292,28.4817975932232],[30.823741081646233,28.48952871301487],[30.819834831646233,28.507635809369035],[30.822764519146233,28.52322011926487],[30.827728711854576,28.538153387494035],[30.83049563893792,28.55471425988987],[30.831065300396233,28.564032293744035],[30.832611524354576,28.573065496869035],[30.835703972271233,28.58156972863987],[30.840830925396233,28.58889394738987],[30.844493034771233,28.597601629681535],[30.842051628521233,28.606024481244035],[30.837982618104576,28.615301824994035],[30.837412956646233,28.62673574426487],[30.844493034771233,28.641424871869035],[30.855967644146233,28.654242254681535],[30.866709831646233,28.669623114056535],[30.873627149354576,28.7081159525982],[30.879649284771233,28.7193464213482],[30.899424675396233,28.74343496301487],[30.907318555604576,28.759955145306535],[30.908946159771233,28.776190496869035],[30.906260612896233,28.8150495463482],[30.91008548268792,28.829657293744035],[30.919200066021233,28.846380926556535],[30.939707878521233,28.873724676556535],[31.010508659771233,28.941961981244035],[31.02922610768792,28.969305731244035],[31.042735222271233,29.00832754113987],[31.052989128521233,29.028753973431535],[31.066416862896233,29.03762441613987],[31.077647331646233,29.042059637494035],[31.117930534771233,29.072333074994035],[31.148529493104576,29.11281972863987],[31.159434441021233,29.123114324994035],[31.170909050396233,29.1395124369732],[31.17326907643792,29.14406972863987],[31.174815300396233,29.157294012494035],[31.178233269146233,29.1641706400982],[31.182871941021233,29.16872793176487],[31.216400586854576,29.221991278119035],[31.22087649831292,29.233099676556535],[31.212006055604576,29.348211981244035],[31.213470899354576,29.3597272807232],[31.216888868104576,29.3653425150982],[31.222259961854576,29.37112050988987],[31.226817253521233,29.379706121869035],[31.227793816021233,29.393866278119035],[31.225352409771233,29.405340887494035],[31.21574954518792,29.417425848431535],[31.213470899354576,29.4285749369732],[31.215342644146233,29.437079168744035],[31.22014407643792,29.44289785363987],[31.22698001393792,29.448309637494035],[31.234629753521233,29.4559186869732],[31.244151237896233,29.47317129113987],[31.261810743104576,29.531683660931535],[31.267832878521233,29.5379499369732],[31.274668816021233,29.541693426556535],[31.280284050396233,29.547186590619035],[31.282969597271233,29.5589460307232],[31.271250847271233,29.587713934369035],[31.268646680604576,29.599920965619035],[31.27043704518792,29.625189520306535],[31.27727298268792,29.64455800988987],[31.28850345143792,29.65871816613987],[31.30364017018792,29.6688093119732],[31.280365430604576,29.69655996301487],[31.271983269146233,29.712591864056535],[31.268646680604576,29.73342519738987],[31.272471550396233,29.75417715051487],[31.290131055604576,29.784369207806535],[31.29680423268792,29.805365301556535],[31.296478711854576,29.843329168744035],[31.288666211854576,29.884955145306535],[31.275970899354576,29.922674871869035],[31.261810743104576,29.948797918744035],[31.236338737896233,29.974432684369035],[31.225352409771233,29.9893659525982],[31.22087649831292,30.007757879681535],[31.237396680604576,30.1146100932232],[31.236908399354576,30.123846746869035]],[[33.69304446706292,18.488999741660706],[33.68506920664623,18.500921942181535],[33.68384850352123,18.521755275514863],[33.70142662852123,18.594265041139863],[33.69996178477123,18.653387762494035],[33.69507897227123,18.673529364056535],[33.68824303477123,18.690985418744035],[33.67212975352123,18.715521551556535],[33.66749108164623,18.720038153119035],[33.660248243104576,18.724229233848206],[33.649994336854576,18.725531317181535],[33.63664798268792,18.725409246869035],[33.62492923268792,18.727321681764863],[33.61988365977123,18.734727280723206],[33.61500084727123,18.738145249473206],[33.58171634206292,18.738552150514863],[33.57024173268792,18.741481838014863],[33.56324303477123,18.749212957806535],[33.55958092539623,18.760036525514863],[33.55787194102123,18.772040106244035],[33.558685743104576,18.778428452598206],[33.56389407643792,18.796332098431535],[33.56470787852123,18.807399806764863],[33.56226647227123,18.817450262494035],[33.550384961854576,18.844671942181535],[33.55315188893792,18.906683660931535],[33.55787194102123,18.923447983848206],[33.57463626393792,18.953436590619035],[33.57829837331292,18.964422918744035],[33.57984459727123,18.976589259889863],[33.57715905039623,19.141424871869035],[33.561615430604576,19.178981838014863],[33.53394615977123,19.206976629681535],[33.47828209727123,19.234483140098206],[33.44280032643792,19.260687567181535],[33.42481530039623,19.269110418744035],[33.42164147227123,19.276678778119035],[33.42066490977123,19.296494858848206],[33.41838626393792,19.309434311973206],[33.41285240977123,19.318793035931535],[33.40015709727123,19.334336655723206],[33.39153079518792,19.355902410931535],[33.37964928477123,19.423163153119035],[33.35059655039623,19.443670965619035],[33.318451368104576,19.461737371869035],[33.284271680604576,19.476182358848206],[33.08497155039623,19.526800848431535],[33.057709180604576,19.529160874473206],[33.03557376393792,19.525336004681535],[33.01661217539623,19.516058660931535],[32.99927819102123,19.502264715619035],[32.99333743581292,19.494655666139863],[32.98585045664623,19.477240301556535],[32.97877037852123,19.467800197389863],[32.96965579518792,19.461249090619035],[32.962006055604576,19.460882879681535],[32.95354251393792,19.462998765098206],[32.94092858164623,19.464056707806535],[32.89869225352123,19.455511785931535],[32.86955813893792,19.436102606244035],[32.824799024354576,19.375921942181535],[32.82129967539623,19.368516343223206],[32.82007897227123,19.363145249473206],[32.81788170664623,19.358913478639863],[32.81055748789623,19.354844468223206],[32.81006920664623,19.351141668744035],[32.80713951914623,19.346055405723206],[32.79688561289623,19.334336655723206],[32.77393639414623,19.341579494264863],[32.75782311289623,19.325954494264863],[32.74504642018792,19.304307358848206],[32.720795118104576,19.285427150514863],[32.71241295664623,19.266424871869035],[32.70069420664623,19.225165106244035],[32.68311608164623,19.188910223431535],[32.65674889414623,19.165106512494035],[32.62004642018792,19.152533270306535],[32.57154381602123,19.150010483848206],[32.52540123789623,19.154364324994035],[32.50871829518792,19.147528387494035],[32.50196373789623,19.125189520306535],[32.50001061289623,19.101385809369035],[32.49439537852123,19.088649806764863],[32.47535240977123,19.066839910931535],[32.46558678477123,19.040106512494035],[32.46168053477123,19.032741603639863],[32.45191490977123,19.024115301556535],[32.42815188893792,19.010809637494035],[32.41675865977123,19.002020574994035],[32.383392774354576,18.962469793744035],[32.358002149354576,18.923447983848206],[32.35539798268792,18.913600978639863],[32.355072461854576,18.904405015098206],[32.35303795664623,18.896266994264863],[32.344330274354576,18.889349676556535],[32.334076368104576,18.887966213014863],[32.320404493104576,18.889756577598206],[32.30860436289623,18.893866278119035],[32.30347740977123,18.899237371869035],[32.294525586854576,18.913031317181535],[32.273529493104576,18.913682358848206],[32.191986524354576,18.891709702598206],[32.15943444102123,18.872259832806535],[32.09058678477123,18.820420640098206],[32.05372155039623,18.798651434369035],[32.036713086854576,18.784776108848206],[32.02971438893792,18.768906968223206],[32.03410892018792,18.748114324994035],[32.04436282643792,18.734442449994035],[32.055756055604576,18.723415431764863],[32.06389407643792,18.710557358848206],[32.06666100352123,18.661322332806535],[32.046478711854576,18.619248765098206],[32.01124108164623,18.588487046348206],[31.968272331646233,18.573431707806535],[31.955332878521233,18.572292384889863],[31.942393425396233,18.572780666139863],[31.930267774354576,18.575384832806535],[31.91985110768792,18.580877996869035],[31.887950066021233,18.571641343223206],[31.878916862896233,18.567206121869035],[31.873138868104576,18.560166733848206],[31.862396680604576,18.538926499473206],[31.819834831646233,18.486680405723206],[31.803721550396233,18.456244207806535],[31.786143425396233,18.410427150514863],[31.77824954518792,18.366156317181535],[31.766368034771233,18.350612697389863],[31.728037956646233,18.327582098431535],[31.703705274354576,18.303656317181535],[31.691661003521233,18.287949936973206],[31.686534050396233,18.276068426556535],[31.679698112896233,18.251491603639863],[31.66325931081292,18.232489324994035],[31.625010612896233,18.196641343223206],[31.585459831646233,18.135280666139863],[31.562998894146233,18.108181056764863],[31.528819206646233,18.080593166139863],[31.491709831646233,18.059515692181535],[31.450694206646233,18.044216213014863],[31.407806836854576,18.036647853639863],[31.365000847271233,18.039007879681535],[31.34221438893792,18.042751369264863],[31.325205925396233,18.042588608848206],[31.309092644146233,18.037420965619035],[31.207286003521233,17.984401759889863],[31.171885612896233,17.999335028119035],[31.153900586854576,18.003444728639863],[31.135264519146233,18.004828192181535],[31.11467532643792,18.008653061973206],[31.095713737896233,18.017889715619035],[31.06340579518792,18.039007879681535],[31.044037305604576,18.046698309369035],[31.02654056081292,18.048529364056535],[30.98406009206292,18.046454168744035],[30.961517774354576,18.053819077598206],[30.945892774354576,18.071315822389863],[30.926036003521233,18.107855535931535],[30.893077019146233,18.130397853639863],[30.80754642018792,18.144395249473206],[30.769053581646233,18.169297593223206],[30.75774173268792,18.186794338014863],[30.737803581646233,18.235134181764863],[30.734385612896233,18.254950262494035],[30.729095899354576,18.269476629681535],[30.706065300396233,18.306097723431535],[30.700205925396233,18.327582098431535],[30.701914909771233,18.348496811973206],[30.712006055604576,18.383571681764863],[30.714447461854576,18.405544338014863],[30.713145378521233,18.429307358848206],[30.70940188893792,18.449652410931535],[30.702728711854576,18.467556056764863],[30.693369987896233,18.483994858848206],[30.682383659771233,18.497137762494035],[30.624034050396233,18.546657619264863],[30.586924675396233,18.593451239056535],[30.576670769146233,18.615586655723206],[30.559174024354576,18.709173895306535],[30.535736524354576,18.752142645306535],[30.515391472271233,18.823268947389863],[30.50481204518792,18.834092515098206],[30.49162845143792,18.841823634889863],[30.485362175396233,18.860459702598206],[30.480479362896233,18.902940171348206],[30.466888868104576,18.955430405723206],[30.466807487896233,18.971258856244035],[30.48503665456292,19.029486395306535],[30.487884961854576,19.049831447389863],[30.487884961854576,19.204657293744035],[30.490977409771233,19.222113348431535],[30.48650149831292,19.236517645306535],[30.479258659771233,19.250352280723206],[30.473643425396233,19.266058660931535],[30.47307376393792,19.279852606244035],[30.47795657643792,19.323797918744035],[30.490000847271233,19.352321681764863],[30.488780144146233,19.370632228639863],[30.48332767018792,19.388861395306535],[30.477061394146233,19.402940171348206],[30.471934441021233,19.420111395306535],[30.466807487896233,19.478338934369035],[30.455577019146233,19.506659246869035],[30.439463737896233,19.532334702598206],[30.40373782643792,19.570013739056535],[30.398529493104576,19.584173895306535],[30.398529493104576,19.663356838014863],[30.395274284771233,19.681708074994035],[30.371185743104576,19.724798895306535],[30.368174675396233,19.745225327598206],[30.368907097271233,19.760036525514863],[30.36565188893792,19.772731838014863],[30.350677930604576,19.786891994264863],[30.334239128521233,19.793972072389863],[30.318858269146233,19.798163153119035],[30.307383659771233,19.806830145306535],[30.302989128521233,19.827500718223206],[30.312022331646233,19.867214259889863],[30.336029493104576,19.881699936973206],[30.368662956646233,19.886501369264863],[30.404795769146233,19.896755275514863],[30.442881706646233,19.923651434369035],[30.459971550396233,19.930853582806535],[30.480235222271233,19.934515692181535],[30.539154493104576,19.930853582806535],[30.565440300396233,19.942979233848206],[30.587168816021233,19.972438869264863],[30.60100345143792,20.008327541139863],[30.604014519146233,20.040106512494035],[30.599619987896233,20.053981838014863],[30.576670769146233,20.094753322389863],[30.56633548268792,20.132350978639863],[30.56242923268792,20.170111395306535],[30.563731316021233,20.187445379681535],[30.567474805604576,20.205389715619035],[30.587494336854576,20.258408921348206],[30.58684329518792,20.272243556764863],[30.569834831646233,20.300808009889863],[30.547373894146233,20.330918686973206],[30.523203972271233,20.347276108848206],[30.493174675396233,20.354071356244035],[30.453135612896233,20.355414129681535],[30.418223503521233,20.348903713014863],[30.401947461854576,20.349920965619035],[30.388275586854576,20.361883856244035],[30.358164909771233,20.423692124473206],[30.330577019146233,20.523138739056535],[30.31291751393792,20.550889390098206],[30.298838737896233,20.582058009889863],[30.306162956646233,20.615668035931535],[30.324717644146233,20.646836655723206],[30.352305534771233,20.682074285931535],[30.362396680604576,20.699001369264863],[30.370127800396233,20.717149155723206],[30.371185743104576,20.732204494264863],[30.36174563893792,20.745794989056535],[30.34807376393792,20.756944077598206],[30.33830813893792,20.769558009889863],[30.340424024354576,20.787420965619035],[30.348887566021233,20.801621811973206],[30.36028079518792,20.814235744264863],[30.37444095143792,20.820990301556535],[30.409678581646233,20.814642645306535],[30.473643425396233,20.828395900514863],[30.509287956646233,20.831081447389863],[30.542572461854576,20.838324285931535],[30.566986524354576,20.857855535931535],[30.576670769146233,20.896999416139863],[30.577647331646233,20.974920965619035],[30.580658399354576,20.979681707806535],[30.593760612896233,20.989121811973206],[30.597911003521233,20.997015692181535],[30.599864128521233,21.018011785931535],[30.604014519146233,21.027614650514863],[30.627533399354576,21.042181707806535],[30.699229362896233,21.073594468223206],[30.714447461854576,21.092474676556535],[30.705170118104576,21.126166082806535],[30.688243034771233,21.149847723431535],[30.678965691021233,21.172959702598206],[30.693369987896233,21.205145574994035],[30.716319206646233,21.226385809369035],[30.769541862896233,21.257879949994035],[30.792979362896233,21.277126369264863],[30.809092644146233,21.285711981244035],[30.845795118104576,21.284776108848206],[30.861338737896233,21.290798244264863],[30.875498894146233,21.301092840619035],[30.905853711854576,21.317409572389863],[30.919932487896233,21.328680731244035],[30.959727409771233,21.370225327598206],[30.97258548268792,21.380926824994035],[30.987396680604576,21.396348374473206],[30.99358157643792,21.413194077598206],[30.961924675396233,21.453680731244035],[30.979991081646233,21.481390692181535],[31.035411003521233,21.520453192181535],[31.054291211854576,21.538397528119035],[31.069590691021233,21.560370184369035],[31.090586784771233,21.609198309369035]],[[33.69304446706292,18.488999741660706],[33.69328860768792,18.489813543744035]],[[33.79053795664623,18.352403061973206],[33.77409915456292,18.375026759889863],[33.71216881602123,18.424668686973206],[33.69532311289623,18.443467515098206],[33.68694095143792,18.465643621869035],[33.69304446706292,18.488999741660706]],[[32.49016360768792,15.634548244264863],[32.49895267018792,15.652696030723206],[32.50196373789623,15.667995509889863],[32.50334720143792,15.685410874473206],[32.51099694102123,15.720282293744035],[32.526947461854576,15.765936590619035],[32.53028405039623,15.781113999473206],[32.53003990977123,15.798285223431535],[32.51905358164623,15.829453843223206],[32.51848392018792,15.844305731244035],[32.549896680604576,15.882839259889863],[32.55030358164623,15.919134832806535],[32.53687584727123,15.990098374473206],[32.53687584727123,16.114772853639863],[32.54029381602123,16.137803452598206],[32.54420006602123,16.145290431764863],[32.54729251393792,16.166449285931535],[32.55054772227123,16.175645249473206],[32.556732618104576,16.183783270306535],[32.58155358164623,16.205755926556535],[32.59205162852123,16.220282293744035],[32.598724805604576,16.235947983848206],[32.60792076914623,16.251044012494035],[32.62549889414623,16.263780015098206],[32.667084180604576,16.273627020306535],[32.68140709727123,16.282904364056535],[32.68702233164623,16.305446681764863],[32.689545118104576,16.326605535931535],[32.69727623789623,16.335760809369035],[32.72852623789623,16.346380926556535],[32.72990970143792,16.371608791139863],[32.741791211854576,16.386053778119035],[32.77979576914623,16.411891994264863],[32.78516686289623,16.420436916139863],[32.793549024354576,16.439032293744035],[32.83106530039623,16.463080145306535],[32.86255944102123,16.498968817181535],[32.97388756602123,16.544704494264863],[32.995209180604576,16.547878322389863],[33.01295006602123,16.541571356244035],[33.02833092539623,16.531439520306535],[33.04737389414623,16.525417384889863],[33.06885826914623,16.523057358848206],[33.09180748789623,16.524522202598206],[33.12671959727123,16.534979559369035],[33.153900586854576,16.552598374473206],[33.25245201914623,16.641709702598206],[33.27857506602123,16.659613348431535],[33.39201907643792,16.686387436973206],[33.42619876393792,16.700791733848206],[33.45484459727123,16.716905015098206],[33.481049024354576,16.737087306764863],[33.497162305604576,16.746893621869035],[33.51319420664623,16.751044012494035],[33.557220899354576,16.753770249473206],[33.58057701914623,16.757920640098206],[33.598724805604576,16.764715887494035],[33.62378990977123,16.790228582806535],[33.680756055604576,16.895086981244035],[33.70655358164623,16.926703192181535],[33.72950280039623,16.963568426556535],[33.74170983164623,17.003851629681535],[33.73536217539623,17.045925197389863],[33.72681725352123,17.059190171348206],[33.71558678477123,17.072333074994035],[33.70598392018792,17.086778061973206],[33.70191490977123,17.103949285931535],[33.70696048268792,17.129706121869035],[33.71916751393792,17.145697332806535],[33.73462975352123,17.160427150514863],[33.74903405039623,17.182440496869035],[33.75318444102123,17.201442775514863],[33.74903405039623,17.268744207806535],[33.75285892018792,17.293524481244035],[33.76319420664623,17.313788153119035],[33.77857506602123,17.331244207806535],[33.82715905039623,17.374701239056535],[33.85230553477123,17.405788478639863],[33.87232506602123,17.441921291139863],[33.88624108164623,17.484076239056535],[33.893646680604576,17.531683660931535],[33.90235436289623,17.556504624473206],[33.91724694102123,17.567246811973206],[33.93987063893792,17.574245509889863],[33.95972740977123,17.591376043744035],[33.97461998789623,17.613470770306535],[33.98243248789623,17.634873765098206],[33.98365319102123,17.657049871869035],[33.97559655039623,17.720567124473206],[33.97730553477123,17.742702541139863],[33.98926842539623,17.806219793744035],[33.97405032643792,18.023545640098206],[33.92798912852123,18.264715887494035],[33.89722740977123,18.317084051556535],[33.85206139414623,18.313991603639863],[33.85206139414623,18.320176499473206],[33.817474805604576,18.318060614056535],[33.791595899354576,18.351141668744035],[33.756439649354576,18.451483465619035],[33.751068555604576,18.462429103639863],[33.742767774354576,18.471014715619035],[33.73194420664623,18.474798895306535],[33.70777428477123,18.476670640098206],[33.69849694102123,18.480902410931535],[33.69304446706292,18.488999741660706]]]}},{"type":"Feature","properties":{"name":"Victoria Nile","orig":"Victoria Nile","branch":"main"},"geometry":{"type":"MultiLineString","coordinates":[[[32.24097740977123,1.665838934369035],[32.25928795664623,1.661159572389877],[32.27906334727123,1.653835353639877],[32.30787194102123,1.638942775514877],[32.330170118104576,1.618353582806535],[32.35303795664623,1.613226629681535],[32.38249759206292,1.602850653119035],[32.40626061289623,1.590887762494035],[32.43010501393792,1.576198634889877],[32.453705274354576,1.567246811973206],[32.47535240977123,1.551621811973206]],[[32.54468834727123,1.521836655723206],[32.55909264414623,1.518255926556535],[32.569427930604576,1.503485418744035],[32.57496178477123,1.488145249473206],[32.62354576914623,1.440700588014877],[32.63746178477123,1.431992905723206],[32.64893639414623,1.431504624473206],[32.66260826914623,1.436712957806535],[32.67920983164623,1.441188869264877],[32.72071373789623,1.426296291139877],[32.74390709727123,1.423447983848206],[32.768158399354576,1.426296291139877],[32.788666211854576,1.425075588014877],[32.803802930604576,1.420355535931535],[32.81828860768792,1.414089259889877],[32.82610110768792,1.409979559369035],[32.840912305604576,1.386257228639877],[32.851166211854576,1.358181056764877],[32.86760501393792,1.338812567181535],[32.89307701914623,1.311468817181535]],[[33.18726647227123,0.428168035931535],[33.19768313893792,0.415798244264877],[33.209076368104576,0.415472723431535],[33.23243248789623,0.409613348431535],[33.25578860768792,0.407294012494035],[33.28825931081292,0.398382879681535],[33.28272545664623,0.362127996869035],[33.22502688893792,0.323919989056535],[33.192474805604576,0.298651434369035],[33.18531334727123,0.263047593223206],[33.17408287852123,0.221502996869035],[33.133392774354576,0.181708074994035],[33.07829837331292,0.091009832806535],[33.013763868104576,-0.146986586464294],[32.83668053477123,-0.480482680214294],[32.467377149354576,-0.740411065630965],[31.999034050396233,-0.886081638547623],[31.767588737896233,-0.935723565630965]]]}},{"type":"Feature","properties":{"name":"Victoria Nile","orig":"Victoria Nile","branch":"main"},"geometry":{"type":"MultiLineString","coordinates":[[[31.365733269146233,2.192897853639877],[31.371674024354576,2.195908921348206],[31.39885501393792,2.205104884889877],[31.448496941021233,2.241725978639877],[31.49699954518792,2.254258530723206],[31.53117923268792,2.273504949994035],[31.545909050396233,2.277858791139877],[31.614349805604576,2.277858791139877],[31.623545769146233,2.275702215619035],[31.634369336854576,2.266302801556535],[31.64250735768792,2.264227606244035],[31.661143425396233,2.266628322389877],[31.755381706646233,2.298366603639877],[31.767588737896233,2.308376369264877],[31.787689649354576,2.334295965619035],[31.80315188893792,2.346136785931535],[31.821787956646233,2.352403061973206],[31.862315300396233,2.359483140098206],[31.878916862896233,2.367214259889877],[31.88908938893792,2.362005926556535],[31.898529493104576,2.361151434369035],[31.90862063893792,2.361517645306535],[31.91985110768792,2.359808660931535],[31.93059329518792,2.353949285931535],[31.954844597271233,2.336737371869035],[31.976084831646233,2.327256577598206],[32.01612389414623,2.291530666139877],[32.02629642018792,2.288194077598206],[32.05705813893792,2.284694728639877],[32.06731204518792,2.280381577598206],[32.09172610768792,2.267035223431535],[32.12346438893792,2.257513739056535],[32.15674889414623,2.231553452598206],[32.17986087331292,2.230658270306535],[32.19117272227123,2.236192124473206],[32.207123243104576,2.252142645306535],[32.21412194102123,2.257350978639877],[32.223724805604576,2.259304103639877],[32.25904381602123,2.257350978639877],[32.27654056081292,2.249131577598206],[32.292084180604576,2.230332749473206],[32.31031334727123,2.195908921348206],[32.32056725352123,2.125921942181535],[32.32764733164623,2.109930731244035],[32.33879642018792,2.094102280723206],[32.346771680604576,2.072699285931535],[32.35132897227123,2.050319728639877],[32.35181725352123,2.031439520306535],[32.34791100352123,2.019313869264877],[32.33423912852123,1.992783921348206],[32.33147220143792,1.979600327598206],[32.33423912852123,1.967556056764877],[32.34156334727123,1.962510483848206],[32.35246829518792,1.960150457806535],[32.36548912852123,1.955674546348206],[32.35157311289623,1.940944728639877],[32.346283399354576,1.933905340619035],[32.344330274354576,1.925319728639877],[32.34449303477123,1.903184311973206],[32.34270267018792,1.894558009889877],[32.33765709727123,1.888047593223206],[32.34156334727123,1.867946681764877],[32.32252037852123,1.856634832806535],[32.296478711854576,1.849920965619035],[32.27955162852123,1.843369858848206],[32.27580813893792,1.833441473431535],[32.27442467539623,1.820624090619035],[32.27051842539623,1.809597072389877],[32.25904381602123,1.804877020306535],[32.24878990977123,1.802028713014877],[32.24097740977123,1.796657619264877],[32.23283938893792,1.793890692181535],[32.22160892018792,1.798651434369035],[32.209076368104576,1.788031317181535],[32.16285240977123,1.778265692181535],[32.15259850352123,1.767360744264877],[32.14625084727123,1.758002020306535],[32.11548912852123,1.729112046348206],[32.10425865977123,1.715521551556535],[32.11182701914623,1.697211004681535],[32.10157311289623,1.665716864056535],[32.10425865977123,1.647813218223206],[32.14104251393792,1.667263088014877],[32.17766360768792,1.677557684369035],[32.212006055604576,1.676459051556535],[32.24097740977123,1.665838934369035]],[[32.47535240977123,1.551621811973206],[32.48902428477123,1.534776108848206],[32.50611412852123,1.521307684369035],[32.52654056081292,1.515936590619035],[32.54468834727123,1.521836655723206]],[[32.89307701914623,1.311468817181535],[32.89869225352123,1.290961004681535],[32.92188561289623,1.263251043744035],[32.93116295664623,1.230902410931535],[32.96135501393792,1.181708074994035],[32.96534264414623,1.163845119264877],[32.96534264414623,1.141180731244035],[32.96094811289623,1.121690171348206],[32.93938235768792,1.104274806764877],[32.93604576914623,1.082627671348206],[32.95435631602123,0.950140692181535],[32.966400586854576,0.911444403119035],[33.014252149354576,0.836981512494035],[33.03362063893792,0.798366603639877],[33.04615319102123,0.755886134889877],[33.05079186289623,0.708115952598206],[33.048920118104576,0.663194077598206],[33.05071048268792,0.642035223431535],[33.08489017018792,0.561590887494035],[33.09864342539623,0.544256903119035],[33.15764407643792,0.494696356244035],[33.180756055604576,0.465277410931535],[33.18726647227123,0.428168035931535]]]}},{"type":"Feature","properties":{"name":"Sobat","orig":"Sobat","branch":"sobat"},"geometry":{"type":"MultiLineString","coordinates":[[[33.20777428477123,8.438177801556535],[33.19507897227123,8.442246811973206],[33.15959720143792,8.441270249473206],[33.14698326914623,8.445624090619035],[33.149017774354576,8.456244207806535],[33.15674889414623,8.474798895306535],[33.160248243104576,8.492377020306535],[33.149994336854576,8.500270900514877],[33.133881055604576,8.502020574994035],[33.122162305604576,8.507432358848206],[33.11524498789623,8.516953843223206],[33.11280358164623,8.530951239056535],[33.112884961854576,8.565456447389877],[33.105072461854576,8.572699285931535],[33.08497155039623,8.561712957806535],[33.08057701914623,8.573106186973206],[33.075775586854576,8.600531317181535],[33.06780032643792,8.613552150514877],[33.062103711854576,8.617865301556535],[33.054291211854576,8.621608791139877],[33.04639733164623,8.622992254681535],[33.040131055604576,8.620388088014877],[33.03248131602123,8.613226629681535],[33.02906334727123,8.613592840619035],[33.02531985768792,8.616400457806535],[32.99162845143792,8.617254949994035],[32.97852623789623,8.615098374473206],[32.96501712331292,8.606390692181535],[32.95850670664623,8.595160223431535],[32.954193555604576,8.581569728639877],[32.94768313893792,8.569159246869035],[32.934662305604576,8.561712957806535],[32.92798912852123,8.597683009889877],[32.92033938893792,8.611436265098206],[32.90308678477123,8.616970119264877],[32.86890709727123,8.616970119264877],[32.85832767018792,8.619940496869035],[32.83912194102123,8.633612371869035],[32.83106530039623,8.637477931764877],[32.82496178477123,8.635850327598206],[32.82007897227123,8.631170965619035],[32.81731204518792,8.626247463014877],[32.81739342539623,8.623806056764877],[32.81194095143792,8.625433660931535],[32.802338086854576,8.630235093223206],[32.78638756602123,8.632188218223206],[32.77531985768792,8.635606186973206],[32.76636803477123,8.634059963014877],[32.762787305604576,8.620388088014877],[32.758392774354576,8.615179754681535],[32.74878990977123,8.610703843223206],[32.73918704518792,8.609442449994035],[32.73479251393792,8.613552150514877],[32.732513868104576,8.624294338014877],[32.720795118104576,8.648708400514877],[32.714935743104576,8.657904364056535],[32.70289147227123,8.652614650514877],[32.69117272227123,8.650987046348206],[32.68091881602123,8.654608465619035],[32.67335045664623,8.664740301556535],[32.67253665456292,8.679714259889877],[32.67986087331292,8.691839910931535],[32.68946373789623,8.701483465619035],[32.69385826914623,8.709092515098206],[32.69621829518792,8.710069077598206],[32.70118248789623,8.721299546348206],[32.70484459727123,8.733343817181535],[32.70411217539623,8.736761785931535],[32.715912305604576,8.748358465619035],[32.71965579518792,8.756293035931535],[32.71623782643792,8.765488999473206],[32.70753014414623,8.780829168744035],[32.69288170664623,8.797919012494035],[32.67180423268792,8.811061916139877],[32.64739017018792,8.819403387494035],[32.62248782643792,8.822373765098206],[32.602142774354576,8.832383530723206],[32.595795118104576,8.855902410931535],[32.59172610768792,8.883124090619035],[32.577728711854576,8.904323634889877],[32.57081139414623,8.889715887494035],[32.561127149354576,8.876532293744035],[32.54712975352123,8.867010809369035],[32.52654056081292,8.863348699994035],[32.51946048268792,8.865342515098206],[32.511322461854576,8.870225327598206],[32.50481204518792,8.876044012494035],[32.50196373789623,8.881048895306535],[32.50334720143792,8.910671291139877],[32.50196373789623,8.918565171348206],[32.49317467539623,8.925482489056535],[32.485443555604576,8.924343166139877],[32.47754967539623,8.920274155723206],[32.467865430604576,8.918565171348206],[32.467865430604576,8.918321030723206],[32.45948326914623,8.918158270306535],[32.454193555604576,8.918565171348206],[32.44874108164623,8.925116278119035],[32.44336998789623,8.929632879681535],[32.43751061289623,8.931667384889877],[32.41456139414623,8.936387436973206],[32.40178470143792,8.949652410931535],[32.39739017018792,8.969509181764877],[32.39966881602123,8.994330145306535],[32.40837649831292,9.031520900514877],[32.40617923268792,9.052679754681535],[32.37867272227123,9.068223374473206],[32.36866295664623,9.098822332806535],[32.35181725352123,9.110419012494035],[32.28150475352123,9.108587957806535],[32.26921634206292,9.113470770306535],[32.26506595143792,9.124701239056535],[32.25538170664623,9.119574285931535],[32.23853600352123,9.099798895306535],[32.229584180604576,9.095648504681535],[32.22063235768792,9.098740952598206],[32.20012454518792,9.117743231244035],[32.19402102956292,9.126247463014877],[32.19312584727123,9.137030340619035],[32.20045006602123,9.151393947389877],[32.17310631602123,9.166327215619035],[32.16627037852123,9.171820379681535],[32.16252688893792,9.180934963014877],[32.160248243104576,9.192246811973206],[32.156830274354576,9.201931056764877],[32.14942467539623,9.206000067181535],[32.12501061289623,9.210720119264877],[32.127533399354576,9.222601629681535],[32.13518313893792,9.238104559369035],[32.12525475352123,9.253770249473206],[32.11524498789623,9.256048895306535],[32.10735110768792,9.252508856244035],[32.09961998789623,9.247910874473206],[32.09058678477123,9.246934311973206],[32.08570397227123,9.247097072389877],[32.07447350352123,9.245917059369035],[32.07007897227123,9.246934311973206],[32.06877688893792,9.251410223431535],[32.07056725352123,9.264675197389877],[32.061127149354576,9.272813218223206],[32.043549024354576,9.296738999473206],[32.03337649831292,9.302191473431535],[32.00993899831292,9.303412176556535],[31.988780144146233,9.308417059369035],[31.95329837331292,9.322577215619035],[31.934092644146233,9.327948309369035],[31.887705925396233,9.334295965619035],[31.873627149354576,9.343939520306535],[31.862803581646233,9.355088608848206],[31.85100345143792,9.363592840619035],[31.830088737896233,9.365179754681535],[31.82585696706292,9.350205796348206],[31.82512454518792,9.331732489056535],[31.813731316021233,9.322617905723206],[31.79485110768792,9.328070379681535],[31.786143425396233,9.327744858848206],[31.782725456646233,9.319281317181535],[31.781748894146233,9.306952215619035],[31.778575066021233,9.301052150514877],[31.772227409771233,9.298041082806535],[31.762217644146233,9.294745184369035],[31.756602409771233,9.294745184369035],[31.744883659771233,9.300604559369035],[31.738291862896233,9.302191473431535],[31.73161868581292,9.298895574994035],[31.725840691021233,9.284694728639877],[31.72063235768792,9.281683660931535],[31.706634961854576,9.287543035931535],[31.684092644146233,9.310655015098206],[31.669444206646233,9.315863348431535],[31.616302930604576,9.319891668744035],[31.591319206646233,9.328070379681535],[31.576670769146233,9.343125718223206],[31.592051628521233,9.349636134889877],[31.596771680604576,9.360174871869035],[31.59123782643792,9.370794989056535],[31.576670769146233,9.377264715619035],[31.563731316021233,9.374131577598206],[31.552256706646233,9.366807358848206],[31.54289798268792,9.364691473431535],[31.536224805604576,9.377264715619035]],[[32.98926842539623,7.917425848431535],[32.99309329518792,7.928330796348206],[33.00627688893792,7.942653713014877],[33.01148522227123,7.953477280723206],[33.01636803477123,7.958522853639877],[33.021088086854576,7.965399481244035],[33.025482618104576,7.986436265098206],[33.03069095143792,7.996446030723206],[33.04322350352123,8.013617254681535],[33.10010826914623,8.071234442181535],[33.10596764414623,8.080674546348206],[33.11076907643792,8.090847072389877],[33.11280358164623,8.099310614056535],[33.11695397227123,8.104315496869035],[33.14698326914623,8.109198309369035],[33.164154493104576,8.117254949994035],[33.17676842539623,8.127305405723206],[33.184662305604576,8.141221421348206],[33.18726647227123,8.161078192181535],[33.18409264414623,8.166449285931535],[33.170502149354576,8.176133530723206],[33.16740970143792,8.181504624473206],[33.16773522227123,8.195583400514877],[33.16944420664623,8.205674546348206],[33.173431836854576,8.214789129681535],[33.18108157643792,8.225897528119035],[33.190033399354576,8.232611395306535],[33.19947350352123,8.235663153119035],[33.20630944102123,8.240912176556535],[33.20777428477123,8.253851629681535],[33.19434655039623,8.259385483848206],[33.18531334727123,8.264715887494035],[33.17798912852123,8.275905666139877],[33.17082767018792,8.283270574994035],[33.16382897227123,8.292914129681535],[33.16065514414623,8.304754949994035],[33.16260826914623,8.312201239056535],[33.17131595143792,8.331081447389877],[33.17359459727123,8.343207098431535],[33.17180423268792,8.346706447389877],[33.162689649354576,8.353094793744035],[33.16065514414623,8.356268621869035],[33.161224805604576,8.361680405723206],[33.16627037852123,8.368475653119035],[33.16740970143792,8.372992254681535],[33.16724694102123,8.389960028119035],[33.16895592539623,8.397569077598206],[33.17359459727123,8.404649155723206],[33.18726647227123,8.411200262494035],[33.20240319102123,8.414333400514877],[33.20972740977123,8.420965887494035],[33.20085696706292,8.438177801556535]]]}},{"type":"Feature","properties":{"name":"Blue Nile (Abay)","orig":"Abay","branch":"blue"},"geometry":{"type":"LineString","coordinates":[[37.11304772227123,11.855007228639877],[37.11304772227123,11.855047918744035],[37.11182701914623,11.872097072389877],[37.13038170664623,11.897284246869035],[37.16285240977123,11.906805731244035],[37.21314537852123,11.914658921348206],[37.25806725352123,11.926947332806535],[37.29810631602123,11.901638088014877],[37.34571373789623,11.858343817181535],[37.36565188893792,11.810126043744035],[37.38111412852123,11.751044012494035],[37.38526451914623,11.703436590619035],[37.377533399354576,11.665106512494035],[37.37647545664623,11.651190496869035],[37.38672936289623,11.633978582806535],[37.386810743104576,11.633124090619035],[37.38721764414623,11.632269598431535]]}},{"type":"Feature","properties":{"name":"Blue Nile (Abay)","orig":"Abay","branch":"blue"},"geometry":{"type":"LineString","coordinates":[[37.17896569102123,11.035752671348206],[37.16236412852123,11.043239650514877],[37.13469485768792,11.076117254681535],[37.11036217539623,11.083563543744035],[37.09888756602123,11.092718817181535],[37.087982618104576,11.113592840619035],[37.073334180604576,11.151800848431535],[37.06242923268792,11.171657619264877],[37.04566490977123,11.190375067181535],[37.024017774354576,11.200140692181535],[36.997650586854576,11.192816473431535],[36.99455813893792,11.213690496869035],[36.96965579518792,11.243923244264877],[36.963470899354576,11.265407619264877],[36.96656334727123,11.275824285931535],[36.97217858164623,11.286932684369035],[36.976166211854576,11.297430731244035],[36.970795118104576,11.315049546348206],[36.97315514414623,11.325466213014877],[36.97844485768792,11.335638739056535],[36.983978711854576,11.343613999473206],[37.011322461854576,11.362616278119035],[37.018158399354576,11.371527410931535],[37.01832115977123,11.382676499473206],[37.01360110768792,11.393744207806535],[37.01018313893792,11.404852606244035],[37.014740430604576,11.416286525514877],[37.01710045664623,11.432440496869035],[36.99854576914623,11.476019598431535],[36.997650586854576,11.494452215619035],[37.00220787852123,11.501532293744035],[37.01270592539623,11.509833074994035],[37.018158399354576,11.515570379681535],[37.021576368104576,11.525417384889877],[37.021576368104576,11.534206447389877],[37.02442467539623,11.540472723431535],[37.03565514414623,11.542832749473206],[37.04346764414623,11.550726629681535],[37.067963086854576,11.587225653119035],[37.073334180604576,11.598089910931535],[37.06780032643792,11.612087306764877],[37.05884850352123,11.625108140098206],[37.06145267018792,11.634711004681535],[37.08985436289623,11.638495184369035],[37.099701368104576,11.641424871869035],[37.10979251393792,11.648301499473206],[37.11744225352123,11.656439520306535],[37.12061608164623,11.662949936973206],[37.122162305604576,11.678045965619035],[37.126556836854576,11.683905340619035],[37.13306725352123,11.687038478639877],[37.14112389414623,11.693670965619035],[37.14869225352123,11.707627671348206],[37.154388868104576,11.715765692181535],[37.162201368104576,11.721625067181535],[37.17115319102123,11.721543686973206],[37.188080274354576,11.712591864056535],[37.19629967539623,11.714178778119035],[37.202240430604576,11.721462306764877],[37.19971764414623,11.726182358848206],[37.19377688893792,11.730088608848206],[37.18946373789623,11.734686590619035],[37.17522220143792,11.769395249473206],[37.16236412852123,11.778876043744035],[37.152435743104576,11.780137436973206],[37.14201907643792,11.782660223431535],[37.12745201914623,11.796087957806535],[37.11548912852123,11.809149481244035],[37.11475670664623,11.823350327598206],[37.11304772227123,11.855047918744035]]}},{"type":"Feature","properties":{"name":"Tekeze (Atbara trib.)","orig":"Tekeze","branch":"atbara"},"geometry":{"type":"LineString","coordinates":[[39.26636803477123,11.974880275514877],[39.13599694102123,11.940130926556535],[39.07667076914623,11.916530666139877],[39.04322350352123,11.910671291139877],[38.933685743104576,11.920233465619035],[38.92912845143792,11.918036199994035],[38.91504967539623,11.908229884889877],[38.90601647227123,11.905951239056535],[38.89299563893792,11.906927801556535],[38.88184655039623,11.909694728639877],[38.87151126393792,11.914170640098206],[38.860931836854576,11.920233465619035],[38.833099805604576,11.944891668744035],[38.82691490977123,11.954413153119035],[38.82585696706292,11.964951890098206],[38.82715905039623,11.978583074994035],[38.82569420664623,11.990342515098206],[38.80803470143792,12.000759181764877],[38.79826907643792,12.024115301556535],[38.78956139414623,12.029486395306535],[38.76880944102123,12.029486395306535],[38.76221764414623,12.031602280723206],[38.75977623789623,12.036322332806535],[38.75920657643792,12.043158270306535],[38.746674024354576,12.041693426556535],[38.727631055604576,12.032416082806535],[38.71770267018792,12.029486395306535],[38.70826256602123,12.030096746869035],[38.68531334727123,12.035101629681535],[38.646576368104576,12.037949936973206],[38.62745201914623,12.042914129681535],[38.58790123789623,12.063584702598206],[38.560638868104576,12.073187567181535],[38.55315188893792,12.077256577598206],[38.53467858164623,12.100938218223206],[38.52955162852123,12.104559637494035],[38.50294030039623,12.105658270306535],[38.48536217539623,12.110785223431535],[38.47339928477123,12.123317775514877],[38.46379642018792,12.146185614056535],[38.45508873789623,12.176621811973206],[38.45012454518792,12.187119858848206],[38.44255618581292,12.196844793744035],[38.43604576914623,12.202500718223206],[38.43140709727123,12.209784246869035],[38.42961673268792,12.224676824994035],[38.43311608164623,12.245632228639877],[38.458099805604576,12.310085353639877],[38.461517774354576,12.330267645306535],[38.46143639414623,12.355414129681535],[38.45508873789623,12.376735744264877],[38.44019615977123,12.385768947389877],[38.43018639414623,12.393866278119035],[38.42310631602123,12.413153387494035],[38.41602623789623,12.454657293744035],[38.416107618104576,12.476141668744035],[38.42815188893792,12.559027410931535],[38.45045006602123,12.597520249473206],[38.458099805604576,12.619167384889877],[38.45777428477123,12.641221421348206],[38.44629967539623,12.684271551556535],[38.44328860768792,12.704453843223206],[38.448822461854576,12.727972723431535],[38.46330813893792,12.741563218223206],[38.50538170664623,12.756293035931535],[38.52320397227123,12.765977280723206],[38.55762780039623,12.791937567181535],[38.57081139414623,12.797308660931535],[38.61426842539623,12.799505926556535],[38.63371829518792,12.803656317181535],[38.64934329518792,12.810899155723206],[38.66504967539623,12.826280015098206],[38.66325931081292,12.838080145306535],[38.65471438893792,12.852362371869035],[38.64600670664623,12.900824285931535],[38.63648522227123,12.909531968223206],[38.62151126393792,12.912298895306535],[38.60157311289623,12.919541733848206],[38.58423912852123,12.935614324994035],[38.58171634206292,12.952337957806535],[38.59026126393792,12.969061590619035],[38.61719811289623,13.001532293744035],[38.65617923268792,13.086208400514877],[38.68669681081292,13.134873765098206],[38.71607506602123,13.252061265098206],[38.72510826914623,13.272569077598206],[38.730560743104576,13.292547918744035],[38.72510826914623,13.310614324994035],[38.72746829518792,13.323797918744035],[38.72510826914623,13.374945379681535],[38.72144615977123,13.386297918744035],[38.70500735768792,13.393662827598206],[38.69817142018792,13.411688543744035],[38.69092858164623,13.454616603639877],[38.67725670664623,13.484483140098206],[38.671966993104576,13.502386785931535],[38.66985110768792,13.526556707806535],[38.66749108164623,13.536078192181535],[38.66163170664623,13.543768621869035],[38.65381920664623,13.548936265098206],[38.645599805604576,13.550808009889877],[38.640716993104576,13.556016343223206],[38.63575280039623,13.591742254681535],[38.59514407643792,13.644720770306535],[38.58790123789623,13.656927801556535],[38.577240430604576,13.662217515098206],[38.51221764414623,13.680487371869035],[38.49553470143792,13.688015041139877],[38.48780358164623,13.692653713014877],[38.41456139414623,13.751247463014877],[38.38306725352123,13.784531968223206],[38.375580274354576,13.790350653119035],[38.36548912852123,13.795518296348206],[38.34660892018792,13.802598374473206],[38.32829837331292,13.804470119264877],[38.32032311289623,13.794053452598206],[38.31812584727123,13.788438218223206],[38.31226647227123,13.780300197389877],[38.30445397227123,13.773016668744035],[38.284271680604576,13.766709702598206],[38.27442467539623,13.759629624473206],[38.266693555604576,13.752630926556535],[38.26148522227123,13.749375718223206],[38.251556836854576,13.746201890098206],[38.23650149831292,13.732123114056535],[38.22754967539623,13.728949285931535],[38.19312584727123,13.728949285931535],[38.17131595143792,13.732123114056535],[38.133392774354576,13.746201890098206],[38.09180748789623,13.751532293744035],[38.05412845143792,13.760931707806535],[38.00879967539623,13.765407619264877],[38.00001061289623,13.773138739056535],[37.99537194102123,13.787787176556535],[37.98462975352123,13.810858465619035],[37.96924889414623,13.826483465619035],[37.91643313893792,13.851833400514877],[37.89201907643792,13.881170965619035],[37.87745201914623,13.889105535931535],[37.86793053477123,13.872910874473206],[37.85865319102123,13.880153713014877],[37.84888756602123,13.884304103639877],[37.83838951914623,13.886338608848206],[37.826263868104576,13.887233791139877],[37.82642662852123,13.884955145306535],[37.82227623789623,13.880194403119035],[37.81666100352123,13.875311590619035]]}},{"type":"Feature","properties":{"name":"Blue Nile","orig":"El Bahr el Azraq","branch":"blue"},"geometry":{"type":"LineString","coordinates":[[34.37964928477123,11.783067124473206],[34.383881055604576,11.769964910931535],[34.38648522227123,11.734401759889877],[34.38030032643792,11.690619207806535],[34.39039147227123,11.645371811973206],[34.419037305604576,11.590765692181535],[34.45972740977123,11.552435614056535],[34.51343834727123,11.522772528119035],[34.55071048268792,11.493109442181535],[34.57862389414623,11.462958074994035],[34.613861524354576,11.435736395306535],[34.652924024354576,11.412054754681535],[34.683197461854576,11.388291733848206],[34.707123243104576,11.352647202598206],[34.72071373789623,11.328965561973206],[34.74455813893792,11.307237046348206],[34.77759850352123,11.296454168744035]]}},{"type":"Feature","properties":{"name":"Blue Nile","orig":"El Bahr el Azraq","branch":"blue"},"geometry":{"type":"MultiLineString","coordinates":[[[34.37964928477123,11.783067124473206],[34.36231530039623,11.952704168744035],[34.352631055604576,11.983710028119035],[34.31682376393792,12.061550197389877],[34.313080274354576,12.074489650514877],[34.31128990977123,12.104559637494035],[34.30543053477123,12.136582749473206],[34.305756055604576,12.154323634889877],[34.34888756602123,12.224676824994035],[34.33814537852123,12.242987371869035],[34.33961022227123,12.260606186973206],[34.35230553477123,12.296413478639877],[34.35425865977123,12.350409246869035],[34.35230553477123,12.365301824994035],[34.34351647227123,12.381862697389877],[34.33049563893792,12.393011785931535],[34.29753665456292,12.409979559369035],[34.28410892018792,12.420477606244035],[34.27076256602123,12.444199936973206],[34.26050865977123,12.457790431764877],[34.24366295664623,12.467311916139877],[34.20598392018792,12.469794012494035],[34.18775475352123,12.474473374473206],[34.16594485768792,12.493353582806535],[34.15422610768792,12.505967515098206],[34.14747155039623,12.515488999473206],[34.14397220143792,12.537543035931535],[34.15129642018792,12.552069403119035],[34.17823326914623,12.574164129681535],[34.18604576914623,12.590684311973206],[34.18059329518792,12.606024481244035],[34.14283287852123,12.643255926556535],[34.13746178477123,12.653509832806535],[34.14006595143792,12.704291082806535],[34.13331139414623,12.756293035931535],[34.13550865977123,12.768744207806535],[34.14104251393792,12.771185614056535],[34.14258873789623,12.774766343223206],[34.13331139414623,12.790472723431535],[34.126556836854576,12.796210028119035],[34.11036217539623,12.801540431764877],[34.06487063893792,12.836452541139877],[34.05445397227123,12.851874090619035],[34.04493248789623,12.875433660931535],[34.04387454518792,12.882350978639877],[34.03948001393792,12.892889715619035],[34.02971438893792,12.890163478639877],[34.02043704518792,12.882595119264877],[34.017181836854576,12.878607489056535],[34.00440514414623,12.871120509889877],[33.99512780039623,12.863552150514877],[33.99162845143792,12.865342515098206],[33.99610436289623,12.886053778119035],[34.01490319102123,12.912136134889877],[34.02125084727123,12.928249416139877],[34.01343834727123,12.944688218223206],[33.98650149831292,12.961615301556535],[33.97852623789623,12.971706447389877],[33.97559655039623,12.992214259889877],[33.97877037852123,12.999701239056535],[33.98528079518792,13.005804754681535],[33.98926842539623,13.012030340619035],[33.98585045664623,13.019802150514877],[33.97779381602123,13.025417384889877],[33.96216881602123,13.031195379681535],[33.95508873789623,13.036891994264877],[33.94288170664623,13.070746160931535],[33.97632897227123,13.123073634889877],[33.97217858164623,13.160101629681535],[33.96094811289623,13.164374090619035],[33.927826368104576,13.160508530723206],[33.92090905039623,13.170274155723206],[33.92741946706292,13.187689520306535],[33.95329837331292,13.210516668744035],[33.95508873789623,13.228623765098206],[33.95069420664623,13.236924546348206],[33.94532311289623,13.238959051556535],[33.93946373789623,13.239365952598206],[33.93401126393792,13.242946681764877],[33.91895592539623,13.264512436973206],[33.91358483164623,13.269598699994035],[33.905853711854576,13.271999416139877],[33.88477623789623,13.274766343223206],[33.87940514414623,13.276434637494035],[33.87452233164623,13.287543035931535],[33.87378990977123,13.311550197389877],[33.86955813893792,13.321153061973206],[33.85816490977123,13.323024806764877],[33.83619225352123,13.303086655723206],[33.82129967539623,13.307481186973206],[33.80396569102123,13.322821356244035],[33.79102623789623,13.330877996869035],[33.776947461854576,13.333197332806535],[33.75586998789623,13.331081447389877],[33.72730553477123,13.320664780723206],[33.71534264414623,13.322455145306535],[33.70191490977123,13.338487046348206],[33.70045006602123,13.346055405723206],[33.70313561289623,13.364325262494035],[33.70191490977123,13.372015692181535],[33.69556725352123,13.380479233848206],[33.67115319102123,13.403102931764877],[33.66187584727123,13.418524481244035],[33.66407311289623,13.429510809369035],[33.67082767018792,13.440212306764877],[33.67457115977123,13.454616603639877],[33.67310631602123,13.472520249473206],[33.66887454518792,13.490830796348206],[33.66252688893792,13.508124090619035],[33.65406334727123,13.522894598431535],[33.647552930604576,13.529079494264877],[33.63160240977123,13.539252020306535],[33.626068555604576,13.544623114056535],[33.625091993104576,13.551947332806535],[33.62794030039623,13.571804103639877],[33.626068555604576,13.578151759889877],[33.58781985768792,13.585638739056535],[33.57007897227123,13.594020900514877],[33.57496178477123,13.609157619264877],[33.58342532643792,13.621201890098206],[33.59327233164623,13.649725653119035],[33.602142774354576,13.663763739056535],[33.60987389414623,13.669012762494035],[33.61548912852123,13.669867254681535],[33.618744336854576,13.672796942181535],[33.61988365977123,13.684190171348206],[33.61915123789623,13.693874416139877],[33.616791211854576,13.704697983848206],[33.61231530039623,13.714789129681535],[33.605560743104576,13.722113348431535],[33.591888868104576,13.725043035931535],[33.576263868104576,13.723211981244035],[33.56153405039623,13.724188543744035],[33.550384961854576,13.735785223431535],[33.55103600352123,13.751328843223206],[33.566498243104576,13.756781317181535],[33.605560743104576,13.755641994264877],[33.622650586854576,13.761053778119035],[33.62492923268792,13.773016668744035],[33.615814649354576,13.784979559369035],[33.598724805604576,13.790350653119035],[33.57911217539623,13.792344468223206],[33.56047610768792,13.799180405723206],[33.54737389414623,13.811957098431535],[33.54420006602123,13.831976629681535],[33.55152428477123,13.849066473431535],[33.56413821706292,13.850938218223206],[33.58057701914623,13.848415431764877],[33.598724805604576,13.851833400514877],[33.60987389414623,13.862494207806535],[33.61622155039623,13.877956447389877],[33.619232618104576,13.895819403119035],[33.61988365977123,13.913600978639877],[33.61451256602123,13.930853582806535],[33.59058678477123,13.947821356244035],[33.58521569102123,13.962266343223206],[33.59351647227123,13.968573309369035],[33.61223392018792,13.970648504681535],[33.63111412852123,13.977077541139877],[33.64039147227123,13.996446030723206],[33.612396680604576,14.037420965619035],[33.61939537852123,14.043402410931535],[33.63469485768792,14.048041082806535],[33.64039147227123,14.051092840619035],[33.65235436289623,14.060980535931535],[33.65577233164623,14.066351629681535],[33.660248243104576,14.078395900514877],[33.661224805604576,14.086533921348206],[33.65943444102123,14.104274806764877],[33.660248243104576,14.112494207806535],[33.66456139414623,14.119818426556535],[33.677338086854576,14.133734442181535],[33.680756055604576,14.140448309369035],[33.68116295664623,14.158229884889877],[33.674896680604576,14.165309963014877],[33.66309655039623,14.170192775514877],[33.646576368104576,14.181423244264877],[33.64421634206292,14.186794338014877],[33.64250735768792,14.203151759889877],[33.64039147227123,14.208685614056535],[33.630951368104576,14.211493231244035],[33.61955813893792,14.209662176556535],[33.60979251393792,14.210760809369035],[33.605560743104576,14.222357489056535],[33.60889733164623,14.235907293744035],[33.62305748789623,14.259873765098206],[33.626068555604576,14.276678778119035],[33.62102298268792,14.290716864056535],[33.548920118104576,14.350287176556535],[33.54420006602123,14.359198309369035],[33.55005944102123,14.416937567181535],[33.54420006602123,14.434637762494035],[33.51465905039623,14.420477606244035],[33.50416100352123,14.434637762494035],[33.50171959727123,14.461004949994035],[33.49634850352123,14.483099676556535],[33.48406009206292,14.491766668744035],[33.47046959727123,14.494330145306535],[33.45940188893792,14.499823309369035],[33.45484459727123,14.517197983848206],[33.452728711854576,14.534694728639877],[33.44719485768792,14.544745184369035],[33.42741946706292,14.565008856244035],[33.37232506602123,14.660589910931535],[33.35377037852123,14.727362371869035],[33.33838951914623,14.750515041139877],[33.31755618581292,14.729518947389877],[33.30665123789623,14.742987371869035],[33.305756055604576,14.757635809369035],[33.30754642018792,14.773627020306535],[33.30396569102123,14.790961004681535],[33.29875735768792,14.796210028119035],[33.28370201914623,14.799872137494035],[33.27727298268792,14.803981838014877],[33.27434329518792,14.810736395306535],[33.27027428477123,14.828477280723206],[33.25611412852123,14.850409246869035],[33.249115430604576,14.878607489056535],[33.221771680604576,14.902044989056535],[33.21583092539623,14.916937567181535],[33.21461022227123,14.982733465619035],[33.21656334727123,14.990505275514877],[33.21965579518792,14.998561916139877],[33.22193444102123,15.007350978639877],[33.22144615977123,15.017442124473206],[33.21485436289623,15.030625718223206],[33.19288170664623,15.052761134889877],[33.18409264414623,15.065252996869035],[33.17945397227123,15.083929754681535],[33.17945397227123,15.101100978639877],[33.17741946706292,15.117458400514877],[33.167084180604576,15.133856512494035],[33.12566165456292,15.161688543744035],[33.11280358164623,15.174505926556535],[33.09172610768792,15.219346421348206],[33.08497155039623,15.229763088014877],[33.06934655039623,15.238877671348206],[33.05323326914623,15.243475653119035],[33.03858483164623,15.249579168744035],[33.02686608164623,15.263617254681535],[33.00285892018792,15.285752671348206],[32.96745852956292,15.292914129681535],[32.92864017018792,15.295721746869035],[32.89307701914623,15.304877020306535],[32.83781985768792,15.339626369264863],[32.78825931081292,15.357245184369035],[32.77295983164623,15.369981186973206],[32.75440514414623,15.397813218223206],[32.74219811289623,15.409776108848206],[32.72486412852123,15.414740301556535],[32.71086673268792,15.422471421348206],[32.70557701914623,15.440497137494035],[32.70403079518792,15.461004949994035],[32.70069420664623,15.476141668744035],[32.67676842539623,15.503688869264863],[32.62012780039623,15.545762436973206],[32.598236524354576,15.573024806764863],[32.58448326914623,15.606634832806535],[32.57512454518792,15.618516343223206],[32.55738365977123,15.627020574994035],[32.547943555604576,15.626532293744035],[32.538666211854576,15.622829494264863],[32.528412305604576,15.620225327598206],[32.516205274354576,15.623317775514863],[32.50823001393792,15.626979884889863],[32.488861524354576,15.632595119264863]],[[35.35084069102123,10.149115301556535],[35.34107506602123,10.163682358848206],[35.33619225352123,10.168972072389877],[35.32422936289623,10.184352931764877],[35.31641686289623,10.203884181764877],[35.31226647227123,10.225775457806535],[35.31194095143792,10.248114324994035],[35.31438235768792,10.260809637494035],[35.328705274354576,10.297064520306535],[35.32960045664623,10.308539129681535],[35.32691490977123,10.317490952598206],[35.31836998789623,10.336045640098206],[35.312591993104576,10.356878973431535],[35.308685743104576,10.366034246869035],[35.29468834727123,10.384548244264877],[35.28980553477123,10.393906968223206],[35.28663170664623,10.404323634889877],[35.28541100352123,10.416083074994035],[35.29045657643792,10.454779364056535],[35.28785240977123,10.467637436973206],[35.27393639414623,10.498480535931535],[35.26441490977123,10.511908270306535],[35.25147545664623,10.523545640098206],[35.24358157643792,10.527614650514877],[35.21827233164623,10.532741603639877],[35.20972740977123,10.536403713014877],[35.202240430604576,10.541612046348206],[35.18311608164623,10.560492254681535],[35.177338086854576,10.563828843223206],[35.15455162852123,10.569403387494035],[35.14747155039623,10.572821356244035],[35.14250735768792,10.578477280723206],[35.14063561289623,10.586981512494035],[35.13957767018792,10.597967840619035],[35.13477623789623,10.617010809369035],[35.13379967539623,10.627997137494035],[35.13550865977123,10.636582749473206],[35.14397220143792,10.648749090619035],[35.14747155039623,10.658392645306535],[35.14795983164623,10.668483791139877],[35.146088086854576,10.689520574994035],[35.14747155039623,10.699326890098206],[35.15308678477123,10.710760809369035],[35.165619336854576,10.725653387494035],[35.170013868104576,10.748480535931535],[35.179291211854576,10.768866278119035],[35.18156985768792,10.778835353639877],[35.18018639414623,10.789821681764877],[35.17505944102123,10.810980535931535],[35.17473392018792,10.823513088014877],[35.19402102956292,10.875921942181535],[35.198822461854576,10.884955145306535],[35.200775586854576,10.893255926556535],[35.19825280039623,10.942735093223206],[35.19336998789623,10.956162827598206],[35.17676842539623,10.976629949994035],[35.16993248789623,10.987819728639877],[35.16602623789623,11.003363348431535],[35.16724694102123,11.033229884889877],[35.16570071706292,11.049139715619035],[35.184662305604576,11.064235744264877],[35.19385826914623,11.085272528119035],[35.192963086854576,11.108343817181535],[35.18205813893792,11.129339910931535],[35.16285240977123,11.143377996869035],[35.11711673268792,11.162420965619035],[35.099213086854576,11.175238348431535],[35.08391360768792,11.200303452598206],[35.07707767018792,11.219916082806535],[35.065033399354576,11.233465887494035],[35.03459720143792,11.240749416139877],[34.96680748789623,11.240505275514877],[34.93287194102123,11.244492905723206],[34.90422610768792,11.258612371869035],[34.89665774831292,11.260850327598206],[34.89063561289623,11.256781317181535],[34.88526451914623,11.251003322389877],[34.87964928477123,11.248073634889877],[34.864349805604576,11.249212957806535],[34.84058678477123,11.254339910931535],[34.82585696706292,11.255479233848206],[34.81169681081292,11.259955145306535],[34.79924563893792,11.270941473431535],[34.77759850352123,11.296454168744035]]]}},{"type":"Feature","properties":{"name":"Blue Nile (Abay)","orig":"Abay","branch":"blue"},"geometry":{"type":"LineString","coordinates":[[37.38672936289623,11.633978582806535],[37.39039147227123,11.621201890098206],[37.38795006602123,11.585964259889877],[37.388763868104576,11.570176499473206],[37.395599805604576,11.549831447389877],[37.404388868104576,11.546901759889877],[37.41627037852123,11.547919012494035],[37.445892774354576,11.533311265098206],[37.47315514414623,11.534206447389877],[37.50147545664623,11.517930405723206],[37.601654493104576,11.495225327598206],[37.61467532643792,11.488226629681535],[37.65503990977123,11.436712957806535],[37.66260826914623,11.407578843223206],[37.68108157643792,11.378607489056535],[37.74358157643792,11.312770900514877],[37.76490319102123,11.296454168744035],[37.78003990977123,11.280056056764877],[37.78581790456292,11.275946356244035],[37.79590905039623,11.272894598431535],[37.81690514414623,11.269232489056535],[37.82691490977123,11.265407619264877],[37.84026126393792,11.256659246869035],[37.87134850352123,11.224147853639877],[37.87769615977123,11.220770574994035],[37.885834180604576,11.219916082806535],[37.90235436289623,11.220770574994035],[37.91155032643792,11.218817449994035],[37.92310631602123,11.209824936973206],[37.93010501393792,11.207098699994035],[37.94752037852123,11.206569728639877],[37.96168053477123,11.207953192181535],[37.97535240977123,11.207220770306535],[37.99146569102123,11.200262762494035],[38.02320397227123,11.179795640098206],[38.03825931081292,11.174627996869035],[38.06788170664623,11.171983140098206],[38.08635501393792,11.166286525514877],[38.09416751393792,11.162705796348206],[38.10474694102123,11.159613348431535],[38.113373243104576,11.161200262494035],[38.12208092539623,11.164374090619035],[38.131927930604576,11.166083074994035],[38.14983157643792,11.164129949994035],[38.17986087331292,11.154649155723206],[38.196869336854576,11.151800848431535],[38.200775586854576,11.153021551556535],[38.21363365977123,11.162705796348206],[38.21867923268792,11.165309963014877],[38.22217858164623,11.163600978639877],[38.225677930604576,11.160508530723206],[38.23096764414623,11.159247137494035],[38.25831139414623,11.159247137494035],[38.279877149354576,11.155462957806535],[38.29542076914623,11.150458074994035],[38.32715905039623,11.131944077598206],[38.36475670664623,11.098171291139877],[38.375580274354576,11.090399481244035],[38.39087975352123,11.089422918744035],[38.41358483164623,11.091009832806535],[38.43433678477123,11.089789129681535],[38.44328860768792,11.080430405723206],[38.44776451914623,11.067084051556535],[38.45850670664623,11.051133530723206],[38.48186282643792,11.025824285931535],[38.488861524354576,11.013495184369035],[38.49170983164623,10.996201890098206],[38.49170983164623,10.963731186973206],[38.49602298268792,10.948757228639877],[38.514740430604576,10.922064520306535],[38.51905358164623,10.905788478639877],[38.516205274354576,10.886419989056535],[38.50538170664623,10.850653387494035],[38.50538170664623,10.830918686973206],[38.51075280039623,10.815456447389877],[38.52442467539623,10.791530666139877],[38.52588951914623,10.775702215619035],[38.52369225352123,10.769802150514877],[38.51514733164623,10.754909572389877],[38.51221764414623,10.747748114056535],[38.511322461854576,10.741481838014877],[38.51319420664623,10.692084051556535],[38.51115970143792,10.680609442181535],[38.50538170664623,10.665838934369035],[38.47535240977123,10.623968817181535],[38.471283399354576,10.607489324994035],[38.46802819102123,10.546169338014877],[38.47063235768792,10.513983465619035],[38.488861524354576,10.477077541139877],[38.479340039979576,10.449001369264877],[38.48186282643792,10.432440496869035],[38.486420118104576,10.416937567181535],[38.48926842539623,10.386175848431535],[38.49797610768792,10.370957749473206],[38.48804772227123,10.363226629681535],[38.48292076914623,10.353786525514877],[38.45630944102123,10.245876369264877],[38.45012454518792,10.234442449994035],[38.441009961854576,10.226996160931535],[38.43205813893792,10.223496811973206],[38.426361524354576,10.217840887494035],[38.42741946706292,10.203640041139877],[38.433685743104576,10.182969468223206],[38.43506920664623,10.172552801556535],[38.43303470143792,10.161485093223206],[38.41871178477123,10.142116603639877],[38.39649498789623,10.131170965619035],[38.37102298268792,10.126898504681535],[38.34709720143792,10.127549546348206],[38.32154381602123,10.134141343223206],[38.31153405039623,10.134304103639877],[38.30176842539623,10.132269598431535],[38.274506055604576,10.122381903119035],[38.246185743104576,10.116522528119035],[38.23780358164623,10.111151434369035],[38.234466993104576,10.107001043744035],[38.227142774354576,10.088161525514877],[38.22535240977123,10.085231838014877],[38.20020592539623,10.060573634889877],[38.19231204518792,10.055446681764877],[38.18287194102123,10.051052150514877],[38.12305748789623,10.035589910931535],[37.98121178477123,9.969590561973206],[37.93482506602123,9.936957098431535],[37.92530358164623,9.933294989056535],[37.90723717539623,9.932074285931535],[37.897552930604576,9.930446681764877],[37.89039147227123,9.926540431764877],[37.88477623789623,9.920681056764877],[37.87549889414623,9.907497463014877],[37.86695397227123,9.898627020306535],[37.795990430604576,9.859401759889877],[37.78663170664623,9.857001043744035],[37.77873782643792,9.857977606244035],[37.77100670664623,9.860296942181535],[37.76213626393792,9.861761785931535],[37.74708092539623,9.858465887494035],[37.71876061289623,9.843695379681535],[37.70289147227123,9.842840887494035],[37.60930423268792,9.911891994264877],[37.59424889414623,9.929388739056535],[37.58928470143792,9.941717840619035],[37.56544030039623,9.968329168744035],[37.54542076914623,9.996161199994035],[37.531341993104576,10.006699936973206],[37.43596438893792,10.048407293744035],[37.40227298268792,10.058539129681535],[37.36768639414623,10.062567449994035],[37.35279381602123,10.057155666139877],[37.34791100352123,10.044501043744035],[37.344330274354576,10.029852606244035],[37.33350670664623,10.018418686973206],[37.32300865977123,10.017157293744035],[37.31470787852123,10.021836655723206],[37.30803470143792,10.030096746869035],[37.30315188893792,10.039252020306535],[37.29957115977123,10.050726629681535],[37.29908287852123,10.072536525514877],[37.297455274354576,10.084499416139877],[37.289154493104576,10.094590561973206],[37.27393639414623,10.101914780723206],[37.25684655039623,10.106065171348206],[37.24358157643792,10.106553452598206],[37.231537305604576,10.103949285931535],[37.225677930604576,10.103542384889877],[37.21949303477123,10.104844468223206],[37.20997155039623,10.110215561973206],[37.18604576914623,10.134548244264877],[37.172943555604576,10.168280340619035],[37.18458092539623,10.198757228639877],[37.19963626393792,10.227077541139877],[37.19629967539623,10.254339910931535],[37.18108157643792,10.261542059369035],[37.11378014414623,10.261745509889877],[37.09424889414623,10.268500067181535],[37.07545006602123,10.279364324994035],[37.04615319102123,10.302761134889877],[36.90211022227123,10.330023504681535],[36.86133873789623,10.344549871869035],[36.840912305604576,10.348944403119035],[36.79436282643792,10.351752020306535],[36.783783399354576,10.354437567181535],[36.77442467539623,10.359320379681535],[36.76807701914623,10.365545965619035],[36.76270592539623,10.372097072389877],[36.75676517018792,10.376654364056535],[36.74805748789623,10.377142645306535],[36.723724805604576,10.370184637494035],[36.714447461854576,10.369655666139877],[36.60035240977123,10.379990952598206],[36.554291211854576,10.379339910931535],[36.53443444102123,10.386664129681535],[36.52092532643792,10.405951239056535],[36.51946048268792,10.423447983848206],[36.52239017018792,10.441351629681535],[36.522064649354576,10.458278713014877],[36.51172936289623,10.472845770306535],[36.50041751393792,10.477158921348206],[36.489349805604576,10.475409246869035],[36.43995201914623,10.452093817181535],[36.432709180604576,10.446397202598206],[36.42969811289623,10.437770900514877],[36.43091881602123,10.402777410931535],[36.42701256602123,10.388983465619035],[36.41822350352123,10.381659246869035],[36.39332115977123,10.373806056764877],[36.38111412852123,10.365423895306535],[36.37346438893792,10.353379624473206],[36.36150149831292,10.326605535931535],[36.34522545664623,10.303900457806535],[36.341400586854576,10.295192775514877],[36.339935743104576,10.286647853639877],[36.34001712331292,10.279364324994035],[36.34278405039623,10.256048895306535],[36.34229576914623,10.248073634889877],[36.34074954518792,10.240179754681535],[36.33838951914623,10.232774155723206],[36.33326256602123,10.224473374473206],[36.31983483164623,10.214544989056535],[36.313568555604576,10.207586981244035],[36.30486087331292,10.189235744264877],[36.28850345143792,10.165838934369035],[36.282806836854576,10.160956121869035],[36.26539147227123,10.150173244264877],[36.24634850352123,10.141709702598206],[36.22657311289623,10.137152410931535],[36.20630944102123,10.137518621869035],[36.15455162852123,10.150987046348206],[36.13860110768792,10.151963608848206],[36.126556836854576,10.148871160931535],[36.10401451914623,10.138617254681535],[36.09131920664623,10.136501369264877],[36.07960045664623,10.139024155723206],[36.05616295664623,10.149440822389877],[36.04493248789623,10.150417384889877],[36.03907311289623,10.147569077598206],[36.02922610768792,10.138006903119035],[36.023041211854576,10.134548244264877],[36.01506595143792,10.132595119264877],[36.010834180604576,10.132188218223206],[36.00684655039623,10.132595119264877],[36.00334720143792,10.133978582806535],[35.99854576914623,10.138128973431535],[35.995697461854576,10.139593817181535],[35.98878014414623,10.139715887494035],[35.97942142018792,10.137640692181535],[35.97014407643792,10.134466864056535],[35.96363365977123,10.131170965619035],[35.95850670664623,10.126654364056535],[35.94719485768792,10.109442449994035],[35.94288170664623,10.104681707806535],[35.92872155039623,10.093532619264877],[35.92473392018792,10.086981512494035],[35.92310631602123,10.080389715619035],[35.92212975352123,10.066107489056535],[35.911224805604576,10.044948634889877],[35.889740430604576,10.031073309369035],[35.86418704518792,10.023627020306535],[35.84001712331292,10.021551824994035],[35.81902102956292,10.026149806764877],[35.79590905039623,10.044704494264877],[35.74748782643792,10.054754949994035],[35.73682701914623,10.054470119264877],[35.727631055604576,10.048936265098206],[35.723724805604576,10.039577541139877],[35.72388756602123,10.028428452598206],[35.72649173268792,10.018093166139877],[35.73609459727123,9.995550848431535],[35.73682701914623,9.984401759889877],[35.72901451914623,9.975653387494035],[35.72022545664623,9.972601629681535],[35.69117272227123,9.967474676556535],[35.67701256602123,9.962958074994035],[35.67042076914623,9.963202215619035],[35.66399173268792,9.967149155723206],[35.65943444102123,9.972927150514877],[35.65040123789623,9.993597723431535],[35.64055423268792,10.006618556764877],[35.628021680604576,10.016546942181535],[35.61378014414623,10.023789780723206],[35.59001712331292,10.032741603639877],[35.569916211854576,10.050116278119035],[35.505951368104576,10.089870509889877],[35.49586022227123,10.106960353639877],[35.47730553477123,10.116644598431535],[35.44166100352123,10.130804754681535],[35.43303470143792,10.123561916139877],[35.41553795664623,10.115505275514877],[35.40813235768792,10.110296942181535],[35.398041211854576,10.116563218223206],[35.37671959727123,10.125352280723206],[35.36719811289623,10.130804754681535],[35.36133873789623,10.135565496869035],[35.357025586854576,10.140082098431535],[35.35084069102123,10.149115301556535]]}},{"type":"Feature","properties":{"name":"Albert Nile","orig":"Albert Nile","branch":"main"},"geometry":{"type":"LineString","coordinates":[[31.366709831646233,2.193386134889877],[31.366221550396233,2.193141994264877],[31.365733269146233,2.192816473431535],[31.355235222271233,2.189398504681535],[31.34026126393792,2.201768296348206],[31.333588086854576,2.225409246869035],[31.337168816021233,2.245550848431535],[31.35198001393792,2.274440822389877],[31.368907097271233,2.295436916139877],[31.411224805604576,2.321071681764877],[31.42766360768792,2.326605535931535],[31.451914909771233,2.337673244264877],[31.464121941021233,2.350368556764877],[31.468516472271233,2.366278387494035],[31.47160892018792,2.387477931764877],[31.474701368104576,2.400417384889877]]}},{"type":"Feature","properties":{"name":"Albert Nile","orig":"Albert Nile","branch":"main"},"geometry":{"type":"LineString","coordinates":[[32.01587975352123,3.613633530723206],[32.02287845143792,3.586859442181535],[32.00879967539623,3.578314520306535],[31.958262566021233,3.563421942181535],[31.94719485768792,3.549343166139877],[31.941905144146233,3.527655340619035],[31.92815188893792,3.510280666139877],[31.90837649831292,3.499457098431535],[31.885752800396233,3.497503973431535],[31.87395267018792,3.500596421348206],[31.86174563893792,3.506293035931535],[31.850352409771233,3.513698634889877],[31.841319206646233,3.521673895306535],[31.823252800396233,3.520331121869035],[31.813080274354576,3.522243556764877],[31.813731316021233,3.528876043744035],[31.815196159771233,3.535223699994035],[31.803721550396233,3.533270574994035],[31.782725456646233,3.525417384889877],[31.758311394146233,3.503485418744035],[31.748545769146233,3.497503973431535],[31.725840691021233,3.492702541139877],[31.703868034771233,3.490668035931535],[31.69328860768792,3.486395574994035],[31.686615430604576,3.476996160931535],[31.681651237896233,3.467637436973206],[31.664154493104576,3.453884181764877],[31.657481316021233,3.431708074994035],[31.652598503521233,3.406439520306535],[31.646088086854576,3.387640692181535],[31.61150149831292,3.353135483848206],[31.596934441021233,3.334540106244035],[31.588389519146233,3.300156968223206],[31.58244876393792,3.292547918744035],[31.57561282643792,3.285752671348206],[31.570404493104576,3.278998114056535],[31.56731204518792,3.271185614056535],[31.562998894146233,3.244248765098206],[31.55119876393792,3.201931056764877],[31.512461784771233,3.118679103639877],[31.475596550396233,3.063096421348206],[31.430186394146233,3.014919338014877],[31.41545657643792,2.993923244264877],[31.40227298268792,2.955593166139877],[31.376719597271233,2.903591213014877],[31.367686394146233,2.862819728639877],[31.371104362896233,2.821112371869035],[31.392832878521233,2.785589910931535],[31.412201368104576,2.772080796348206],[31.427338086854576,2.764349676556535],[31.437103711854576,2.752549546348206],[31.44255618581292,2.717311916139877],[31.44670657643792,2.705918686973206],[31.449229362896233,2.693915106244035],[31.447520378521233,2.681911525514877],[31.441986524354576,2.676459051556535],[31.424815300396233,2.667507228639877],[31.419525586854576,2.662054754681535],[31.41643313893792,2.638495184369035],[31.423594597271233,2.617458400514877],[31.43645267018792,2.598822332806535],[31.45061282643792,2.582871811973206],[31.462657097271233,2.562079168744035],[31.477793816021233,2.519232489056535],[31.495209180604576,2.504421291139877],[31.50383548268792,2.505153713014877],[31.51506595143792,2.508734442181535],[31.524668816021233,2.509304103639877],[31.528819206646233,2.501003322389877],[31.527435743104576,2.489772853639877],[31.52336673268792,2.479681707806535],[31.515879753521233,2.472438869264877],[31.504893425396233,2.469671942181535],[31.489838086854576,2.462591864056535],[31.479991081646233,2.445095119264877],[31.47502688893792,2.422634181764877],[31.474864128521233,2.400702215619035]]}}]}